[{"country": "宁波", "infected": 52}, {"country": "台州", "infected": 20}, {"country": "温州", "infected": 12}, {"country": "绍兴", "infected": 3}, {"country": "杭州", "infected": 6}, {"country": "嘉兴", "infected": 5}, {"country": "金华", "infected": 11}, {"country": "湖州", "infected": 2}, {"country": "衢州", "infected": 0}, {"country": "丽水", "infected": 0}, {"country": "舟山", "infected": 0}, {"country": "苏州", "infected": 23}, {"country": "无锡", "infected": 6}, {"country": "常州", "infected": 12}, {"country": "南京", "infected": 4}, {"country": "南通", "infected": 4}, {"country": "扬州", "infected": 3}, {"country": "镇江", "infected": 1}, {"country": "泰州", "infected": 1}, {"country": "徐州", "infected": 0}, {"country": "盐城", "infected": 2}, {"country": "宿迁", "infected": 2}, {"country": "连云港", "infected": 1}, {"country": "淮安", "infected": 1}, {"country": "松江区", "infected": 11}, {"country": "嘉定区", "infected": 8}, {"country": "青浦区", "infected": 3}, {"country": "浦东新区", "infected": 1}, {"country": "闵行区", "infected": 1}, {"country": "宝山区", "infected": 1}, {"country": "金山区", "infected": 3}, {"country": "黄浦区", "infected": 1}, {"country": "普陀区", "infected": 0}, {"country": "徐汇区", "infected": 0}, {"country": "静安区", "infected": 0}, {"country": "杨浦区", "infected": 0}, {"country": "长宁区", "infected": 0}, {"country": "虹口区", "infected": 0}]