[
    {
       "name":"Savvy|Smart|Sexy People Do HTML, CSS, JAVASCRIPT :)",
       "category":"js",
       "score":16.746987951807228,
       "link":"/js",
       "img":"https://picsum.photos/id/117/1544/1024"
    },
    {
       "name":"Learn Exactly How We Made HTML, CSS, JAVASCRIPT Last Month",
       "category":"js",
       "score":13.518072289156626,
       "link":"/js",
       "img":"https://picsum.photos/id/118/1500/1000"
    },
    {
       "name":"10 Ways To Reinvent Your HTML, CSS, JAVASCRIPT",
       "category":"js",
       "score":8.032128514056225,
       "link":"/js",
       "img":"https://picsum.photos/id/119/3264/2176"
    },
    {
       "name":"Ho To (Do) HTML, CSS, JAVASCRIPT Without Leaving Your Office(House).",
       "category":"js",
       "score":7.076305220883534,
       "link":"/js",
       "img":"https://picsum.photos/id/12/2500/1667"
    },
    {
       "name":"4 Ways You Can Grow Your Creativity Using HTML, CSS, JAVASCRIPT",
       "category":"js",
       "score":4.947791164658635,
       "link":"/js",
       "img":"https://picsum.photos/id/120/4928/3264"
    },
    {
       "name":"Quick and Easy Fix For Your HTML, CSS, JAVASCRIPT",
       "category":"css",
       "score":3.2008032128514055,
       "link":"/css",
       "img":"https://picsum.photos/id/121/1600/1067"
    },
    {
       "name":"The Untapped Gold Mine Of HTML, CSS, JAVASCRIPT That Virtually No One Knows About",
       "category":"js",
       "score":3.036144578313253,
       "link":"/js",
       "img":"https://picsum.photos/id/122/4147/2756"
    },
    {
       "name":"Using 7 HTML, CSS, JAVASCRIPT Strategies Like The Pros",
       "category":"html",
       "score":2.0883534136546187,
       "link":"/html",
       "img":"https://picsum.photos/id/123/4928/3264"
    },
    {
       "name":"The Hidden Mystery Behind HTML, CSS, JAVASCRIPT",
       "category":"html",
       "score":1.9879518072289157,
       "link":"/html",
       "img":"https://picsum.photos/id/124/3504/2336"
    },
    {
       "name":"How To Turn HTML, CSS, JAVASCRIPT Into Success",
       "category":"html",
       "score":1.9799196787148594,
       "link":"/html",
       "img":"https://picsum.photos/id/125/1500/1000"
    },
    {
       "name":"15 Lessons About HTML, CSS, JAVASCRIPT You Need To Learn To Succeed",
       "category":"js",
       "score":1.9036144578313252,
       "link":"/js",
       "img":"https://picsum.photos/id/126/4272/2511"
    },
    {
       "name":"HTML, CSS, JAVASCRIPT Is Bound To Make An Impact In Your Business",
       "category":"css",
       "score":1.8795180722891567,
       "link":"/css",
       "img":"https://picsum.photos/id/127/4032/2272"
    },
    {
       "name":"Remarkable Website - HTML, CSS, JAVASCRIPT Will Help You Get There",
       "category":"js",
       "score":1.5903614457831325,
       "link":"/js",
       "img":"https://picsum.photos/id/128/3823/2549"
    },
    {
       "name":"Sexy HTML, CSS, JAVASCRIPT",
       "category":"js",
       "score":1.2811244979919678,
       "link":"/js",
       "img":"https://picsum.photos/id/129/4910/3252"
    },
    {
       "name":"HTML, CSS, JAVASCRIPT Is Essential For Your Success. Read This To Find Out Why",
       "category":"css",
       "score":1.2771084337349397,
       "link":"/css",
       "img":"https://picsum.photos/id/13/2500/1667"
    },
    {
       "name":"The Philosophy Of HTML, CSS, JAVASCRIPT",
       "category":"js",
       "score":1.2730923694779117,
       "link":"/js",
       "img":"https://picsum.photos/id/130/3807/2538"
    },
    {
       "name":"How HTML, CSS, JAVASCRIPT Made Me A Better Salesperson",
       "category":"html",
       "score":1.2449799196787148,
       "link":"/html",
       "img":"https://picsum.photos/id/131/4698/3166"
    },
    {
       "name":"HTML, CSS, JAVASCRIPT: An Incredibly Easy Method That Works For All",
       "category":"html",
       "score":1.2409638554216869,
       "link":"/html",
       "img":"https://picsum.photos/id/132/1600/1066"
    },
    {
       "name":"Master (Your) HTML, CSS, JAVASCRIPT in 5 Minutes A Day",
       "category":"html",
       "score":1.2409638554216869,
       "link":"/html",
       "img":"https://picsum.photos/id/133/2742/1828"
    },
    {
       "name":"Secrets To HTML, CSS, JAVASCRIPT – Even In This Down Economy",
       "category":"html",
       "score":1.108433734939759,
       "link":"/html",
       "img":"https://picsum.photos/id/134/4928/3264"
    },
    {
       "name":"How To Quit HTML, CSS, JAVASCRIPT In 5 Days",
       "category":"html",
       "score":1.104417670682731,
       "link":"/html",
       "img":"https://picsum.photos/id/135/2560/1920"
    },
    {
       "name":"Secrets To Getting HTML, CSS, JAVASCRIPT To Complete Tasks Quickly And Efficiently",
       "category":"css",
       "score":0.963855421686747,
       "link":"/css",
       "img":"https://picsum.photos/id/136/4032/2272"
    },
    {
       "name":"Why Some People Almost Always Make/Save Money With HTML, CSS, JAVASCRIPT",
       "category":"html",
       "score":0.9317269076305221,
       "link":"/html",
       "img":"https://picsum.photos/id/137/4752/3168"
    },
    {
       "name":"5 Secrets: How To Use HTML, CSS, JAVASCRIPT To Create A Successful Business(Product)",
       "category":"js",
       "score":0.8313253012048193,
       "link":"/js",
       "img":"https://picsum.photos/id/139/3465/3008"
    },
    {
       "name":"HTML, CSS, JAVASCRIPT And The Chuck Norris Effect",
       "category":"css",
       "score":0.7991967871485943,
       "link":"/css",
       "img":"https://picsum.photos/id/14/2500/1667"
    },
    {
       "name":"Get Rid of HTML, CSS, JAVASCRIPT For Good",
       "category":"js",
       "score":0.7710843373493976,
       "link":"/js",
       "img":"https://picsum.photos/id/140/2448/2448"
    },
    {
       "name":"Avoid The Top 10 HTML, CSS, JAVASCRIPT Mistakes",
       "category":"css",
       "score":0.6746987951807228,
       "link":"/css",
       "img":"https://picsum.photos/id/141/2048/1365"
    },
    {
       "name":"HTML, CSS, JAVASCRIPT Expert Interview",
       "category":"js",
       "score":0.6546184738955824,
       "link":"/js",
       "img":"https://picsum.photos/id/142/4272/2848"
    },
    {
       "name":"Could This Report Be The Definitive Answer To Your HTML, CSS, JAVASCRIPT?",
       "category":"html",
       "score":0.6506024096385542,
       "link":"/html",
       "img":"https://picsum.photos/id/143/3600/2385"
    },
    {
       "name":"5 Surefire Ways HTML, CSS, JAVASCRIPT Will Drive Your Business Into The Ground",
       "category":"css",
       "score":0.570281124497992,
       "link":"/css",
       "img":"https://picsum.photos/id/144/4912/2760"
    },
    {
       "name":"Marriage And HTML, CSS, JAVASCRIPT Have More In Common Than You Think",
       "category":"css",
       "score":0.5542168674698795,
       "link":"/css",
       "img":"https://picsum.photos/id/145/4288/2848"
    },
    {
       "name":"Why HTML, CSS, JAVASCRIPT Is No Friend To Small Business",
       "category":"html",
       "score":0.5301204819277109,
       "link":"/html",
       "img":"https://picsum.photos/id/146/5184/3456"
    },
    {
       "name":"Some People Excel At HTML, CSS, JAVASCRIPT And Some Don't - Which One Are You?",
       "category":"js",
       "score":0.5220883534136547,
       "link":"/js",
       "img":"https://picsum.photos/id/147/2448/2448"
    },
    {
       "name":"SuperEasy Ways To Learn Everything About HTML, CSS, JAVASCRIPT",
       "category":"css",
       "score":0.5220883534136547,
       "link":"/css",
       "img":"https://picsum.photos/id/149/3454/2288"
    },
    {
       "name":"Do HTML, CSS, JAVASCRIPT Better Than Barack Obama",
       "category":"html",
       "score":0.5060240963855421,
       "link":"/html",
       "img":"https://picsum.photos/id/15/2500/1667"
    },
    {
       "name":"Why My HTML, CSS, JAVASCRIPT Is Better Than Yours",
       "category":"html",
       "score":0.5020080321285141,
       "link":"/html",
       "img":"https://picsum.photos/id/151/4288/3216"
    },
    {
       "name":"9 Ridiculous Rules About HTML, CSS, JAVASCRIPT",
       "category":"js",
       "score":0.4939759036144578,
       "link":"/js",
       "img":"https://picsum.photos/id/152/3888/2592"
    },
    {
       "name":"HTML, CSS, JAVASCRIPT Made Simple - Even Your Kids Can Do It",
       "category":"js",
       "score":0.4819277108433735,
       "link":"/js",
       "img":"https://picsum.photos/id/153/4763/3155"
    },
    {
       "name":"Listen To Your Customers. They Will Tell You All About HTML, CSS, JAVASCRIPT",
       "category":"html",
       "score":0.44176706827309237,
       "link":"/html",
       "img":"https://picsum.photos/id/154/3264/2176"
    },
    {
       "name":"Who Else Wants To Enjoy HTML, CSS, JAVASCRIPT",
       "category":"html",
       "score":0.42971887550200805,
       "link":"/html",
       "img":"https://picsum.photos/id/155/3264/2176"
    },
    {
       "name":"Open The Gates For HTML, CSS, JAVASCRIPT By Using These Simple Tips",
       "category":"html",
       "score":0.39759036144578314,
       "link":"/html",
       "img":"https://picsum.photos/id/156/2177/3264"
    },
    {
       "name":"If You Do Not (Do)HTML, CSS, JAVASCRIPT Now, You Will Hate Yourself Later",
       "category":"css",
       "score":0.3895582329317269,
       "link":"/css",
       "img":"https://picsum.photos/id/157/6211/4862"
    },
    {
       "name":"Where Can You Find Free HTML, CSS, JAVASCRIPT Resources",
       "category":"js",
       "score":0.36947791164658633,
       "link":"/js",
       "img":"https://picsum.photos/id/158/4836/3224"
    },
    {
       "name":"7 Easy Ways To Make HTML, CSS, JAVASCRIPT Faster",
       "category":"html",
       "score":0.3172690763052209,
       "link":"/html",
       "img":"https://picsum.photos/id/159/5184/2551"
    },
    {
       "name":"Here Is A Method That Is Helping HTML, CSS, JAVASCRIPT",
       "category":"html",
       "score":0.3172690763052209,
       "link":"/html",
       "img":"https://picsum.photos/id/16/2500/1667"
    },
    {
       "name":"How I Improved My HTML, CSS, JAVASCRIPT In One Easy Lesson",
       "category":"html",
       "score":0.3172690763052209,
       "link":"/html",
       "img":"https://picsum.photos/id/160/3200/2119"
    },
    {
       "name":"The Lazy Man's Guide To HTML, CSS, JAVASCRIPT",
       "category":"html",
       "score":0.30522088353413657,
       "link":"/html",
       "img":"https://picsum.photos/id/161/4240/2832"
    },
    {
       "name":"Here's A Quick Way To Solve A Problem with HTML, CSS, JAVASCRIPT",
       "category":"js",
       "score":0.30522088353413657,
       "link":"/js",
       "img":"https://picsum.photos/id/162/1500/998"
    },
    {
       "name":"3 Ways Twitter Destroyed My HTML, CSS, JAVASCRIPT Without Me Noticing",
       "category":"js",
       "score":0.30120481927710846,
       "link":"/js",
       "img":"https://picsum.photos/id/163/2000/1333"
    },
    {
       "name":"3 Tips About HTML, CSS, JAVASCRIPT You Can't Afford To Miss",
       "category":"css",
       "score":0.30120481927710846,
       "link":"/css",
       "img":"https://picsum.photos/id/164/1200/800"
    },
    {
       "name":"What You Can Learn From Bill Gates About HTML, CSS, JAVASCRIPT",
       "category":"html",
       "score":0.285140562248996,
       "link":"/html",
       "img":"https://picsum.photos/id/165/2000/1333"
    },
    {
       "name":"You Can Thank Us Later - 3 Reasons To Stop Thinking About HTML, CSS, JAVASCRIPT",
       "category":"js",
       "score":0.26506024096385544,
       "link":"/js",
       "img":"https://picsum.photos/id/166/1280/720"
    },
    {
       "name":"7 and a Half Very Simple Things You Can Do To Save HTML, CSS, JAVASCRIPT",
       "category":"js",
       "score":0.26506024096385544,
       "link":"/js",
       "img":"https://picsum.photos/id/167/2896/1944"
    },
    {
       "name":"Why HTML, CSS, JAVASCRIPT Succeeds",
       "category":"html",
       "score":0.25301204819277107,
       "link":"/html",
       "img":"https://picsum.photos/id/168/1920/1280"
    },
    {
       "name":"How To Save Money with HTML, CSS, JAVASCRIPT?",
       "category":"css",
       "score":0.24497991967871485,
       "link":"/css",
       "img":"https://picsum.photos/id/169/2500/1662"
    },
    {
       "name":"Revolutionize Your HTML, CSS, JAVASCRIPT With These Easy-peasy Tips",
       "category":"js",
       "score":0.24096385542168675,
       "link":"/js",
       "img":"https://picsum.photos/id/17/2500/1667"
    },
    {
       "name":"You Don't Have To Be A Big Corporation To Start HTML, CSS, JAVASCRIPT",
       "category":"css",
       "score":0.24096385542168675,
       "link":"/css",
       "img":"https://picsum.photos/id/170/2500/1667"
    },
    {
       "name":"5 Brilliant Ways To Teach Your Audience About HTML, CSS, JAVASCRIPT",
       "category":"js",
       "score":0.24096385542168675,
       "link":"/js",
       "img":"https://picsum.photos/id/171/2048/1536"
    },
    {
       "name":"Sick And Tired Of Doing HTML, CSS, JAVASCRIPT The Old Way? Read This",
       "category":"html",
       "score":0.2289156626506024,
       "link":"/html",
       "img":"https://picsum.photos/id/172/2000/1325"
    },
    {
       "name":"Everything You Wanted to Know About HTML, CSS, JAVASCRIPT and Were Too Embarrassed to Ask",
       "category":"css",
       "score":0.2248995983935743,
       "link":"/css",
       "img":"https://picsum.photos/id/173/1200/737"
    },
    {
       "name":"What Can Instagramm Teach You About HTML, CSS, JAVASCRIPT",
       "category":"js",
       "score":0.2248995983935743,
       "link":"/js",
       "img":"https://picsum.photos/id/174/1600/589"
    },
    {
       "name":"You Will Thank Us - 10 Tips About HTML, CSS, JAVASCRIPT You Need To Know",
       "category":"css",
       "score":0.2248995983935743,
       "link":"/css",
       "img":"https://picsum.photos/id/175/2896/1944"
    },
    {
       "name":"Take 10 Minutes to Get Started With HTML, CSS, JAVASCRIPT",
       "category":"html",
       "score":0.22088353413654618,
       "link":"/html",
       "img":"https://picsum.photos/id/176/2500/1662"
    },
    {
       "name":"To People That Want To Start HTML, CSS, JAVASCRIPT But Are Affraid To Get Started",
       "category":"js",
       "score":0.21686746987951808,
       "link":"/js",
       "img":"https://picsum.photos/id/177/2515/1830"
    },
    {
       "name":"A Guide To HTML, CSS, JAVASCRIPT At Any Age",
       "category":"js",
       "score":0.21285140562248997,
       "link":"/js",
       "img":"https://picsum.photos/id/178/2592/1936"
    },
    {
       "name":"5 Best Ways To Sell HTML, CSS, JAVASCRIPT",
       "category":"css",
       "score":0.21285140562248997,
       "link":"/css",
       "img":"https://picsum.photos/id/179/2048/1365"
    },
    {
       "name":"Succeed With HTML, CSS, JAVASCRIPT In 24 Hours",
       "category":"css",
       "score":0.20883534136546184,
       "link":"/css",
       "img":"https://picsum.photos/id/18/2500/1667"
    },
    {
       "name":"3 Ways To Master HTML, CSS, JAVASCRIPT Without Breaking A Sweat",
       "category":"js",
       "score":0.20883534136546184,
       "link":"/js",
       "img":"https://picsum.photos/id/180/2400/1600"
    },
    {
       "name":"10 Secret Things You Didn't Know About HTML, CSS, JAVASCRIPT",
       "category":"css",
       "score":0.18473895582329317,
       "link":"/css",
       "img":"https://picsum.photos/id/181/1920/1189"
    },
    {
       "name":"HTML, CSS, JAVASCRIPT Iphone Apps",
       "category":"css",
       "score":0.18072289156626506,
       "link":"/css",
       "img":"https://picsum.photos/id/182/2896/1944"
    },
    {
       "name":"Don't Just Sit There! Start HTML, CSS, JAVASCRIPT",
       "category":"html",
       "score":0.18072289156626506,
       "link":"/html",
       "img":"https://picsum.photos/id/183/2316/1544"
    },
    {
       "name":"Why Most People Will Never Be Great At HTML, CSS, JAVASCRIPT",
       "category":"js",
       "score":0.17670682730923695,
       "link":"/js",
       "img":"https://picsum.photos/id/184/4288/2848"
    },
    {
       "name":"5 Easy Ways You Can Turn HTML, CSS, JAVASCRIPT Into Success",
       "category":"html",
       "score":0.17670682730923695,
       "link":"/html",
       "img":"https://picsum.photos/id/185/3995/2662"
    },
    {
       "name":"HTML, CSS, JAVASCRIPT Smackdown!",
       "category":"css",
       "score":0.17670682730923695,
       "link":"/css",
       "img":"https://picsum.photos/id/186/2048/1275"
    },
    {
       "name":"Why I Hate HTML, CSS, JAVASCRIPT",
       "category":"js",
       "score":0.17670682730923695,
       "link":"/js",
       "img":"https://picsum.photos/id/187/4000/2667"
    },
    {
       "name":"3 Things Everyone Knows About HTML, CSS, JAVASCRIPT That You Don't",
       "category":"css",
       "score":0.17269076305220885,
       "link":"/css",
       "img":"https://picsum.photos/id/188/2896/1936"
    },
    {
       "name":"Your Key To Success: HTML, CSS, JAVASCRIPT",
       "category":"js",
       "score":0.17269076305220885,
       "link":"/js",
       "img":"https://picsum.photos/id/189/2048/1536"
    },
    {
       "name":"Being A Star In Your Industry Is A Matter Of HTML, CSS, JAVASCRIPT",
       "category":"js",
       "score":0.1686746987951807,
       "link":"/js",
       "img":"https://picsum.photos/id/19/2500/1667"
    },
    {
       "name":"Everything You Wanted to Know About HTML, CSS, JAVASCRIPT and Were Afraid To Ask",
       "category":"html",
       "score":0.1566265060240964,
       "link":"/html",
       "img":"https://picsum.photos/id/190/2048/1365"
    },
    {
       "name":"15 Unheard Ways To Achieve Greater HTML, CSS, JAVASCRIPT",
       "category":"js",
       "score":0.1566265060240964,
       "link":"/js",
       "img":"https://picsum.photos/id/191/2560/1707"
    },
    {
       "name":"Answered: Your Most Burning Questions About HTML, CSS, JAVASCRIPT",
       "category":"html",
       "score":0.15261044176706828,
       "link":"/html",
       "img":"https://picsum.photos/id/192/2352/2352"
    },
    {
       "name":"Why Ignoring HTML, CSS, JAVASCRIPT Will Cost You Time and Sales",
       "category":"css",
       "score":0.15261044176706828,
       "link":"/css",
       "img":"https://picsum.photos/id/193/3578/2451"
    },
    {
       "name":"What Make HTML, CSS, JAVASCRIPT Don't Want You To Know",
       "category":"html",
       "score":0.13253012048192772,
       "link":"/html",
       "img":"https://picsum.photos/id/194/2000/1325"
    },
    {
       "name":"How You Can (Do) HTML, CSS, JAVASCRIPT Almost Instantly",
       "category":"html",
       "score":0.13253012048192772,
       "link":"/html",
       "img":"https://picsum.photos/id/195/768/1024"
    },
    {
       "name":"Can You Really Find HTML, CSS, JAVASCRIPT (on the Web)?",
       "category":"js",
       "score":0.1285140562248996,
       "link":"/js",
       "img":"https://picsum.photos/id/196/2048/1536"
    },
    {
       "name":"Lies And Damn Lies About HTML, CSS, JAVASCRIPT",
       "category":"css",
       "score":0.1285140562248996,
       "link":"/css",
       "img":"https://picsum.photos/id/197/4272/2848"
    },
    {
       "name":"How To Win Buyers And Influence Sales with HTML, CSS, JAVASCRIPT",
       "category":"html",
       "score":0.1285140562248996,
       "link":"/html",
       "img":"https://picsum.photos/id/198/3456/2304"
    },
    {
       "name":"The Single Most Important Thing You Need To Know About HTML, CSS, JAVASCRIPT",
       "category":"css",
       "score":0.12449799196787148,
       "link":"/css",
       "img":"https://picsum.photos/id/199/2592/1728"
    },
    {
       "name":"HTML, CSS, JAVASCRIPT Shortcuts - The Easy Way",
       "category":"html",
       "score":0.12449799196787148,
       "link":"/html",
       "img":"https://picsum.photos/id/2/5616/3744"
    },
    {
       "name":"Believe In Your HTML, CSS, JAVASCRIPT Skills But Never Stop Improving",
       "category":"css",
       "score":0.12449799196787148,
       "link":"/css",
       "img":"https://picsum.photos/id/20/3670/2462"
    },
    {
       "name":"The Number One Reason You Should (Do) HTML, CSS, JAVASCRIPT",
       "category":"js",
       "score":0.12048192771084337,
       "link":"/js",
       "img":"https://picsum.photos/id/200/1920/1280"
    },
    {
       "name":"How To Handle Every HTML, CSS, JAVASCRIPT Challenge With Ease Using These Tips",
       "category":"css",
       "score":0.10843373493975904,
       "link":"/css",
       "img":"https://picsum.photos/id/201/5184/3456"
    },
    {
       "name":"How To Deal With(A) Very Bad HTML, CSS, JAVASCRIPT",
       "category":"js",
       "score":0.10441767068273092,
       "link":"/js",
       "img":"https://picsum.photos/id/202/2392/1260"
    },
    {
       "name":"The A - Z Guide Of HTML, CSS, JAVASCRIPT",
       "category":"js",
       "score":0.0963855421686747,
       "link":"/js",
       "img":"https://picsum.photos/id/203/4032/3024"
    },
    {
       "name":"The Ultimate Secret Of HTML, CSS, JAVASCRIPT",
       "category":"html",
       "score":0.0963855421686747,
       "link":"/html",
       "img":"https://picsum.photos/id/204/5184/3456"
    },
    {
       "name":"Take The Stress Out Of HTML, CSS, JAVASCRIPT",
       "category":"js",
       "score":0.09236947791164658,
       "link":"/js",
       "img":"https://picsum.photos/id/206/2880/1800"
    },
    {
       "name":"5 Actionable Tips on HTML, CSS, JAVASCRIPT And Twitter.",
       "category":"html",
       "score":0.09236947791164658,
       "link":"/html",
       "img":"https://picsum.photos/id/208/2002/1280"
    },
    {
       "name":"Apply These 5 Secret Techniques To Improve HTML, CSS, JAVASCRIPT",
       "category":"html",
       "score":0.09236947791164658,
       "link":"/html",
       "img":"https://picsum.photos/id/209/1920/1280"
    },
    {
       "name":"Who Else Wants To Know The Mystery Behind HTML, CSS, JAVASCRIPT?",
       "category":"css",
       "score":0.08835341365461848,
       "link":"/css",
       "img":"https://picsum.photos/id/21/3008/2008"
    },
    {
       "name":"The HTML, CSS, JAVASCRIPT That Wins Customers",
       "category":"js",
       "score":0.08433734939759036,
       "link":"/js",
       "img":"https://picsum.photos/id/210/1920/1280"
    },
    {
       "name":"13 Myths About HTML, CSS, JAVASCRIPT",
       "category":"js",
       "score":0.08032128514056225,
       "link":"/js",
       "img":"https://picsum.photos/id/117/1544/1024"
    },
    {
       "name":"Want A Thriving Business? Focus On HTML, CSS, JAVASCRIPT!",
       "category":"js",
       "score":0.08032128514056225,
       "link":"/js",
       "img":"https://picsum.photos/id/118/1500/1000"
    },
    {
       "name":"Have You Heard? HTML, CSS, JAVASCRIPT Is Your Best Bet To Grow",
       "category":"html",
       "score":0.08032128514056225,
       "link":"/html",
       "img":"https://picsum.photos/id/119/3264/2176"
    },
    {
       "name":"Avoid The Top 10 Mistakes Made By Beginning HTML, CSS, JAVASCRIPT",
       "category":"css",
       "score":0.07630522088353414,
       "link":"/css",
       "img":"https://picsum.photos/id/12/2500/1667"
    },
    {
       "name":"5 Romantic HTML, CSS, JAVASCRIPT ",
       "category":"js",
       "score":0.07630522088353414,
       "link":"/js",
       "img":"https://picsum.photos/id/120/4928/3264"
    },
    {
       "name":"Learn How To Start HTML, CSS, JAVASCRIPT",
       "category":"html",
       "score":0.07228915662650602,
       "link":"/html",
       "img":"https://picsum.photos/id/121/1600/1067"
    },
    {
       "name":"How To Get (A) Fabulous HTML, CSS, JAVASCRIPT On A Tight Budget",
       "category":"js",
       "score":0.07228915662650602,
       "link":"/js",
       "img":"https://picsum.photos/id/122/4147/2756"
    },
    {
       "name":"Never Changing HTML, CSS, JAVASCRIPT Will Eventually Destroy You",
       "category":"css",
       "score":0.07228915662650602,
       "link":"/css",
       "img":"https://picsum.photos/id/123/4928/3264"
    },
    {
       "name":"How I Improved My HTML, CSS, JAVASCRIPT In One Day",
       "category":"css",
       "score":0.07228915662650602,
       "link":"/css",
       "img":"https://picsum.photos/id/124/3504/2336"
    },
    {
       "name":"How To Find The Right HTML, CSS, JAVASCRIPT For Your Specific Product(Service)",
       "category":"css",
       "score":0.07228915662650602,
       "link":"/css",
       "img":"https://picsum.photos/id/125/1500/1000"
    },
    {
       "name":"HTML, CSS, JAVASCRIPT? It's Easy If You Do It Smart",
       "category":"js",
       "score":0.06827309236947791,
       "link":"/js",
       "img":"https://picsum.photos/id/126/4272/2511"
    },
    {
       "name":"3 Ways You Can Reinvent HTML, CSS, JAVASCRIPT Without Looking Like An Amateur",
       "category":"css",
       "score":0.0642570281124498,
       "link":"/css",
       "img":"https://picsum.photos/id/127/4032/2272"
    },
    {
       "name":"Rules Not To Follow About HTML, CSS, JAVASCRIPT",
       "category":"html",
       "score":0.060240963855421686,
       "link":"/html",
       "img":"https://picsum.photos/id/128/3823/2549"
    },
    {
       "name":"Proof That HTML, CSS, JAVASCRIPT Is Exactly What You Are Looking For",
       "category":"css",
       "score":0.05622489959839357,
       "link":"/css",
       "img":"https://picsum.photos/id/129/4910/3252"
    },
    {
       "name":"Improve(Increase) Your HTML, CSS, JAVASCRIPT In 3 Days",
       "category":"html",
       "score":0.05622489959839357,
       "link":"/html",
       "img":"https://picsum.photos/id/13/2500/1667"
    },
    {
       "name":"HTML, CSS, JAVASCRIPT: Do You Really Need It? This Will Help You Decide!",
       "category":"js",
       "score":0.05622489959839357,
       "link":"/js",
       "img":"https://picsum.photos/id/130/3807/2538"
    },
    {
       "name":"How To Learn HTML, CSS, JAVASCRIPT",
       "category":"js",
       "score":0.05622489959839357,
       "link":"/js",
       "img":"https://picsum.photos/id/131/4698/3166"
    },
    {
       "name":"Interesting Facts I Bet You Never Knew About HTML, CSS, JAVASCRIPT",
       "category":"css",
       "score":0.05622489959839357,
       "link":"/css",
       "img":"https://picsum.photos/id/132/1600/1066"
    },
    {
       "name":"The Secrets To Finding World Class Tools For Your HTML, CSS, JAVASCRIPT Quickly",
       "category":"html",
       "score":0.05622489959839357,
       "link":"/html",
       "img":"https://picsum.photos/id/133/2742/1828"
    },
    {
       "name":"Now You Can Buy An App That is Really Made For HTML, CSS, JAVASCRIPT",
       "category":"js",
       "score":0.05220883534136546,
       "link":"/js",
       "img":"https://picsum.photos/id/134/4928/3264"
    },
    {
       "name":"3 Mistakes In HTML, CSS, JAVASCRIPT That Make You Look Dumb",
       "category":"js",
       "score":0.05220883534136546,
       "link":"/js",
       "img":"https://picsum.photos/id/135/2560/1920"
    },
    {
       "name":"Now You Can Have The HTML, CSS, JAVASCRIPT Of Your Dreams – Cheaper/Faster Than You Ever Imagined",
       "category":"html",
       "score":0.05220883534136546,
       "link":"/html",
       "img":"https://picsum.photos/id/136/4032/2272"
    },
    {
       "name":"Wondering How To Make Your HTML, CSS, JAVASCRIPT Rock? Read This!",
       "category":"js",
       "score":0.05220883534136546,
       "link":"/js",
       "img":"https://picsum.photos/id/137/4752/3168"
    },
    {
       "name":"Clear And Unbiased Facts About HTML, CSS, JAVASCRIPT (Without All the Hype)",
       "category":"css",
       "score":0.04819277108433735,
       "link":"/css",
       "img":"https://picsum.photos/id/139/3465/3008"
    },
    {
       "name":"Little Known Ways To Rid Yourself Of HTML, CSS, JAVASCRIPT",
       "category":"css",
       "score":0.04819277108433735,
       "link":"/css",
       "img":"https://picsum.photos/id/14/2500/1667"
    },
    {
       "name":"How To Sell HTML, CSS, JAVASCRIPT",
       "category":"css",
       "score":0.04819277108433735,
       "link":"/css",
       "img":"https://picsum.photos/id/140/2448/2448"
    },
    {
       "name":"A Surprising Tool To Help You HTML, CSS, JAVASCRIPT",
       "category":"html",
       "score":0.04819277108433735,
       "link":"/html",
       "img":"https://picsum.photos/id/141/2048/1365"
    },
    {
       "name":"Fear? Not If You Use HTML, CSS, JAVASCRIPT The Right Way!",
       "category":"html",
       "score":0.04819277108433735,
       "link":"/html",
       "img":"https://picsum.photos/id/142/4272/2848"
    },
    {
       "name":"Top 10 Tips With HTML, CSS, JAVASCRIPT",
       "category":"html",
       "score":0.04819277108433735,
       "link":"/html",
       "img":"https://picsum.photos/id/143/3600/2385"
    },
    {
       "name":"Learn Exactly How I Improved HTML, CSS, JAVASCRIPT In 2 Days",
       "category":"css",
       "score":0.04417670682730924,
       "link":"/css",
       "img":"https://picsum.photos/id/144/4912/2760"
    },
    {
       "name":"27 Ways To Improve HTML, CSS, JAVASCRIPT",
       "category":"js",
       "score":0.04417670682730924,
       "link":"/js",
       "img":"https://picsum.photos/id/145/4288/2848"
    },
    {
       "name":"How We Improved Our HTML, CSS, JAVASCRIPT In One Week(Month, Day)",
       "category":"css",
       "score":0.04417670682730924,
       "link":"/css",
       "img":"https://picsum.photos/id/146/5184/3456"
    },
    {
       "name":"HTML, CSS, JAVASCRIPT Is Crucial To Your Business. Learn Why!",
       "category":"css",
       "score":0.040160642570281124,
       "link":"/css",
       "img":"https://picsum.photos/id/147/2448/2448"
    },
    {
       "name":"5 Ways You Can Get More HTML, CSS, JAVASCRIPT While Spending Less",
       "category":"js",
       "score":0.040160642570281124,
       "link":"/js",
       "img":"https://picsum.photos/id/149/3454/2288"
    },
    {
       "name":"The Untold Secret To HTML, CSS, JAVASCRIPT In Less Than Ten Minutes",
       "category":"html",
       "score":0.040160642570281124,
       "link":"/html",
       "img":"https://picsum.photos/id/15/2500/1667"
    },
    {
       "name":"Essential HTML, CSS, JAVASCRIPT Smartphone Apps",
       "category":"js",
       "score":0.040160642570281124,
       "link":"/js",
       "img":"https://picsum.photos/id/151/4288/3216"
    },
    {
       "name":"Guaranteed No Stress HTML, CSS, JAVASCRIPT",
       "category":"html",
       "score":0.040160642570281124,
       "link":"/html",
       "img":"https://picsum.photos/id/152/3888/2592"
    },
    {
       "name":"Winning Tactics For HTML, CSS, JAVASCRIPT",
       "category":"js",
       "score":0.040160642570281124,
       "link":"/js",
       "img":"https://picsum.photos/id/153/4763/3155"
    },
    {
       "name":"HTML, CSS, JAVASCRIPT Your Way To Success",
       "category":"js",
       "score":0.040160642570281124,
       "link":"/js",
       "img":"https://picsum.photos/id/154/3264/2176"
    },
    {
       "name":"How To Make Your HTML, CSS, JAVASCRIPT Look Amazing In 5 Days",
       "category":"css",
       "score":0.040160642570281124,
       "link":"/css",
       "img":"https://picsum.photos/id/155/3264/2176"
    },
    {
       "name":"Best Make HTML, CSS, JAVASCRIPT You Will Read This Year (in 2015)",
       "category":"html",
       "score":0.03614457831325301,
       "link":"/html",
       "img":"https://picsum.photos/id/156/2177/3264"
    },
    {
       "name":"The Ultimate Guide To HTML, CSS, JAVASCRIPT",
       "category":"html",
       "score":0.03614457831325301,
       "link":"/html",
       "img":"https://picsum.photos/id/157/6211/4862"
    },
    {
       "name":"HTML, CSS, JAVASCRIPT And Love Have 4 Things In Common",
       "category":"js",
       "score":0.03614457831325301,
       "link":"/js",
       "img":"https://picsum.photos/id/158/4836/3224"
    },
    {
       "name":"The Lazy Way To HTML, CSS, JAVASCRIPT",
       "category":"js",
       "score":0.03614457831325301,
       "link":"/js",
       "img":"https://picsum.photos/id/159/5184/2551"
    },
    {
       "name":"Need More Time? Read These Tips To Eliminate HTML, CSS, JAVASCRIPT",
       "category":"css",
       "score":0.03614457831325301,
       "link":"/css",
       "img":"https://picsum.photos/id/16/2500/1667"
    },
    {
       "name":"Find Out Now, What Should You Do For Fast HTML, CSS, JAVASCRIPT?",
       "category":"html",
       "score":0.03614457831325301,
       "link":"/html",
       "img":"https://picsum.photos/id/160/3200/2119"
    },
    {
       "name":"Beware The HTML, CSS, JAVASCRIPT Scam",
       "category":"html",
       "score":0.0321285140562249,
       "link":"/html",
       "img":"https://picsum.photos/id/161/4240/2832"
    },
    {
       "name":"What Can You Do About HTML, CSS, JAVASCRIPT Right Now",
       "category":"css",
       "score":0.0321285140562249,
       "link":"/css",
       "img":"https://picsum.photos/id/162/1500/998"
    },
    {
       "name":"Now You Can Have Your HTML, CSS, JAVASCRIPT Done Safely",
       "category":"js",
       "score":0.0321285140562249,
       "link":"/js",
       "img":"https://picsum.photos/id/163/2000/1333"
    },
    {
       "name":"There’s Big Money In HTML, CSS, JAVASCRIPT",
       "category":"html",
       "score":0.0321285140562249,
       "link":"/html",
       "img":"https://picsum.photos/id/164/1200/800"
    },
    {
       "name":"Are You Making These HTML, CSS, JAVASCRIPT Mistakes?",
       "category":"css",
       "score":0.0321285140562249,
       "link":"/css",
       "img":"https://picsum.photos/id/165/2000/1333"
    },
    {
       "name":"5 Ways To Get Through To Your HTML, CSS, JAVASCRIPT",
       "category":"js",
       "score":0.0321285140562249,
       "link":"/js",
       "img":"https://picsum.photos/id/166/1280/720"
    },
    {
       "name":"Old School HTML, CSS, JAVASCRIPT",
       "category":"html",
       "score":0.0321285140562249,
       "link":"/html",
       "img":"https://picsum.photos/id/167/2896/1944"
    },
    {
       "name":"In 10 Minutes, I'll Give You The Truth About HTML, CSS, JAVASCRIPT",
       "category":"js",
       "score":0.028112449799196786,
       "link":"/js",
       "img":"https://picsum.photos/id/168/1920/1280"
    },
    {
       "name":"Little Known Ways to HTML, CSS, JAVASCRIPT",
       "category":"css",
       "score":0.028112449799196786,
       "link":"/css",
       "img":"https://picsum.photos/id/169/2500/1662"
    },
    {
       "name":"HTML, CSS, JAVASCRIPT Adventures",
       "category":"css",
       "score":0.028112449799196786,
       "link":"/css",
       "img":"https://picsum.photos/id/17/2500/1667"
    },
    {
       "name":"How To Teach HTML, CSS, JAVASCRIPT Better Than Anyone Else",
       "category":"css",
       "score":0.028112449799196786,
       "link":"/css",
       "img":"https://picsum.photos/id/170/2500/1667"
    },
    {
       "name":"How To Take The Headache Out Of HTML, CSS, JAVASCRIPT",
       "category":"js",
       "score":0.028112449799196786,
       "link":"/js",
       "img":"https://picsum.photos/id/171/2048/1536"
    },
    {
       "name":"This Study Will Perfect Your HTML, CSS, JAVASCRIPT: Read Or Miss Out",
       "category":"js",
       "score":0.028112449799196786,
       "link":"/js",
       "img":"https://picsum.photos/id/172/2000/1325"
    },
    {
       "name":"15 Tips For HTML, CSS, JAVASCRIPT Success",
       "category":"css",
       "score":0.028112449799196786,
       "link":"/css",
       "img":"https://picsum.photos/id/173/1200/737"
    },
    {
       "name":"3 HTML, CSS, JAVASCRIPT Secrets You Never Knew",
       "category":"html",
       "score":0.028112449799196786,
       "link":"/html",
       "img":"https://picsum.photos/id/174/1600/589"
    },
    {
       "name":"The Quickest & Easiest Way To HTML, CSS, JAVASCRIPT",
       "category":"html",
       "score":0.028112449799196786,
       "link":"/html",
       "img":"https://picsum.photos/id/175/2896/1944"
    },
    {
       "name":"Double Your Profit With These 5 Tips on HTML, CSS, JAVASCRIPT",
       "category":"js",
       "score":0.028112449799196786,
       "link":"/js",
       "img":"https://picsum.photos/id/176/2500/1662"
    },
    {
       "name":"12 Questions Answered About HTML, CSS, JAVASCRIPT",
       "category":"js",
       "score":0.028112449799196786,
       "link":"/js",
       "img":"https://picsum.photos/id/177/2515/1830"
    },
    {
       "name":"Should Fixing HTML, CSS, JAVASCRIPT Take 60 Steps?",
       "category":"html",
       "score":0.028112449799196786,
       "link":"/html",
       "img":"https://picsum.photos/id/178/2592/1936"
    },
    {
       "name":"What Zombies Can Teach You About HTML, CSS, JAVASCRIPT",
       "category":"css",
       "score":0.028112449799196786,
       "link":"/css",
       "img":"https://picsum.photos/id/179/2048/1365"
    },
    {
       "name":"11 Methods Of HTML, CSS, JAVASCRIPT Domination",
       "category":"css",
       "score":0.028112449799196786,
       "link":"/css",
       "img":"https://picsum.photos/id/18/2500/1667"
    },
    {
       "name":"Why Everything You Know About HTML, CSS, JAVASCRIPT Is A Lie",
       "category":"css",
       "score":0.028112449799196786,
       "link":"/css",
       "img":"https://picsum.photos/id/180/2400/1600"
    },
    {
       "name":"At Last, The Secret To HTML, CSS, JAVASCRIPT Is Revealed",
       "category":"css",
       "score":0.028112449799196786,
       "link":"/css",
       "img":"https://picsum.photos/id/181/1920/1189"
    },
    {
       "name":"How To Improve At HTML, CSS, JAVASCRIPT In 60 Minutes",
       "category":"html",
       "score":0.028112449799196786,
       "link":"/html",
       "img":"https://picsum.photos/id/182/2896/1944"
    },
    {
       "name":"How To Start HTML, CSS, JAVASCRIPT With Less Than $100",
       "category":"html",
       "score":0.028112449799196786,
       "link":"/html",
       "img":"https://picsum.photos/id/183/2316/1544"
    },
    {
       "name":"Here Is A Quick Cure For HTML, CSS, JAVASCRIPT",
       "category":"js",
       "score":0.024096385542168676,
       "link":"/js",
       "img":"https://picsum.photos/id/184/4288/2848"
    },
    {
       "name":"17 Tricks About HTML, CSS, JAVASCRIPT You Wish You Knew Before",
       "category":"css",
       "score":0.024096385542168676,
       "link":"/css",
       "img":"https://picsum.photos/id/185/3995/2662"
    },
    {
       "name":"How To Turn Your HTML, CSS, JAVASCRIPT From Zero To Hero",
       "category":"html",
       "score":0.024096385542168676,
       "link":"/html",
       "img":"https://picsum.photos/id/186/2048/1275"
    },
    {
       "name":"Is HTML, CSS, JAVASCRIPT Worth [$] To You?",
       "category":"css",
       "score":0.024096385542168676,
       "link":"/css",
       "img":"https://picsum.photos/id/187/4000/2667"
    },
    {
       "name":"Congratulations! Your HTML, CSS, JAVASCRIPT Is (Are) About To Stop Being Relevant",
       "category":"html",
       "score":0.024096385542168676,
       "link":"/html",
       "img":"https://picsum.photos/id/188/2896/1936"
    },
    {
       "name":"5 Problems Everyone Has With HTML, CSS, JAVASCRIPT – How To Solved Them",
       "category":"js",
       "score":0.024096385542168676,
       "link":"/js",
       "img":"https://picsum.photos/id/189/2048/1536"
    },
    {
       "name":"Read This Controversial Article And Find Out More About HTML, CSS, JAVASCRIPT",
       "category":"js",
       "score":0.024096385542168676,
       "link":"/js",
       "img":"https://picsum.photos/id/19/2500/1667"
    },
    {
       "name":"The Anthony Robins Guide To HTML, CSS, JAVASCRIPT",
       "category":"js",
       "score":0.024096385542168676,
       "link":"/js",
       "img":"https://picsum.photos/id/190/2048/1365"
    },
    {
       "name":"7 Rules About HTML, CSS, JAVASCRIPT Meant To Be Broken",
       "category":"html",
       "score":0.024096385542168676,
       "link":"/html",
       "img":"https://picsum.photos/id/191/2560/1707"
    },
    {
       "name":"The Secret Of HTML, CSS, JAVASCRIPT",
       "category":"css",
       "score":0.020080321285140562,
       "link":"/css",
       "img":"https://picsum.photos/id/192/2352/2352"
    },
    {
       "name":"How To Make Your Product Stand Out With HTML, CSS, JAVASCRIPT",
       "category":"js",
       "score":0.020080321285140562,
       "link":"/js",
       "img":"https://picsum.photos/id/193/3578/2451"
    },
    {
       "name":"5 Ways HTML, CSS, JAVASCRIPT Will Help You Get More Business",
       "category":"css",
       "score":0.020080321285140562,
       "link":"/css",
       "img":"https://picsum.photos/id/194/2000/1325"
    },
    {
       "name":"How To Make Your HTML, CSS, JAVASCRIPT Look Like A Million Bucks",
       "category":"js",
       "score":0.020080321285140562,
       "link":"/js",
       "img":"https://picsum.photos/id/195/768/1024"
    },
    {
       "name":"Top 3 Ways To Buy A Used HTML, CSS, JAVASCRIPT",
       "category":"css",
       "score":0.020080321285140562,
       "link":"/css",
       "img":"https://picsum.photos/id/196/2048/1536"
    },
    {
       "name":"Fall In Love With HTML, CSS, JAVASCRIPT",
       "category":"css",
       "score":0.020080321285140562,
       "link":"/css",
       "img":"https://picsum.photos/id/197/4272/2848"
    },
    {
       "name":"The Ultimate Deal On HTML, CSS, JAVASCRIPT",
       "category":"html",
       "score":0.020080321285140562,
       "link":"/html",
       "img":"https://picsum.photos/id/198/3456/2304"
    },
    {
       "name":"The Ultimate Guide To HTML, CSS, JAVASCRIPT",
       "category":"js",
       "score":0.020080321285140562,
       "link":"/js",
       "img":"https://picsum.photos/id/199/2592/1728"
    },
    {
       "name":"The Secrets To HTML, CSS, JAVASCRIPT",
       "category":"html",
       "score":0.020080321285140562,
       "link":"/html",
       "img":"https://picsum.photos/id/2/5616/3744"
    },
    {
       "name":"HTML, CSS, JAVASCRIPT An Incredibly Easy Method That Works For All",
       "category":"html",
       "score":0.020080321285140562,
       "link":"/html",
       "img":"https://picsum.photos/id/20/3670/2462"
    },
    {
       "name":"10 Funny HTML, CSS, JAVASCRIPT Quotes",
       "category":"html",
       "score":0.020080321285140562,
       "link":"/html",
       "img":"https://picsum.photos/id/200/1920/1280"
    },
    {
       "name":"HTML, CSS, JAVASCRIPT: The Samurai Way",
       "category":"js",
       "score":0.020080321285140562,
       "link":"/js",
       "img":"https://picsum.photos/id/201/5184/3456"
    },
    {
       "name":"If You Want To Be A Winner, Change Your HTML, CSS, JAVASCRIPT Philosophy Now!",
       "category":"js",
       "score":0.020080321285140562,
       "link":"/js",
       "img":"https://picsum.photos/id/202/2392/1260"
    },
    {
       "name":"At Last, The Secret To HTML, CSS, JAVASCRIPT Is Revealed",
       "category":"html",
       "score":0.020080321285140562,
       "link":"/html",
       "img":"https://picsum.photos/id/203/4032/3024"
    },
    {
       "name":"9 Ways HTML, CSS, JAVASCRIPT Can Make You Invincible",
       "category":"js",
       "score":0.020080321285140562,
       "link":"/js",
       "img":"https://picsum.photos/id/204/5184/3456"
    },
    {
       "name":"5 Ways Of HTML, CSS, JAVASCRIPT That Can Drive You Bankrupt - Fast!",
       "category":"js",
       "score":0.020080321285140562,
       "link":"/js",
       "img":"https://picsum.photos/id/206/2880/1800"
    },
    {
       "name":"How To Win Friends And Influence People with HTML, CSS, JAVASCRIPT",
       "category":"css",
       "score":0.020080321285140562,
       "link":"/css",
       "img":"https://picsum.photos/id/208/2002/1280"
    },
    {
       "name":"Best HTML, CSS, JAVASCRIPT Android/iPhone Apps",
       "category":"js",
       "score":0.020080321285140562,
       "link":"/js",
       "img":"https://picsum.photos/id/209/1920/1280"
    },
    {
       "name":"The Biggest Lie In HTML, CSS, JAVASCRIPT",
       "category":"html",
       "score":0.01606425702811245,
       "link":"/html",
       "img":"https://picsum.photos/id/21/3008/2008"
    },
    {
       "name":"101 Ideas For HTML, CSS, JAVASCRIPT",
       "category":"css",
       "score":0.01606425702811245,
       "link":"/css",
       "img":"https://picsum.photos/id/210/1920/1280"
    },
    {
       "name":"3 Ways To Have (A) More Appealing HTML, CSS, JAVASCRIPT",
       "category":"css",
       "score":0.01606425702811245,
       "link":"/css",
       "img":"https://picsum.photos/id/117/1544/1024"
    },
    {
       "name":"How To Lose Money With HTML, CSS, JAVASCRIPT",
       "category":"html",
       "score":0.01606425702811245,
       "link":"/html",
       "img":"https://picsum.photos/id/118/1500/1000"
    },
    {
       "name":"Use HTML, CSS, JAVASCRIPT To Make Someone Fall In Love With You",
       "category":"css",
       "score":0.01606425702811245,
       "link":"/css",
       "img":"https://picsum.photos/id/119/3264/2176"
    },
    {
       "name":"Don't Fall For This HTML, CSS, JAVASCRIPT Scam",
       "category":"js",
       "score":0.01606425702811245,
       "link":"/js",
       "img":"https://picsum.photos/id/12/2500/1667"
    },
    {
       "name":"The Truth About HTML, CSS, JAVASCRIPT In 3 Minutes",
       "category":"css",
       "score":0.01606425702811245,
       "link":"/css",
       "img":"https://picsum.photos/id/120/4928/3264"
    },
    {
       "name":"Cracking The HTML, CSS, JAVASCRIPT Code",
       "category":"css",
       "score":0.01606425702811245,
       "link":"/css",
       "img":"https://picsum.photos/id/121/1600/1067"
    },
    {
       "name":"Picture Your HTML, CSS, JAVASCRIPT On Top. Read This And Make It So",
       "category":"css",
       "score":0.01606425702811245,
       "link":"/css",
       "img":"https://picsum.photos/id/122/4147/2756"
    },
    {
       "name":"Here Is What You Should Do For Your HTML, CSS, JAVASCRIPT",
       "category":"html",
       "score":0.01606425702811245,
       "link":"/html",
       "img":"https://picsum.photos/id/123/4928/3264"
    },
    {
       "name":"Want To Step Up Your HTML, CSS, JAVASCRIPT? You Need To Read This First",
       "category":"js",
       "score":0.01606425702811245,
       "link":"/js",
       "img":"https://picsum.photos/id/124/3504/2336"
    },
    {
       "name":"Where Is The Best HTML, CSS, JAVASCRIPT?",
       "category":"html",
       "score":0.012048192771084338,
       "link":"/html",
       "img":"https://picsum.photos/id/125/1500/1000"
    },
    {
       "name":"Why Most HTML, CSS, JAVASCRIPT Fail",
       "category":"html",
       "score":0.012048192771084338,
       "link":"/html",
       "img":"https://picsum.photos/id/126/4272/2511"
    },
    {
       "name":"What Everyone Ought To Know About HTML, CSS, JAVASCRIPT",
       "category":"html",
       "score":0.012048192771084338,
       "link":"/html",
       "img":"https://picsum.photos/id/127/4032/2272"
    },
    {
       "name":"How To Teach HTML, CSS, JAVASCRIPT Like A Pro",
       "category":"html",
       "score":0.012048192771084338,
       "link":"/html",
       "img":"https://picsum.photos/id/128/3823/2549"
    },
    {
       "name":"The Secret of HTML, CSS, JAVASCRIPT",
       "category":"html",
       "score":0.012048192771084338,
       "link":"/html",
       "img":"https://picsum.photos/id/129/4910/3252"
    },
    {
       "name":"10 Things You Have In Common With HTML, CSS, JAVASCRIPT",
       "category":"js",
       "score":0.012048192771084338,
       "link":"/js",
       "img":"https://picsum.photos/id/13/2500/1667"
    },
    {
       "name":"Learn To (Do) HTML, CSS, JAVASCRIPT Like A Professional",
       "category":"html",
       "score":0.012048192771084338,
       "link":"/html",
       "img":"https://picsum.photos/id/130/3807/2538"
    },
    {
       "name":"What Everyone Must Know About HTML, CSS, JAVASCRIPT",
       "category":"css",
       "score":0.012048192771084338,
       "link":"/css",
       "img":"https://picsum.photos/id/131/4698/3166"
    },
    {
       "name":"HTML, CSS, JAVASCRIPT: This Is What Professionals Do",
       "category":"js",
       "score":0.012048192771084338,
       "link":"/js",
       "img":"https://picsum.photos/id/132/1600/1066"
    },
    {
       "name":"HTML, CSS, JAVASCRIPT Works Only Under These Conditions",
       "category":"css",
       "score":0.012048192771084338,
       "link":"/css",
       "img":"https://picsum.photos/id/133/2742/1828"
    },
    {
       "name":"10 Best Practices For HTML, CSS, JAVASCRIPT",
       "category":"html",
       "score":0.012048192771084338,
       "link":"/html",
       "img":"https://picsum.photos/id/134/4928/3264"
    },
    {
       "name":"How To Make More HTML, CSS, JAVASCRIPT By Doing Less",
       "category":"js",
       "score":0.012048192771084338,
       "link":"/js",
       "img":"https://picsum.photos/id/135/2560/1920"
    },
    {
       "name":"Why HTML, CSS, JAVASCRIPT Is The Only Skill You Really Need",
       "category":"js",
       "score":0.012048192771084338,
       "link":"/js",
       "img":"https://picsum.photos/id/136/4032/2272"
    },
    {
       "name":"How To Buy (A) HTML, CSS, JAVASCRIPT On A Tight Budget",
       "category":"js",
       "score":0.012048192771084338,
       "link":"/js",
       "img":"https://picsum.photos/id/137/4752/3168"
    },
    {
       "name":"What You Should Have Asked Your Teachers About HTML, CSS, JAVASCRIPT",
       "category":"css",
       "score":0.012048192771084338,
       "link":"/css",
       "img":"https://picsum.photos/id/139/3465/3008"
    },
    {
       "name":"3 Ways Create Better HTML, CSS, JAVASCRIPT With The Help Of Your Dog",
       "category":"css",
       "score":0.012048192771084338,
       "link":"/css",
       "img":"https://picsum.photos/id/14/2500/1667"
    },
    {
       "name":"Stop Wasting Time And Start HTML, CSS, JAVASCRIPT",
       "category":"css",
       "score":0.012048192771084338,
       "link":"/css",
       "img":"https://picsum.photos/id/140/2448/2448"
    },
    {
       "name":"It's All About (The) HTML, CSS, JAVASCRIPT",
       "category":"css",
       "score":0.008032128514056224,
       "link":"/css",
       "img":"https://picsum.photos/id/141/2048/1365"
    },
    {
       "name":"The Ugly Truth About HTML, CSS, JAVASCRIPT",
       "category":"html",
       "score":0.008032128514056224,
       "link":"/html",
       "img":"https://picsum.photos/id/142/4272/2848"
    },
    {
       "name":"Who Else Wants To Be Successful With HTML, CSS, JAVASCRIPT",
       "category":"css",
       "score":0.008032128514056224,
       "link":"/css",
       "img":"https://picsum.photos/id/143/3600/2385"
    },
    {
       "name":"Does HTML, CSS, JAVASCRIPT Sometimes Make You Feel Stupid?",
       "category":"js",
       "score":0.008032128514056224,
       "link":"/js",
       "img":"https://picsum.photos/id/144/4912/2760"
    },
    {
       "name":"5 Things To Do Immediately About HTML, CSS, JAVASCRIPT",
       "category":"js",
       "score":0.008032128514056224,
       "link":"/js",
       "img":"https://picsum.photos/id/145/4288/2848"
    },
    {
       "name":"Get Better HTML, CSS, JAVASCRIPT Results By Following 3 Simple Steps",
       "category":"html",
       "score":0.008032128514056224,
       "link":"/html",
       "img":"https://picsum.photos/id/146/5184/3456"
    },
    {
       "name":"The Secret of Successful HTML, CSS, JAVASCRIPT",
       "category":"css",
       "score":0.008032128514056224,
       "link":"/css",
       "img":"https://picsum.photos/id/147/2448/2448"
    },
    {
       "name":"5 Incredibly Useful HTML, CSS, JAVASCRIPT Tips For Small Businesses",
       "category":"html",
       "score":0.008032128514056224,
       "link":"/html",
       "img":"https://picsum.photos/id/149/3454/2288"
    },
    {
       "name":"5 Sexy Ways To Improve Your HTML, CSS, JAVASCRIPT",
       "category":"js",
       "score":0.008032128514056224,
       "link":"/js",
       "img":"https://picsum.photos/id/15/2500/1667"
    },
    {
       "name":"Can You Pass The HTML, CSS, JAVASCRIPT Test?",
       "category":"css",
       "score":0.008032128514056224,
       "link":"/css",
       "img":"https://picsum.photos/id/151/4288/3216"
    },
    {
       "name":"HTML, CSS, JAVASCRIPT And Love - How They Are The Same",
       "category":"js",
       "score":0.008032128514056224,
       "link":"/js",
       "img":"https://picsum.photos/id/152/3888/2592"
    },
    {
       "name":"Got Stuck? Try These Tips To Streamline Your HTML, CSS, JAVASCRIPT",
       "category":"js",
       "score":0.008032128514056224,
       "link":"/js",
       "img":"https://picsum.photos/id/153/4763/3155"
    },
    {
       "name":"The Next 3 Things To Immediately Do About HTML, CSS, JAVASCRIPT",
       "category":"css",
       "score":0.008032128514056224,
       "link":"/css",
       "img":"https://picsum.photos/id/154/3264/2176"
    },
    {
       "name":"Short Story: The Truth About HTML, CSS, JAVASCRIPT",
       "category":"css",
       "score":0.008032128514056224,
       "link":"/css",
       "img":"https://picsum.photos/id/155/3264/2176"
    },
    {
       "name":"I Don't Want To Spend This Much Time On HTML, CSS, JAVASCRIPT. How About You?",
       "category":"css",
       "score":0.008032128514056224,
       "link":"/css",
       "img":"https://picsum.photos/id/156/2177/3264"
    },
    {
       "name":"World Class Tools Make HTML, CSS, JAVASCRIPT Push Button Easy",
       "category":"css",
       "score":0.008032128514056224,
       "link":"/css",
       "img":"https://picsum.photos/id/157/6211/4862"
    },
    {
       "name":"52 Ways To Avoid HTML, CSS, JAVASCRIPT Burnout",
       "category":"html",
       "score":0.008032128514056224,
       "link":"/html",
       "img":"https://picsum.photos/id/158/4836/3224"
    },
    {
       "name":"10 Unforgivable Sins Of HTML, CSS, JAVASCRIPT",
       "category":"js",
       "score":0.008032128514056224,
       "link":"/js",
       "img":"https://picsum.photos/id/159/5184/2551"
    },
    {
       "name":"These 5 Simple HTML, CSS, JAVASCRIPT Tricks Will Pump Up Your Sales Almost Instantly",
       "category":"js",
       "score":0.004016064257028112,
       "link":"/js",
       "img":"https://picsum.photos/id/16/2500/1667"
    },
    {
       "name":"Top 25 Quotes On HTML, CSS, JAVASCRIPT",
       "category":"css",
       "score":0.004016064257028112,
       "link":"/css",
       "img":"https://picsum.photos/id/160/3200/2119"
    },
    {
       "name":"OMG! The Best HTML, CSS, JAVASCRIPT Ever!",
       "category":"css",
       "score":0.004016064257028112,
       "link":"/css",
       "img":"https://picsum.photos/id/161/4240/2832"
    },
    {
       "name":"Find A Quick Way To HTML, CSS, JAVASCRIPT",
       "category":"js",
       "score":0.004016064257028112,
       "link":"/js",
       "img":"https://picsum.photos/id/162/1500/998"
    },
    {
       "name":"2 Things You Must Know About HTML, CSS, JAVASCRIPT",
       "category":"html",
       "score":0,
       "link":"/html",
       "img":"https://picsum.photos/id/163/2000/1333"
    },
    {
       "name":"14 Days To A Better HTML, CSS, JAVASCRIPT",
       "category":"css",
       "score":0,
       "link":"/css",
       "img":"https://picsum.photos/id/164/1200/800"
    }
 ]