[
    {
       "name":"What You Should Have Asked Your Teachers About HTML, CSS, JAVASCRIPT",
       "category":"css",
       "score":0.012048192771084338,
       "link":"/css",
       "img":"https://picsum.photos/id/139/3465/3008"
    },
    {
       "name":"3 Ways Create Better HTML, CSS, JAVASCRIPT With The Help Of Your Dog",
       "category":"css",
       "score":0.012048192771084338,
       "link":"/css",
       "img":"https://picsum.photos/id/14/2500/1667"
    },
    {
       "name":"Stop Wasting Time And Start HTML, CSS, JAVASCRIPT",
       "category":"css",
       "score":0.012048192771084338,
       "link":"/css",
       "img":"https://picsum.photos/id/140/2448/2448"
    },
    {
       "name":"It's All About (The) HTML, CSS, JAVASCRIPT",
       "category":"css",
       "score":0.008032128514056224,
       "link":"/css",
       "img":"https://picsum.photos/id/141/2048/1365"
    },
    {
       "name":"The Ugly Truth About HTML, CSS, JAVASCRIPT",
       "category":"html",
       "score":0.008032128514056224,
       "link":"/html",
       "img":"https://picsum.photos/id/142/4272/2848"
    },
    {
       "name":"Who Else Wants To Be Successful With HTML, CSS, JAVASCRIPT",
       "category":"css",
       "score":0.008032128514056224,
       "link":"/css",
       "img":"https://picsum.photos/id/143/3600/2385"
    },
    {
       "name":"Does HTML, CSS, JAVASCRIPT Sometimes Make You Feel Stupid?",
       "category":"js",
       "score":0.008032128514056224,
       "link":"/js",
       "img":"https://picsum.photos/id/144/4912/2760"
    },
    {
       "name":"5 Things To Do Immediately About HTML, CSS, JAVASCRIPT",
       "category":"js",
       "score":0.008032128514056224,
       "link":"/js",
       "img":"https://picsum.photos/id/145/4288/2848"
    },
    {
       "name":"Get Better HTML, CSS, JAVASCRIPT Results By Following 3 Simple Steps",
       "category":"html",
       "score":0.008032128514056224,
       "link":"/html",
       "img":"https://picsum.photos/id/146/5184/3456"
    },
    {
       "name":"The Secret of Successful HTML, CSS, JAVASCRIPT",
       "category":"css",
       "score":0.008032128514056224,
       "link":"/css",
       "img":"https://picsum.photos/id/147/2448/2448"
    },
    {
       "name":"5 Incredibly Useful HTML, CSS, JAVASCRIPT Tips For Small Businesses",
       "category":"html",
       "score":0.008032128514056224,
       "link":"/html",
       "img":"https://picsum.photos/id/149/3454/2288"
    },
    {
       "name":"5 Sexy Ways To Improve Your HTML, CSS, JAVASCRIPT",
       "category":"js",
       "score":0.008032128514056224,
       "link":"/js",
       "img":"https://picsum.photos/id/15/2500/1667"
    },
    {
       "name":"Can You Pass The HTML, CSS, JAVASCRIPT Test?",
       "category":"css",
       "score":0.008032128514056224,
       "link":"/css",
       "img":"https://picsum.photos/id/151/4288/3216"
    },
    {
       "name":"HTML, CSS, JAVASCRIPT And Love - How They Are The Same",
       "category":"js",
       "score":0.008032128514056224,
       "link":"/js",
       "img":"https://picsum.photos/id/152/3888/2592"
    },
    {
       "name":"Got Stuck? Try These Tips To Streamline Your HTML, CSS, JAVASCRIPT",
       "category":"js",
       "score":0.008032128514056224,
       "link":"/js",
       "img":"https://picsum.photos/id/153/4763/3155"
    },
    {
       "name":"The Next 3 Things To Immediately Do About HTML, CSS, JAVASCRIPT",
       "category":"css",
       "score":0.008032128514056224,
       "link":"/css",
       "img":"https://picsum.photos/id/154/3264/2176"
    },
    {
       "name":"Short Story: The Truth About HTML, CSS, JAVASCRIPT",
       "category":"css",
       "score":0.008032128514056224,
       "link":"/css",
       "img":"https://picsum.photos/id/155/3264/2176"
    },
    {
       "name":"I Don't Want To Spend This Much Time On HTML, CSS, JAVASCRIPT. How About You?",
       "category":"css",
       "score":0.008032128514056224,
       "link":"/css",
       "img":"https://picsum.photos/id/156/2177/3264"
    },
    {
       "name":"World Class Tools Make HTML, CSS, JAVASCRIPT Push Button Easy",
       "category":"css",
       "score":0.008032128514056224,
       "link":"/css",
       "img":"https://picsum.photos/id/157/6211/4862"
    },
    {
       "name":"52 Ways To Avoid HTML, CSS, JAVASCRIPT Burnout",
       "category":"html",
       "score":0.008032128514056224,
       "link":"/html",
       "img":"https://picsum.photos/id/158/4836/3224"
    },
    {
       "name":"10 Unforgivable Sins Of HTML, CSS, JAVASCRIPT",
       "category":"js",
       "score":0.008032128514056224,
       "link":"/js",
       "img":"https://picsum.photos/id/159/5184/2551"
    },
    {
       "name":"These 5 Simple HTML, CSS, JAVASCRIPT Tricks Will Pump Up Your Sales Almost Instantly",
       "category":"js",
       "score":0.004016064257028112,
       "link":"/js",
       "img":"https://picsum.photos/id/16/2500/1667"
    },
    {
       "name":"Top 25 Quotes On HTML, CSS, JAVASCRIPT",
       "category":"css",
       "score":0.004016064257028112,
       "link":"/css",
       "img":"https://picsum.photos/id/160/3200/2119"
    },
    {
       "name":"OMG! The Best HTML, CSS, JAVASCRIPT Ever!",
       "category":"css",
       "score":0.004016064257028112,
       "link":"/css",
       "img":"https://picsum.photos/id/161/4240/2832"
    },
    {
       "name":"Find A Quick Way To HTML, CSS, JAVASCRIPT",
       "category":"js",
       "score":0.004016064257028112,
       "link":"/js",
       "img":"https://picsum.photos/id/162/1500/998"
    },
    {
       "name":"2 Things You Must Know About HTML, CSS, JAVASCRIPT",
       "category":"html",
       "score":0,
       "link":"/html",
       "img":"https://picsum.photos/id/163/2000/1333"
    },
    {
       "name":"14 Days To A Better HTML, CSS, JAVASCRIPT",
       "category":"css",
       "score":0,
       "link":"/css",
       "img":"https://picsum.photos/id/164/1200/800"
    }
 ]