account-account-account-account-account-account,22781
account-account-account-account-account-end,3311
account-account-account-account-account-home,906
account-account-account-account-account-other,1156
account-account-account-account-account-product,5969
account-account-account-account-account-search,692
account-account-account-account-end,7059
account-account-account-account-home-account,396
account-account-account-account-home-end,316
account-account-account-account-home-home,226
account-account-account-account-home-other,87
account-account-account-account-home-product,613
account-account-account-account-home-search,245
account-account-account-account-other-account,446
account-account-account-account-other-end,229
account-account-account-account-other-home,91
account-account-account-account-other-other,804
account-account-account-account-other-product,776
account-account-account-account-other-search,48
account-account-account-account-product-account,3892
account-account-account-account-product-end,3250
account-account-account-account-product-home,531
account-account-account-account-product-other,252
account-account-account-account-product-product,4876
account-account-account-account-product-search,476
account-account-account-account-search-account,521
account-account-account-account-search-end,39
account-account-account-account-search-home,7
account-account-account-account-search-other,8
account-account-account-account-search-product,536
account-account-account-account-search-search,219
account-account-account-end,14262
account-account-account-home-account-account,434
account-account-account-home-account-end,83
account-account-account-home-account-home,71
account-account-account-home-account-other,39
account-account-account-home-account-product,159
account-account-account-home-account-search,24
account-account-account-home-end,722
account-account-account-home-home-account,103
account-account-account-home-home-end,64
account-account-account-home-home-home,76
account-account-account-home-home-other,57
account-account-account-home-home-product,116
account-account-account-home-home-search,47
account-account-account-home-other-account,32
account-account-account-home-other-end,13
account-account-account-home-other-home,21
account-account-account-home-other-other,93
account-account-account-home-other-product,33
account-account-account-home-other-search,6
account-account-account-home-product-account,252
account-account-account-home-product-end,304
account-account-account-home-product-home,258
account-account-account-home-product-other,25
account-account-account-home-product-product,573
account-account-account-home-product-search,69
account-account-account-home-search-account,119
account-account-account-home-search-end,20
account-account-account-home-search-home,13
account-account-account-home-search-other,1
account-account-account-home-search-product,276
account-account-account-home-search-search,103
account-account-account-other-account-account,486
account-account-account-other-account-end,99
account-account-account-other-account-home,28
account-account-account-other-account-other,130
account-account-account-other-account-product,172
account-account-account-other-account-search,31
account-account-account-other-end,636
account-account-account-other-home-account,33
account-account-account-other-home-end,42
account-account-account-other-home-home,23
account-account-account-other-home-other,15
account-account-account-other-home-product,61
account-account-account-other-home-search,20
account-account-account-other-other-account,312
account-account-account-other-other-end,239
account-account-account-other-other-home,92
account-account-account-other-other-other,741
account-account-account-other-other-product,488
account-account-account-other-other-search,48
account-account-account-other-product-account,315
account-account-account-other-product-end,881
account-account-account-other-product-home,84
account-account-account-other-product-other,190
account-account-account-other-product-product,1400
account-account-account-other-product-search,77
account-account-account-other-search-account,25
account-account-account-other-search-end,5
account-account-account-other-search-other,1
account-account-account-other-search-product,39
account-account-account-other-search-search,22
account-account-account-product-account-account,3948
account-account-account-product-account-end,721
account-account-account-product-account-home,154
account-account-account-product-account-other,201
account-account-account-product-account-product,2369
account-account-account-product-account-search,189
account-account-account-product-end,7344
account-account-account-product-home-account,198
account-account-account-product-home-end,239
account-account-account-product-home-home,122
account-account-account-product-home-other,52
account-account-account-product-home-product,526
account-account-account-product-home-search,175
account-account-account-product-other-account,120
account-account-account-product-other-end,74
account-account-account-product-other-home,23
account-account-account-product-other-other,226
account-account-account-product-other-product,189
account-account-account-product-other-search,13
account-account-account-product-product-account,1863
account-account-account-product-product-end,2561
account-account-account-product-product-home,395
account-account-account-product-product-other,160
account-account-account-product-product-product,5934
account-account-account-product-product-search,407
account-account-account-product-search-account,281
account-account-account-product-search-end,37
account-account-account-product-search-home,5
account-account-account-product-search-other,3
account-account-account-product-search-product,594
account-account-account-product-search-search,191
account-account-account-search-account-account,567
account-account-account-search-account-end,69
account-account-account-search-account-home,26
account-account-account-search-account-other,25
account-account-account-search-account-product,253
account-account-account-search-account-search,78
account-account-account-search-end,120
account-account-account-search-home-account,2
account-account-account-search-home-end,4
account-account-account-search-home-home,3
account-account-account-search-home-product,14
account-account-account-search-home-search,4
account-account-account-search-other-account,2
account-account-account-search-other-end,3
account-account-account-search-other-home,4
account-account-account-search-other-other,6
account-account-account-search-other-product,7
account-account-account-search-product-account,189
account-account-account-search-product-end,257
account-account-account-search-product-home,33
account-account-account-search-product-other,12
account-account-account-search-product-product,550
account-account-account-search-product-search,192
account-account-account-search-search-account,113
account-account-account-search-search-end,27
account-account-account-search-search-home,9
account-account-account-search-search-other,7
account-account-account-search-search-product,208
account-account-account-search-search-search,121
account-account-end,49154
account-account-home-account-account-account,470
account-account-home-account-account-end,119
account-account-home-account-account-home,139
account-account-home-account-account-other,42
account-account-home-account-account-product,365
account-account-home-account-account-search,39
account-account-home-account-end,273
account-account-home-account-home-account,72
account-account-home-account-home-end,42
account-account-home-account-home-home,25
account-account-home-account-home-other,11
account-account-home-account-home-product,71
account-account-home-account-home-search,23
account-account-home-account-other-account,9
account-account-home-account-other-end,6
account-account-home-account-other-home,7
account-account-home-account-other-other,54
account-account-home-account-other-product,22
account-account-home-account-product-account,124
account-account-home-account-product-end,110
account-account-home-account-product-home,60
account-account-home-account-product-other,8
account-account-home-account-product-product,191
account-account-home-account-product-search,25
account-account-home-account-search-account,23
account-account-home-account-search-end,1
account-account-home-account-search-home,2
account-account-home-account-search-product,29
account-account-home-account-search-search,11
account-account-home-end,2878
account-account-home-home-account-account,167
account-account-home-home-account-end,37
account-account-home-home-account-home,43
account-account-home-home-account-other,30
account-account-home-home-account-product,45
account-account-home-home-account-search,14
account-account-home-home-end,227
account-account-home-home-home-account,42
account-account-home-home-home-end,30
account-account-home-home-home-home,82
account-account-home-home-home-other,26
account-account-home-home-home-product,62
account-account-home-home-home-search,21
account-account-home-home-other-account,29
account-account-home-home-other-end,7
account-account-home-home-other-home,15
account-account-home-home-other-other,61
account-account-home-home-other-product,22
account-account-home-home-other-search,2
account-account-home-home-product-account,83
account-account-home-home-product-end,104
account-account-home-home-product-home,90
account-account-home-home-product-other,14
account-account-home-home-product-product,208
account-account-home-home-product-search,24
account-account-home-home-search-account,46
account-account-home-home-search-end,5
account-account-home-home-search-home,6
account-account-home-home-search-product,92
account-account-home-home-search-search,34
account-account-home-other-account-account,51
account-account-home-other-account-end,9
account-account-home-other-account-home,7
account-account-home-other-account-other,7
account-account-home-other-account-product,24
account-account-home-other-account-search,3
account-account-home-other-end,56
account-account-home-other-home-account,12
account-account-home-other-home-end,22
account-account-home-other-home-home,9
account-account-home-other-home-other,3
account-account-home-other-home-product,26
account-account-home-other-home-search,8
account-account-home-other-other-account,34
account-account-home-other-other-end,34
account-account-home-other-other-home,34
account-account-home-other-other-other,104
account-account-home-other-other-product,56
account-account-home-other-other-search,4
account-account-home-other-product-account,16
account-account-home-other-product-end,35
account-account-home-other-product-home,17
account-account-home-other-product-other,11
account-account-home-other-product-product,59
account-account-home-other-product-search,3
account-account-home-other-search-account,6
account-account-home-other-search-product,6
account-account-home-product-account-account,409
account-account-home-product-account-end,78
account-account-home-product-account-home,103
account-account-home-product-account-other,26
account-account-home-product-account-product,276
account-account-home-product-account-search,30
account-account-home-product-end,1277
account-account-home-product-home-account,133
account-account-home-product-home-end,220
account-account-home-product-home-home,93
account-account-home-product-home-other,27
account-account-home-product-home-product,579
account-account-home-product-home-search,92
account-account-home-product-other-account,5
account-account-home-product-other-end,4
account-account-home-product-other-home,4
account-account-home-product-other-other,20
account-account-home-product-other-product,22
account-account-home-product-other-search,1
account-account-home-product-product-account,260
account-account-home-product-product-end,534
account-account-home-product-product-home,296
account-account-home-product-product-other,26
account-account-home-product-product-product,1113
account-account-home-product-product-search,97
account-account-home-product-search-account,46
account-account-home-product-search-end,6
account-account-home-product-search-home,5
account-account-home-product-search-product,149
account-account-home-product-search-search,43
account-account-home-search-account-account,201
account-account-home-search-account-end,27
account-account-home-search-account-home,25
account-account-home-search-account-other,6
account-account-home-search-account-product,72
account-account-home-search-account-search,20
account-account-home-search-end,80
account-account-home-search-home-account,7
account-account-home-search-home-end,5
account-account-home-search-home-home,4
account-account-home-search-home-product,8
account-account-home-search-home-search,12
account-account-home-search-other-end,2
account-account-home-search-other-other,3
account-account-home-search-other-product,2
account-account-home-search-other-search,1
account-account-home-search-product-account,79
account-account-home-search-product-end,212
account-account-home-search-product-home,68
account-account-home-search-product-other,7
account-account-home-search-product-product,478
account-account-home-search-product-search,156
account-account-home-search-search-account,40
account-account-home-search-search-end,25
account-account-home-search-search-home,5
account-account-home-search-search-other,1
account-account-home-search-search-product,170
account-account-home-search-search-search,88
account-account-other-account-account-account,596
account-account-other-account-account-end,131
account-account-other-account-account-home,42
account-account-other-account-account-other,124
account-account-other-account-account-product,270
account-account-other-account-account-search,34
account-account-other-account-end,246
account-account-other-account-home-account,15
account-account-other-account-home-end,15
account-account-other-account-home-home,8
account-account-other-account-home-other,2
account-account-other-account-home-product,43
account-account-other-account-home-search,4
account-account-other-account-other-account,98
account-account-other-account-other-end,31
account-account-other-account-other-home,6
account-account-other-account-other-other,123
account-account-other-account-other-product,85
account-account-other-account-other-search,4
account-account-other-account-product-account,160
account-account-other-account-product-end,78
account-account-other-account-product-home,24
account-account-other-account-product-other,32
account-account-other-account-product-product,157
account-account-other-account-product-search,13
account-account-other-account-search-account,18
account-account-other-account-search-end,1
account-account-other-account-search-product,42
account-account-other-account-search-search,10
account-account-other-end,1457
account-account-other-home-account-account,65
account-account-other-home-account-end,4
account-account-other-home-account-home,7
account-account-other-home-account-other,7
account-account-other-home-account-product,29
account-account-other-home-account-search,4
account-account-other-home-end,137
account-account-other-home-home-account,8
account-account-other-home-home-end,5
account-account-other-home-home-home,14
account-account-other-home-home-other,25
account-account-other-home-home-product,11
account-account-other-home-home-search,7
account-account-other-home-other-account,4
account-account-other-home-other-end,2
account-account-other-home-other-home,9
account-account-other-home-other-other,15
account-account-other-home-other-product,8
account-account-other-home-product-account,43
account-account-other-home-product-end,40
account-account-other-home-product-home,38
account-account-other-home-product-other,11
account-account-other-home-product-product,91
account-account-other-home-product-search,11
account-account-other-home-search-account,14
account-account-other-home-search-other,1
account-account-other-home-search-product,22
account-account-other-home-search-search,8
account-account-other-other-account-account,330
account-account-other-other-account-end,128
account-account-other-other-account-home,46
account-account-other-other-account-other,163
account-account-other-other-account-product,102
account-account-other-other-account-search,36
account-account-other-other-end,805
account-account-other-other-home-account,65
account-account-other-other-home-end,55
account-account-other-other-home-home,43
account-account-other-other-home-other,24
account-account-other-other-home-product,83
account-account-other-other-home-search,14
account-account-other-other-other-account,440
account-account-other-other-other-end,349
account-account-other-other-other-home,145
account-account-other-other-other-other,871
account-account-other-other-other-product,528
account-account-other-other-other-search,49
account-account-other-other-product-account,213
account-account-other-other-product-end,283
account-account-other-other-product-home,60
account-account-other-other-product-other,222
account-account-other-other-product-product,468
account-account-other-other-product-search,36
account-account-other-other-search-account,24
account-account-other-other-search-end,4
account-account-other-other-search-home,2
account-account-other-other-search-other,4
account-account-other-other-search-product,61
account-account-other-other-search-search,23
account-account-other-product-account-account,297
account-account-other-product-account-end,74
account-account-other-product-account-home,14
account-account-other-product-account-other,71
account-account-other-product-account-product,185
account-account-other-product-account-search,16
account-account-other-product-end,1302
account-account-other-product-home-account,22
account-account-other-product-home-end,33
account-account-other-product-home-home,8
account-account-other-product-home-other,13
account-account-other-product-home-product,68
account-account-other-product-home-search,23
account-account-other-product-other-account,67
account-account-other-product-other-end,26
account-account-other-product-other-home,9
account-account-other-product-other-other,88
account-account-other-product-other-product,194
account-account-other-product-other-search,9
account-account-other-product-product-account,193
account-account-other-product-product-end,550
account-account-other-product-product-home,69
account-account-other-product-product-other,93
account-account-other-product-product-product,1369
account-account-other-product-product-search,62
account-account-other-product-search-account,27
account-account-other-product-search-end,5
account-account-other-product-search-other,3
account-account-other-product-search-product,90
account-account-other-product-search-search,18
account-account-other-search-account-account,44
account-account-other-search-account-end,6
account-account-other-search-account-home,1
account-account-other-search-account-other,6
account-account-other-search-account-product,22
account-account-other-search-account-search,3
account-account-other-search-end,11
account-account-other-search-home-home,2
account-account-other-search-home-product,2
account-account-other-search-other-account,3
account-account-other-search-other-other,3
account-account-other-search-other-search,1
account-account-other-search-product-account,22
account-account-other-search-product-end,33
account-account-other-search-product-home,6
account-account-other-search-product-other,6
account-account-other-search-product-product,68
account-account-other-search-product-search,30
account-account-other-search-search-account,7
account-account-other-search-search-end,3
account-account-other-search-search-home,1
account-account-other-search-search-product,33
account-account-other-search-search-search,23
account-account-product-account-account-account,4424
account-account-product-account-account-end,1104
account-account-product-account-account-home,297
account-account-product-account-account-other,233
account-account-product-account-account-product,5893
account-account-product-account-account-search,265
account-account-product-account-end,2171
account-account-product-account-home-account,111
account-account-product-account-home-end,94
account-account-product-account-home-home,60
account-account-product-account-home-other,19
account-account-product-account-home-product,210
account-account-product-account-home-search,65
account-account-product-account-other-account,117
account-account-product-account-other-end,46
account-account-product-account-other-home,18
account-account-product-account-other-other,199
account-account-product-account-other-product,210
account-account-product-account-other-search,6
account-account-product-account-product-account,2683
account-account-product-account-product-end,1670
account-account-product-account-product-home,258
account-account-product-account-product-other,99
account-account-product-account-product-product,2543
account-account-product-account-product-search,278
account-account-product-account-search-account,179
account-account-product-account-search-end,16
account-account-product-account-search-home,1
account-account-product-account-search-other,1
account-account-product-account-search-product,215
account-account-product-account-search-search,88
account-account-product-end,30250
account-account-product-home-account-account,378
account-account-product-home-account-end,61
account-account-product-home-account-home,49
account-account-product-home-account-other,32
account-account-product-home-account-product,175
account-account-product-home-account-search,18
account-account-product-home-end,1195
account-account-product-home-home-account,87
account-account-product-home-home-end,82
account-account-product-home-home-home,66
account-account-product-home-home-other,45
account-account-product-home-home-product,185
account-account-product-home-home-search,68
account-account-product-home-other-account,23
account-account-product-home-other-end,12
account-account-product-home-other-home,27
account-account-product-home-other-other,84
account-account-product-home-other-product,44
account-account-product-home-other-search,2
account-account-product-home-product-account,357
account-account-product-home-product-end,472
account-account-product-home-product-home,454
account-account-product-home-product-other,34
account-account-product-home-product-product,804
account-account-product-home-product-search,102
account-account-product-home-search-account,169
account-account-product-home-search-end,32
account-account-product-home-search-home,14
account-account-product-home-search-other,3
account-account-product-home-search-product,414
account-account-product-home-search-search,149
account-account-product-other-account-account,158
account-account-product-other-account-end,36
account-account-product-other-account-home,13
account-account-product-other-account-other,27
account-account-product-other-account-product,74
account-account-product-other-account-search,4
account-account-product-other-end,265
account-account-product-other-home-account,12
account-account-product-other-home-end,10
account-account-product-other-home-home,7
account-account-product-other-home-other,6
account-account-product-other-home-product,35
account-account-product-other-home-search,5
account-account-product-other-other-account,121
account-account-product-other-other-end,122
account-account-product-other-other-home,42
account-account-product-other-other-other,286
account-account-product-other-other-product,206
account-account-product-other-other-search,23
account-account-product-other-product-account,88
account-account-product-other-product-end,116
account-account-product-other-product-home,19
account-account-product-other-product-other,53
account-account-product-other-product-product,317
account-account-product-other-product-search,20
account-account-product-other-search-account,12
account-account-product-other-search-end,4
account-account-product-other-search-other,1
account-account-product-other-search-product,23
account-account-product-other-search-search,8
account-account-product-product-account-account,3417
account-account-product-product-account-end,594
account-account-product-product-account-home,122
account-account-product-product-account-other,176
account-account-product-product-account-product,1932
account-account-product-product-account-search,150
account-account-product-product-end,10185
account-account-product-product-home-account,214
account-account-product-product-home-end,326
account-account-product-product-home-home,170
account-account-product-product-home-other,48
account-account-product-product-home-product,809
account-account-product-product-home-search,291
account-account-product-product-other-account,107
account-account-product-product-other-end,59
account-account-product-product-other-home,17
account-account-product-product-other-other,203
account-account-product-product-other-product,153
account-account-product-product-other-search,18
account-account-product-product-product-account,2583
account-account-product-product-product-end,4658
account-account-product-product-product-home,751
account-account-product-product-product-other,237
account-account-product-product-product-product,13769
account-account-product-product-product-search,870
account-account-product-product-search-account,375
account-account-product-product-search-end,52
account-account-product-product-search-home,16
account-account-product-product-search-other,6
account-account-product-product-search-product,1127
account-account-product-product-search-search,285
account-account-product-search-account-account,656
account-account-product-search-account-end,51
account-account-product-search-account-home,11
account-account-product-search-account-other,19
account-account-product-search-account-product,346
account-account-product-search-account-search,55
account-account-product-search-end,159
account-account-product-search-home-account,3
account-account-product-search-home-end,3
account-account-product-search-home-home,4
account-account-product-search-home-other,2
account-account-product-search-home-product,17
account-account-product-search-home-search,9
account-account-product-search-other-account,1
account-account-product-search-other-end,1
account-account-product-search-other-home,2
account-account-product-search-other-other,6
account-account-product-search-other-product,3
account-account-product-search-product-account,245
account-account-product-search-product-end,530
account-account-product-search-product-home,88
account-account-product-search-product-other,26
account-account-product-search-product-product,1249
account-account-product-search-product-search,395
account-account-product-search-search-account,89
account-account-product-search-search-end,37
account-account-product-search-search-home,8
account-account-product-search-search-other,6
account-account-product-search-search-product,378
account-account-product-search-search-search,161
account-account-search-account-account-account,578
account-account-search-account-account-end,145
account-account-search-account-account-home,49
account-account-search-account-account-other,38
account-account-search-account-account-product,731
account-account-search-account-account-search,196
account-account-search-account-end,227
account-account-search-account-home-account,14
account-account-search-account-home-end,8
account-account-search-account-home-home,3
account-account-search-account-home-other,3
account-account-search-account-home-product,10
account-account-search-account-home-search,12
account-account-search-account-other-account,5
account-account-search-account-other-end,7
account-account-search-account-other-other,13
account-account-search-account-other-product,23
account-account-search-account-other-search,2
account-account-search-account-product-account,188
account-account-search-account-product-end,187
account-account-search-account-product-home,26
account-account-search-account-product-other,8
account-account-search-account-product-product,302
account-account-search-account-product-search,91
account-account-search-account-search-account,147
account-account-search-account-search-end,8
account-account-search-account-search-home,1
account-account-search-account-search-product,63
account-account-search-account-search-search,26
account-account-search-end,412
account-account-search-home-account-account,3
account-account-search-home-account-end,1
account-account-search-home-account-product,2
account-account-search-home-end,15
account-account-search-home-home-account,1
account-account-search-home-home-home,1
account-account-search-home-home-other,1
account-account-search-home-home-product,1
account-account-search-home-home-search,5
account-account-search-home-other-other,1
account-account-search-home-other-product,3
account-account-search-home-product-account,5
account-account-search-home-product-end,4
account-account-search-home-product-home,6
account-account-search-home-product-product,7
account-account-search-home-product-search,4
account-account-search-home-search-account,4
account-account-search-home-search-end,1
account-account-search-home-search-home,3
account-account-search-home-search-product,16
account-account-search-home-search-search,5
account-account-search-other-account-account,1
account-account-search-other-account-other,3
account-account-search-other-account-search,2
account-account-search-other-end,7
account-account-search-other-home-end,3
account-account-search-other-home-home,1
account-account-search-other-other-account,1
account-account-search-other-other-other,9
account-account-search-other-other-product,6
account-account-search-other-other-search,3
account-account-search-other-product-account,4
account-account-search-other-product-end,2
account-account-search-other-product-other,3
account-account-search-other-product-product,7
account-account-search-other-product-search,2
account-account-search-other-search-account,1
account-account-search-other-search-product,5
account-account-search-other-search-search,1
account-account-search-product-account-account,257
account-account-search-product-account-end,56
account-account-search-product-account-home,13
account-account-search-product-account-other,18
account-account-search-product-account-product,171
account-account-search-product-account-search,73
account-account-search-product-end,1212
account-account-search-product-home-account,14
account-account-search-product-home-end,40
account-account-search-product-home-home,11
account-account-search-product-home-other,4
account-account-search-product-home-product,45
account-account-search-product-home-search,51
account-account-search-product-other-account,3
account-account-search-product-other-end,7
account-account-search-product-other-home,5
account-account-search-product-other-other,14
account-account-search-product-other-product,17
account-account-search-product-other-search,2
account-account-search-product-product-account,216
account-account-search-product-product-end,493
account-account-search-product-product-home,63
account-account-search-product-product-other,25
account-account-search-product-product-product,1409
account-account-search-product-product-search,350
account-account-search-product-search-account,67
account-account-search-product-search-end,34
account-account-search-product-search-home,3
account-account-search-product-search-other,4
account-account-search-product-search-product,607
account-account-search-product-search-search,135
account-account-search-search-account-account,171
account-account-search-search-account-end,23
account-account-search-search-account-home,11
account-account-search-search-account-other,9
account-account-search-search-account-product,80
account-account-search-search-account-search,29
account-account-search-search-end,115
account-account-search-search-home-account,2
account-account-search-search-home-end,2
account-account-search-search-home-home,1
account-account-search-search-home-product,10
account-account-search-search-home-search,11
account-account-search-search-other-account,1
account-account-search-search-other-other,1
account-account-search-search-other-product,2
account-account-search-search-product-account,92
account-account-search-search-product-end,186
account-account-search-search-product-home,37
account-account-search-search-product-other,7
account-account-search-search-product-product,472
account-account-search-search-product-search,182
account-account-search-search-search-account,67
account-account-search-search-search-end,35
account-account-search-search-search-home,5
account-account-search-search-search-other,8
account-account-search-search-search-product,231
account-account-search-search-search-search,203
account-end,202885
account-home-account-account-account-account,670
account-home-account-account-account-end,112
account-home-account-account-account-home,120
account-home-account-account-account-other,92
account-home-account-account-account-product,314
account-home-account-account-account-search,26
account-home-account-account-end,358
account-home-account-account-home-account,123
account-home-account-account-home-end,88
account-home-account-account-home-home,39
account-home-account-account-home-other,11
account-home-account-account-home-product,115
account-home-account-account-home-search,34
account-home-account-account-other-account,11
account-home-account-account-other-end,9
account-home-account-account-other-home,13
account-home-account-account-other-other,42
account-home-account-account-other-product,56
account-home-account-account-other-search,3
account-home-account-account-product-account,268
account-home-account-account-product-end,290
account-home-account-account-product-home,150
account-home-account-account-product-other,14
account-home-account-account-product-product,462
account-home-account-account-product-search,46
account-home-account-account-search-account,40
account-home-account-account-search-end,5
account-home-account-account-search-home,1
account-home-account-account-search-other,1
account-home-account-account-search-product,50
account-home-account-account-search-search,10
account-home-account-end,1117
account-home-account-home-account-account,126
account-home-account-home-account-end,28
account-home-account-home-account-home,338
account-home-account-home-account-other,12
account-home-account-home-account-product,45
account-home-account-home-account-search,10
account-home-account-home-end,381
account-home-account-home-home-account,40
account-home-account-home-home-end,21
account-home-account-home-home-home,75
account-home-account-home-home-other,11
account-home-account-home-home-product,47
account-home-account-home-home-search,17
account-home-account-home-other-account,5
account-home-account-home-other-end,3
account-home-account-home-other-home,28
account-home-account-home-other-other,24
account-home-account-home-other-product,9
account-home-account-home-product-account,58
account-home-account-home-product-end,94
account-home-account-home-product-home,359
account-home-account-home-product-other,2
account-home-account-home-product-product,134
account-home-account-home-product-search,14
account-home-account-home-search-account,15
account-home-account-home-search-end,4
account-home-account-home-search-home,21
account-home-account-home-search-product,44
account-home-account-home-search-search,13
account-home-account-other-account-account,20
account-home-account-other-account-end,4
account-home-account-other-account-home,5
account-home-account-other-account-other,5
account-home-account-other-account-product,7
account-home-account-other-end,37
account-home-account-other-home-account,6
account-home-account-other-home-end,6
account-home-account-other-home-home,2
account-home-account-other-home-other,4
account-home-account-other-home-product,8
account-home-account-other-home-search,4
account-home-account-other-other-account,23
account-home-account-other-other-end,24
account-home-account-other-other-home,21
account-home-account-other-other-other,58
account-home-account-other-other-product,31
account-home-account-other-other-search,1
account-home-account-other-product-account,16
account-home-account-other-product-end,39
account-home-account-other-product-home,7
account-home-account-other-product-other,7
account-home-account-other-product-product,69
account-home-account-other-product-search,9
account-home-account-other-search-account,2
account-home-account-other-search-product,5
account-home-account-product-account-account,188
account-home-account-product-account-end,45
account-home-account-product-account-home,53
account-home-account-product-account-other,16
account-home-account-product-account-product,185
account-home-account-product-account-search,15
account-home-account-product-end,581
account-home-account-product-home-account,61
account-home-account-product-home-end,61
account-home-account-product-home-home,30
account-home-account-product-home-other,10
account-home-account-product-home-product,144
account-home-account-product-home-search,19
account-home-account-product-other-account,5
account-home-account-product-other-end,2
account-home-account-product-other-home,4
account-home-account-product-other-other,19
account-home-account-product-other-product,5
account-home-account-product-product-account,133
account-home-account-product-product-end,190
account-home-account-product-product-home,103
account-home-account-product-product-other,7
account-home-account-product-product-product,489
account-home-account-product-product-search,30
account-home-account-product-search-account,26
account-home-account-product-search-end,3
account-home-account-product-search-home,2
account-home-account-product-search-product,43
account-home-account-product-search-search,16
account-home-account-search-account-account,40
account-home-account-search-account-end,9
account-home-account-search-account-home,7
account-home-account-search-account-other,4
account-home-account-search-account-product,22
account-home-account-search-account-search,4
account-home-account-search-end,9
account-home-account-search-home-account,2
account-home-account-search-home-product,3
account-home-account-search-home-search,4
account-home-account-search-other-account,1
account-home-account-search-other-other,1
account-home-account-search-product-account,11
account-home-account-search-product-end,24
account-home-account-search-product-home,9
account-home-account-search-product-other,2
account-home-account-search-product-product,72
account-home-account-search-product-search,24
account-home-account-search-search-account,4
account-home-account-search-search-product,28
account-home-account-search-search-search,12
account-home-end,15432
account-home-home-account-account-account,204
account-home-home-account-account-end,35
account-home-home-account-account-home,58
account-home-home-account-account-other,29
account-home-home-account-account-product,116
account-home-home-account-account-search,15
account-home-home-account-end,144
account-home-home-account-home-account,46
account-home-home-account-home-end,31
account-home-home-account-home-home,104
account-home-home-account-home-other,8
account-home-home-account-home-product,61
account-home-home-account-home-search,20
account-home-home-account-other-account,11
account-home-home-account-other-end,3
account-home-home-account-other-home,6
account-home-home-account-other-other,50
account-home-home-account-other-product,17
account-home-home-account-other-search,1
account-home-home-account-product-account,57
account-home-home-account-product-end,47
account-home-home-account-product-home,38
account-home-home-account-product-other,8
account-home-home-account-product-product,97
account-home-home-account-product-search,6
account-home-home-account-search-account,13
account-home-home-account-search-product,11
account-home-home-account-search-search,3
account-home-home-end,1096
account-home-home-home-account-account,59
account-home-home-home-account-end,15
account-home-home-home-account-home,52
account-home-home-home-account-other,7
account-home-home-home-account-product,33
account-home-home-home-account-search,5
account-home-home-home-end,150
account-home-home-home-home-account,58
account-home-home-home-home-end,44
account-home-home-home-home-home,205
account-home-home-home-home-other,27
account-home-home-home-home-product,111
account-home-home-home-home-search,23
account-home-home-home-other-account,16
account-home-home-home-other-end,5
account-home-home-home-other-home,17
account-home-home-home-other-other,24
account-home-home-home-other-product,11
account-home-home-home-product-account,29
account-home-home-home-product-end,46
account-home-home-home-product-home,130
account-home-home-home-product-other,6
account-home-home-home-product-product,95
account-home-home-home-product-search,18
account-home-home-home-search-account,22
account-home-home-home-search-end,3
account-home-home-home-search-home,27
account-home-home-home-search-product,50
account-home-home-home-search-search,22
account-home-home-other-account-account,54
account-home-home-other-account-end,11
account-home-home-other-account-home,9
account-home-home-other-account-other,17
account-home-home-other-account-product,25
account-home-home-other-end,44
account-home-home-other-home-account,5
account-home-home-other-home-end,8
account-home-home-other-home-home,22
account-home-home-other-home-other,6
account-home-home-other-home-product,17
account-home-home-other-home-search,1
account-home-home-other-other-account,35
account-home-home-other-other-end,27
account-home-home-other-other-home,18
account-home-home-other-other-other,99
account-home-home-other-other-product,62
account-home-home-other-other-search,2
account-home-home-other-product-account,21
account-home-home-other-product-end,31
account-home-home-other-product-home,9
account-home-home-other-product-other,15
account-home-home-other-product-product,35
account-home-home-other-product-search,2
account-home-home-other-search-account,2
account-home-home-other-search-product,7
account-home-home-other-search-search,2
account-home-home-product-account-account,110
account-home-home-product-account-end,26
account-home-home-product-account-home,39
account-home-home-product-account-other,13
account-home-home-product-account-product,108
account-home-home-product-account-search,8
account-home-home-product-end,480
account-home-home-product-home-account,56
account-home-home-product-home-end,116
account-home-home-product-home-home,129
account-home-home-product-home-other,10
account-home-home-product-home-product,242
account-home-home-product-home-search,34
account-home-home-product-other-account,5
account-home-home-product-other-end,5
account-home-home-product-other-home,3
account-home-home-product-other-other,22
account-home-home-product-other-product,11
account-home-home-product-product-account,103
account-home-home-product-product-end,169
account-home-home-product-product-home,140
account-home-home-product-product-other,12
account-home-home-product-product-product,513
account-home-home-product-product-search,43
account-home-home-product-search-account,10
account-home-home-product-search-end,2
account-home-home-product-search-home,5
account-home-home-product-search-product,56
account-home-home-product-search-search,16
account-home-home-search-account-account,50
account-home-home-search-account-end,14
account-home-home-search-account-home,11
account-home-home-search-account-other,4
account-home-home-search-account-product,36
account-home-home-search-account-search,13
account-home-home-search-end,21
account-home-home-search-home-account,9
account-home-home-search-home-end,3
account-home-home-search-home-home,14
account-home-home-search-home-other,1
account-home-home-search-home-product,15
account-home-home-search-home-search,9
account-home-home-search-other-other,2
account-home-home-search-product-account,30
account-home-home-search-product-end,84
account-home-home-search-product-home,40
account-home-home-search-product-other,2
account-home-home-search-product-product,169
account-home-home-search-product-search,69
account-home-home-search-search-account,14
account-home-home-search-search-end,8
account-home-home-search-search-home,2
account-home-home-search-search-other,1
account-home-home-search-search-product,80