[{"address": "\u6d59\u6c5f\u7701\u5b81\u6ce2\u5e02\u4f59\u59da\u5e02\u4e2d\u56fd\u5851\u6599\u57ce \u56fd\u9645\u5546\u52a1\u4e2d\u5fc31\u53f7\u697c209", "category": "\u6599\u7406\u673a", "ground": "ABS,ASA,AS,MABS,PC,PC/ABS,PMMA,MS,Q\u80f6,PP,PE,POM,HIPS,GPPS", "money": 2788, "name": "\u676d\u5dde\u6e7e\u98df\u54c1\u6709\u9650\u516c\u53f8", "property": "\u5c0f\u5fae\u4f01\u4e1a"}, {"address": "\u6d59\u6c5f\u7701\u5b81\u6ce2\u5e02\u4f59\u59da\u5e02\u4f59\u59da\u4e2d\u56fd\u5851\u6599\u57ce\u56fd\u9645\u5546\u52a1\u4e2d\u5fc33\u53f7\u697c19\u5c42/\u5b81\u6ce2\u534e\u4e1c\u7269\u8d44\u57ce\u56db\u901a\u9053417-419", "category": "\u6599\u7406\u673a", "ground": "pp,ABS,pom,\u77f3\u8721,\u786c\u8102\u9178", "money": 2000, "name": "\u5b81\u6ce2\u94b1\u5c0f\u9759\u8d38\u6613\u6709\u9650\u516c\u53f8", "property": ""}, {"address": "\u6d59\u6c5f\u7701\u5b81\u6ce2\u5e02\u4f59\u59da\u5e02\u65b0\u5efa\u5317\u8def515-4\u53f7", "category": "\u6599\u7406\u673a", "ground": "PP,ABS,PC,POM,PA6,PA66", "money": 1000, "name": "\u4f59\u59da\u5e02\u534e\u98ce\u8fdb\u51fa\u53e3\u6709\u9650\u516c\u53f8", "property": "\u5c0f\u5fae\u4f01\u4e1a"}, {"address": "\u6d59\u6c5f\u7701\u5b81\u6ce2\u5e02\u4f59\u59da\u5e02\u5851\u6599\u57ce\u4e8c\u671f1\u53f7\u697c7\u53f7", "category": "\u6599\u7406\u673a", "ground": "ABS,PC,POM,PA6,PA66,POK,PC/ABS,PPS", "money": 1000, "name": "\u4f59\u59da\u5e02\u521b\u683c\u5851\u5316\u6709\u9650\u516c\u53f8", "property": "\u5c0f\u5fae\u4f01\u4e1a"}, {"address": "\u6d59\u6c5f\u7701\u5b81\u6ce2\u5e02\u4f59\u59da\u5e02\u9633\u660e\u8857\u9053\u821c\u8fbe\u897f\u8def285-2\u53f7\u4e2d\u56fd\u5851\u6599\u57ce\u56fd\u9645\u5546\u52a1\u4e2d\u5fc33\u53f7\u697c25A", "category": "\u6599\u7406\u673a", "ground": "PC,ABS,PC/ABS", "money": 1000, "name": "\u6d59\u6c5f\u5468\u548c\u77f3\u5316\u6709\u9650\u516c\u53f8", "property": "\u5c0f\u5fae\u4f01\u4e1a"}, {"address": "\u6d59\u6c5f\u7701\u5b81\u6ce2\u5e02\u6148\u6eaa\u5e02\u6148\u6eaa\u89c2\u57ce\u91d1\u6148\u5851\u6599\u57ce\u91d1\u9f99\u697c5\u53f7", "category": "\u6599\u7406\u673a", "ground": "PP,LLDPE,ABS,AS,LDPE\u7b49\u7b49", "money": 600, "name": "\u5b81\u6ce2\u6850\u7476\u8d38\u6613\u6709\u9650\u516c\u53f8", "property": "\u5c0f\u5fae\u4f01\u4e1a"}, {"address": "\u6d59\u6c5f\u7701\u5b81\u6ce2\u5e02\u4f59\u59da\u5e02\u4e2d\u56fd\u5851\u6599\u57ce2-79", "category": "\u6599\u7406\u673a", "ground": "PVC,ABS,HDPE", "money": 500, "name": "\u4f59\u59da\u5e02\u660c\u6d77\u8fdb\u51fa\u53e3\u6709\u9650\u516c\u53f8", "property": "\u5c0f\u5fae\u4f01\u4e1a"}, {"address": "\u6d59\u6c5f\u7701\u5b81\u6ce2\u5e02\u4f59\u59da\u5e02\u6d59\u6c5f\u4f59\u59da\u4e2d\u56fd\u5851\u6599\u57ceZ\u533a609\u53f7", "category": "\u6599\u7406\u673a", "ground": "PC,POM,\u5c3c\u9f996,66,PC,PBT,ABS,PP", "money": 500, "name": "\u5b81\u6ce2\u5e02\u9886\u6602\u5851\u5316\u6709\u9650\u516c\u53f8", "property": "\u5c0f\u5fae\u4f01\u4e1a"}, {"address": "\u6d59\u6c5f\u7701\u5b81\u6ce2\u5e02\u4f59\u59da\u5e02\u51e4\u5c71\u8857\u9053\u821c\u6c47\u4e1c\u8def96\u5f0420\u53f7", "category": "\u6599\u7406\u673a", "ground": "PP,POM,PA66,PPS,PC,ABS,TPU\u53ca\u5404\u79cd\u5851\u80f6\u6539\u6027", "money": 500, "name": "\u4f59\u59da\u6768\u7389\u8fdb\u51fa\u53e3\u6709\u9650\u516c\u53f8", "property": "\u5c0f\u5fae\u4f01\u4e1a"}, {"address": "\u6d59\u6c5f\u7701\u5b81\u6ce2\u5e02\u4f59\u59da\u5e02\u4e2d\u56fd\u5851\u6599\u57ce\u4e2d\u5851\u56fd\u9645\u5546\u52a1\u4e2d\u5fc33\u53f7\u697c804\u5ba4", "category": "\u6599\u7406\u673a", "ground": "ABS,PA66,POE", "money": 300, "name": "\u4f59\u59da\u91d1\u7a57\u5de5\u7a0b\u5851\u6599\u6709\u9650\u516c\u53f8", "property": "\u5c0f\u5fae\u4f01\u4e1a"}, {"address": "\u6d59\u6c5f\u7701\u5b81\u6ce2\u5e02\u4f59\u59da\u5e02\u4e2d\u56fd\u5851\u6599\u57ce5-1\u53f7", "category": "\u6599\u7406\u673a", "ground": "ABS,GPPS", "money": 200, "name": "\u4f59\u59da\u5e02\u5e86\u6e90\u8d38\u6613\u6709\u9650\u516c\u53f8", "property": "\u5c0f\u5fae\u4f01\u4e1a"}, {"address": "\u6d59\u6c5f\u7701\u5b81\u6ce2\u5e02\u4f59\u59da\u5e02\u51e4\u5c71\u8857\u9053\u4e2d\u56fd\u5851\u6599\u57ceF\u533a", "category": "\u6599\u7406\u673a", "ground": "POM,PA6,PE,ABS,PP", "money": 200, "name": "\u4f59\u59da\u8c26\u4fe1\u8302\u5851\u5316\u6709\u9650\u516c\u53f8", "property": "\u5c0f\u5fae\u4f01\u4e1a"}, {"address": "\u6d59\u6c5f\u7701\u5b81\u6ce2\u5e02\u4f59\u59da\u5e02\u4e2d\u56fd\u5851\u6599\u57ceB-44", "category": "\u6599\u7406\u673a", "ground": "ABS,PP,PC/ABS", "money": 168, "name": "\u5b81\u6ce2\u4f17\u5b87\u8fdb\u51fa\u53e3\u6709\u9650\u516c\u53f8", "property": "\u5c0f\u5fae\u4f01\u4e1a"}, {"address": "\u6d59\u6c5f\u7701\u5b81\u6ce2\u5e02\u4f59\u59da\u5e02\u4e2d\u56fd\u5851\u6599\u57ce\u56fd\u9645\u5546\u52a1\u4e2d\u5fc33\u5e62906-1\u5ba4", "category": "\u6599\u7406\u673a", "ground": "\u5851\u6599\u539f\u6599,ABS,PP,PC,AS", "money": 100, "name": "\u5b81\u6ce2\u83b1\u4fe1\u5851\u6599\u8d38\u6613\u6709\u9650\u516c\u53f8", "property": "\u5c0f\u5fae\u4f01\u4e1a"}, {"address": "\u6d59\u6c5f\u7701\u5b81\u6ce2\u5e02\u4f59\u59da\u5e02\u65b0\u5efa\u5317\u8def440-40\u53f7", "category": "\u6599\u7406\u673a", "ground": "PA6,PA66,ABS,POM,PC,PA,PC", "money": 100, "name": "\u4f59\u59da\u5e02\u957f\u6797\u5851\u5316\u6709\u9650\u516c\u53f8", "property": "\u5c0f\u5fae\u4f01\u4e1a"}, {"address": "\u6d59\u6c5f\u7701\u5b81\u6ce2\u5e02\u4f59\u59da\u5e02\u4e2d\u56fd\u5851\u6599\u57ce\u56fd\u9645\u5546\u52a1\u4e2d\u5fc32\u5e62102\u5ba4", "category": "\u6599\u7406\u673a", "ground": "PP,PE,PVC,AS,ABS,PS,PC,PA,PC/ABS", "money": 100, "name": "\u5b81\u6ce2\u957f\u8fdc\u5851\u4e1a\u6709\u9650\u516c\u53f8", "property": "\u5c0f\u5fae\u4f01\u4e1a"}, {"address": "\u6d59\u6c5f\u7701\u5b81\u6ce2\u5e02\u4f59\u59da\u5e02\u4f59\u59da\u5851\u6599\u57ceF3-115", "category": "\u6599\u7406\u673a", "ground": "ABS,PP,PC,PMMA\u7b49", "money": 100, "name": "\u5b81\u6ce2\u53e4\u96f7\u65b0\u6750\u6599\u6709\u9650\u516c\u53f8", "property": "\u5c0f\u5fae\u4f01\u4e1a"}, {"address": "\u6d59\u6c5f\u7701\u5b81\u6ce2\u5e02\u4f59\u59da\u5e02\u4e2d\u56fd\u5851\u6599\u57ce\u65b0\u5efa\u5317\u8def440-19", "category": "\u6599\u7406\u673a", "ground": "\u6539\u6027\u5de5\u7a0b\u5851\u6599\u7814\u53d1,\u751f\u4ea7,\u9500\u552e,PA6,PA66,PPO/PPE,PC/ABS", "money": 100, "name": "\u4f59\u59da\u5e02\u8fb0\u4e30\u79be\u76db\u65b0\u6750\u6599\u6709\u9650\u516c\u53f8", "property": "\u5c0f\u5fae\u4f01\u4e1a"}, {"address": "\u6d59\u6c5f\u7701\u5b81\u6ce2\u5e02\u4f59\u59da\u5e02\u65b0\u5efa\u5317\u8def345\u53f7", "category": "\u6599\u7406\u673a", "ground": "\u65e5\u672c\u4e09\u83f1PC,LG\u5316\u5b66PC,\u97e9\u56fd\u4e50\u5929PC,\u6d59\u94c1\u5927\u98cePC,\u65e5\u672c\u5b9d\u7406PPS,\u97e9\u56fd\u4e50\u5929ABS", "money": 100, "name": "\u4f59\u59da\u5e02\u767e\u4f73\u5851\u5316\u6709\u9650\u516c\u53f8", "property": "\u5c0f\u5fae\u4f01\u4e1a"}, {"address": "\u6d59\u6c5f\u7701\u5b81\u6ce2\u5e02\u4f59\u59da\u5e02\u51e4\u5c71\u8857\u9053\u4e2d\u56fd\u5851\u6599\u57ceZ-912\u53f7", "category": "\u6599\u7406\u673a", "ground": "LDPE,LLDPE,PP,GPPS,HIPS,ABS,AS,POM,PMMA,PA6", "money": 100, "name": "\u4f59\u59da\u5e02\u65b0\u592e\u6676\u5851\u5316\u6709\u9650\u516c\u53f8", "property": ""}, {"address": "\u6d59\u6c5f\u7701\u5b81\u6ce2\u5e02\u4f59\u59da\u5e02\u4e2d\u56fd\u5851\u6599\u57ceF4-218", "category": "\u6599\u7406\u673a", "ground": "ABS,PP", "money": 100, "name": "\u5b81\u6ce2\u5e7f\u5955\u9686\u5851\u5316\u6709\u9650\u516c\u53f8", "property": "\u5c0f\u5fae\u4f01\u4e1a"}, {"address": "\u6d59\u6c5f\u7701\u5b81\u6ce2\u5e02\u4f59\u59da\u5e02\u4e2d\u56fd\u5851\u6599\u57ceD-12", "category": "\u6599\u7406\u673a", "ground": "PA6/66,ABS,PP", "money": 100, "name": "\u4f59\u59da\u5e02\u7f8e\u548c\u5851\u4e1a\u6709\u9650\u516c\u53f8", "property": "\u5c0f\u5fae\u4f01\u4e1a"}, {"address": "\u6d59\u6c5f\u7701\u5b81\u6ce2\u5e02\u6d77\u66d9\u533a\u901a\u9014\u8def3288\u53f7\u534e\u4e1c\u7269\u8d44\u57ce\u4e1c\u5916\u73af\u5e02\u573a\u4e94\u901a\u9053503\u53f7", "category": "\u6599\u7406\u673a", "ground": "PC,ABS,PS,PP,POE,PE", "money": 100, "name": "\u5b81\u6ce2\u5e02\u8fdc\u8bda\u65b0\u6750\u6599\u6709\u9650\u516c\u53f8", "property": "\u5c0f\u5fae\u4f01\u4e1a"}, {"address": "\u6d59\u6c5f\u7701\u5b81\u6ce2\u5e02\u4f59\u59da\u5e02\u5851\u6599\u57ce\u4e1c\u533a5-4", "category": "\u6599\u7406\u673a", "ground": "\u73af\u4fdd\u578bPC/ABS,PC", "money": 50, "name": "\u4f59\u59da\u5e02\u542f\u660e\u5851\u6599\u65b0\u6280\u672f\u5f00\u53d1\u6709\u9650\u516c\u53f8", "property": "\u5c0f\u5fae\u4f01\u4e1a"}, {"address": "\u6d59\u6c5f\u7701\u5b81\u6ce2\u5e02\u4f59\u59da\u5e02\u5851\u6599\u57ceZ\u533a517\u53f7", "category": "\u6599\u7406\u673a", "ground": "PA6,PA66,LLDPE,LDPE,HDPE,ABS", "money": 50, "name": "\u4f59\u59da\u5e02\u5929\u7b56\u8d38\u6613\u6709\u9650\u516c\u53f8", "property": "\u5c0f\u5fae\u4f01\u4e1a"}, {"address": "\u6d59\u6c5f\u7701\u5b81\u6ce2\u5e02\u4f59\u59da\u5e02\u4e2d\u56fd\u5851\u6599\u57ce2-72", "category": "\u6599\u7406\u673a", "ground": "ABS,AS,PS,PP,\u5de5\u7a0b\u5851\u6599\u7b49", "money": 50, "name": "\u4f59\u59da\u5e02\u534e\u5929\u5851\u6599\u6709\u9650\u516c\u53f8", "property": "\u5c0f\u5fae\u4f01\u4e1a"}, {"address": "\u6d59\u6c5f\u7701\u5b81\u6ce2\u5e02\u4f59\u59da\u5e02\u4e2d\u56fd\u5851\u6599\u57ceA1-44", "category": "\u6599\u7406\u673a", "ground": "ABS,PP,PA,PVC,AS", "money": 50, "name": "\u4f59\u59da\u5e02\u542f\u987a\u8d38\u6613\u6709\u9650\u516c\u53f8", "property": "\u5c0f\u5fae\u4f01\u4e1a"}, {"address": "\u6d59\u6c5f\u7701\u5b81\u6ce2\u5e02\u4f59\u59da\u5e02\u5851\u6599\u57ce\u65b0\u5efa\u5317\u8def428-9", "category": "\u6599\u7406\u673a", "ground": "ABS,\u589e\u5f3a\u5c3c\u9f99,\u589e\u5f3a\u805a\u4e19,\u589e\u5f3aPBT", "money": 50, "name": "\u4f59\u59da\u5e02\u827a\u8000\u5851\u5316\u6709\u9650\u516c\u53f8", "property": ""}, {"address": "\u6d59\u6c5f\u7701\u5b81\u6ce2\u5e02\u6148\u6eaa\u5e02\u89c2\u6d77\u536b\u9547\u89c2\u9644\u516c\u8def", "category": "\u6599\u7406\u673a", "ground": "PA,PPA,ABS,PC/ABS,PBT,PC,PE,HIPS", "money": 50, "name": "\u6148\u6eaa\u5e02\u4e07\u9633\u8fdb\u51fa\u53e3\u6709\u9650\u516c\u53f8", "property": "\u5c0f\u5fae\u4f01\u4e1a"}, {"address": "\u6d59\u6c5f\u7701\u5b81\u6ce2\u5e02\u4f59\u59da\u5e02\u5b81\u6ce2\u5851\u6599\u57ceZ\u533a703A", "category": "\u6599\u7406\u673a", "ground": "PP,ABS,PC", "money": 20, "name": "\u4f59\u59da\u5e02\u5609\u88d5\u5851\u6599\u6709\u9650\u516c\u53f8", "property": "\u5c0f\u5fae\u4f01\u4e1a"}]