[{"address": "\u6d59\u6c5f\u7701\u5b81\u6ce2\u5e02\u4f59\u59da\u5e02\u4e2d\u56fd\u5851\u6599\u57ceF3-102", "category": "\u65e9\u9910\u673a", "ground": "\u5851\u6599\u539f\u6599,ABS,PP,\u5c3c\u9f99", "money": 10000, "name": "\u6d59\u6c5f\u5c71\u8f89\u8fdb\u51fa\u53e3\u6709\u9650\u516c\u53f8", "property": "\u5c0f\u5fae\u4f01\u4e1a"}, {"address": "\u6d59\u6c5f\u7701\u5b81\u6ce2\u5e02\u6d77\u66d9\u533a\u836f\u884c\u885742\u53f7\u94f6\u4ebf\u73af\u7403\u4e2d\u5fc3B\u5ea71004\u5ba4", "category": "\u7a7a\u6c14\u70b8\u9505", "ground": "PS,ABS,PP", "money": 3000, "name": "\u5b81\u6ce2\u5e02\u6caa\u534e\u7269\u4ea7\u6709\u9650\u516c\u53f8", "property": "\u5c0f\u5fae\u4f01\u4e1a"}, {"address": "\u6d59\u6c5f\u7701\u5b81\u6ce2\u5e02\u4f59\u59da\u5e02\u5851\u6599\u57ce\u8def\u4e1c3-5", "category": "\u8c46\u6d46\u673a", "ground": "ABS,PP,PE,PC", "money": 2800, "name": "\u4f59\u59da\u5e02\u5609\u534e\u5316\u5de5\u6709\u9650\u516c\u53f8", "property": "\u5c0f\u5fae\u4f01\u4e1a"}, {"address": "\u6d59\u6c5f\u7701\u5b81\u6ce2\u5e02\u4f59\u59da\u5e02\u4e2d\u56fd\u5851\u6599\u57ce \u56fd\u9645\u5546\u52a1\u4e2d\u5fc31\u53f7\u697c209", "category": "\u6599\u7406\u673a", "ground": "ABS,ASA,AS,MABS,PC,PC/ABS,PMMA,MS,Q\u80f6,PP,PE,POM,HIPS,GPPS", "money": 2788, "name": "\u676d\u5dde\u6e7e\u98df\u54c1\u6709\u9650\u516c\u53f8", "property": "\u5c0f\u5fae\u4f01\u4e1a"}, {"address": "\u6d59\u6c5f\u7701\u5b81\u6ce2\u5e02\u4f59\u59da\u5e02\u4f59\u59da\u4e2d\u56fd\u5851\u6599\u57ce\u56fd\u9645\u5546\u52a1\u4e2d\u5fc33\u53f7\u697c19\u5c42/\u5b81\u6ce2\u534e\u4e1c\u7269\u8d44\u57ce\u56db\u901a\u9053417-419", "category": "\u6599\u7406\u673a", "ground": "pp,ABS,pom,\u77f3\u8721,\u786c\u8102\u9178", "money": 2000, "name": "\u5b81\u6ce2\u94b1\u5c0f\u9759\u8d38\u6613\u6709\u9650\u516c\u53f8", "property": ""}, {"address": "\u6d59\u6c5f\u7701\u5b81\u6ce2\u5e02\u4f59\u59da\u5e02\u821c\u6c47\u4e1c\u8def38\u53f7", "category": "\u7535\u84b8\u9505", "ground": "ABS,AS,PS,PP,\u5de5\u7a0b\u5851\u6599", "money": 2000, "name": "\u6d59\u6c5f\u6676\u5706\u6750\u6599\u79d1\u6280\u6709\u9650\u516c\u53f8", "property": "\u5c0f\u5fae\u4f01\u4e1a"}, {"address": "\u6d59\u6c5f\u7701\u5b81\u6ce2\u5e02\u4f59\u59da\u5e02\u821c\u79d1\u8def23\u53f7", "category": "\u8c46\u6d46\u673a", "ground": "POM,PC,PA,PMMA,ABS,AS,MS,PP,PE,PS\u7b49\u5851\u6599\u539f\u6599", "money": 1780, "name": "\u6d59\u6c5f\u65b0\u957f\u57ce\u9ad8\u5206\u5b50\u6750\u6599\u6709\u9650\u516c\u53f8", "property": "\u5c0f\u5fae\u4f01\u4e1a"}, {"address": "\u6d59\u6c5f\u7701\u5b81\u6ce2\u5e02\u4f59\u59da\u5e02\u4e2d\u56fd\u5851\u6599\u57ceB\u533a28\u53f7", "category": "\u7535\u7096\u9505", "ground": "\u6539\u6027PA6,PA66,\u6539\u6027PBT,\u6539\u6027PP,PC/ABS\u7b49", "money": 1600, "name": "\u5b81\u6ce2\u666e\u7acb\u9686\u9ad8\u5206\u5b50\u6750\u6599\u6709\u9650\u516c\u53f8", "property": "\u5c0f\u5fae\u4f01\u4e1a"}, {"address": "\u6d59\u6c5f\u7701\u5b81\u6ce2\u5e02\u4f59\u59da\u5e02\u4e2d\u56fd\u5851\u6599\u57ce\u56fd\u9645\u5546\u52a1\u4e2d\u5fc33\u5e62603\u5ba4", "category": "\u8c46\u6d46\u673a", "ground": "ABS,AS,PMMA,PC,PA,POM", "money": 1180, "name": "\u6d59\u6c5f\u5353\u8000\u8fdb\u51fa\u53e3\u6709\u9650\u516c\u53f8", "property": "\u5c0f\u5fae\u4f01\u4e1a"}, {"address": "\u6d59\u6c5f\u7701\u5b81\u6ce2\u5e02\u4f59\u59da\u5e02\u4e2d\u56fd\u5851\u6599\u57ce\u56fd\u9645\u5546\u52a1\u4e2d\u5fc33\u5e621703\u5ba4", "category": "\u7535\u997c\u94db", "ground": "PC,ABS", "money": 1168, "name": "\u6d59\u6c5f\u51ef\u4fe1\u5851\u6599\u6709\u9650\u516c\u53f8", "property": ""}, {"address": "\u6d59\u6c5f\u7701\u5b81\u6ce2\u5e02\u6148\u6eaa\u5e02\u53e4\u5858\u8857\u9053\u6d77\u5173\u5317\u8def555\u53f7", "category": "\u65e9\u9910\u673a", "ground": "MLLDPE\u8302\u91d1\u5c5e,ABS,PC,POE\u5f39\u6027\u4f53,\u4e09\u5143\u4e59\u4e19\u6a61\u80f6,\u4e8c\u5143\u4e59\u4e19\u6a61\u80f6", "money": 1080, "name": "\u5b81\u6ce2\u8302\u6797\u8fdb\u51fa\u53e3\u6709\u9650\u516c\u53f8", "property": "\u5c0f\u5fae\u4f01\u4e1a"}, {"address": "\u6d59\u6c5f\u7701\u5b81\u6ce2\u5e02\u4f59\u59da\u5e02\u4e2d\u56fd\u5851\u6599\u57ce\u821c\u8fbe\u897f\u8def285\u53f7\u56fd\u9645\u5546\u52a1\u4e2d\u5fc31\u5e62213-1-2", "category": "\u7a7a\u6c14\u70b8\u9505", "ground": "ABS,ASA,AS,PS,PP,PMMA,PC,POM,Q\u80f6,MS\u7b49\u5851\u6599\u7684\u8fdb\u53e3\u53ca\u9500\u552e", "money": 1000, "name": "\u6d59\u6c5f\u524d\u6d6a\u8fdb\u51fa\u53e3\u6709\u9650\u516c\u53f8", "property": ""}, {"address": "\u6d59\u6c5f\u7701\u5b81\u6ce2\u5e02\u4f59\u59da\u5e02\u65b0\u5efa\u5317\u8def515-4\u53f7", "category": "\u6599\u7406\u673a", "ground": "PP,ABS,PC,POM,PA6,PA66", "money": 1000, "name": "\u4f59\u59da\u5e02\u534e\u98ce\u8fdb\u51fa\u53e3\u6709\u9650\u516c\u53f8", "property": "\u5c0f\u5fae\u4f01\u4e1a"}, {"address": "\u6d59\u6c5f\u7701\u5b81\u6ce2\u5e02\u4f59\u59da\u5e02\u65b0\u5efa\u5317\u8def357-1\u53f7(\u4ed9\u6865\u516c\u4ea4\u8f66\u7ad9\u65c1\uff09", "category": "\u69a8\u6c41\u673a", "ground": "PP,PE,ABS,PS,AS", "money": 1000, "name": "\u6d59\u6c5f\u5e7f\u610f\u5851\u6599\u6709\u9650\u516c\u53f8", "property": "\u5c0f\u5fae\u4f01\u4e1a"}, {"address": "\u6d59\u6c5f\u7701\u5b81\u6ce2\u5e02\u4f59\u59da\u5e02\u56fd\u9645\u5546\u52a1\u4e2d\u5fc3\u4e8c\u53f7\u697c1703", "category": "\u7a7a\u6c14\u70b8\u9505", "ground": "ABS,PP,PE,POM,PMMA", "money": 1000, "name": "\u6d59\u6c5f\u4ebf\u5954\u65b0\u6750\u6599\u6709\u9650\u516c\u53f8", "property": "\u5c0f\u5fae\u4f01\u4e1a"}, {"address": "\u6d59\u6c5f\u7701\u5b81\u6ce2\u5e02\u4f59\u59da\u5e02\u57ce\u533a\u821c\u79d1\u8def31\u53f7", "category": "\u69a8\u6c41\u673a", "ground": "\u786c\u80f6ABS,SAN\uff08AS\uff09", "money": 1000, "name": "\u5b81\u6ce2\u9526\u8fbe\u5316\u5de5\u6709\u9650\u516c\u53f8", "property": "\u5c0f\u5fae\u4f01\u4e1a"}, {"address": "\u6d59\u6c5f\u7701\u5b81\u6ce2\u5e02\u6148\u6eaa\u5e02\u5321\u5830\u9547\u5c55\u817e\u8def239\u53f7", "category": "\u7a7a\u6c14\u70b8\u9505", "ground": "PC\u518d\u751f\u7c92\u5b50,\u526f\u724c\u7c92\u5b50,ABS\u518d\u751f\u7c92\u5b50", "money": 1000, "name": "\u5b81\u6ce2\u8fdc\u6c5f\u65b0\u6750\u6599\u6709\u9650\u516c\u53f8", "property": "\u5c0f\u5fae\u4f01\u4e1a"}, {"address": "\u6d59\u6c5f\u7701\u5b81\u6ce2\u5e02\u4f59\u59da\u5e02\u5851\u6599\u57ce\u4e8c\u671f1\u53f7\u697c7\u53f7", "category": "\u6599\u7406\u673a", "ground": "ABS,PC,POM,PA6,PA66,POK,PC/ABS,PPS", "money": 1000, "name": "\u4f59\u59da\u5e02\u521b\u683c\u5851\u5316\u6709\u9650\u516c\u53f8", "property": "\u5c0f\u5fae\u4f01\u4e1a"}, {"address": "\u6d59\u6c5f\u7701\u5b81\u6ce2\u5e02\u4f59\u59da\u5e02\u5851\u6599\u57ce\u65b0\u5efa\u5317\u8def388-1\u53f7", "category": "\u8c46\u6d46\u673a", "ground": "ABS\u518d\u751f\u6599,PC/ABS", "money": 1000, "name": "\u5b81\u6ce2\u660a\u5e06\u8fdb\u51fa\u53e3\u6709\u9650\u516c\u53f8", "property": "\u5c0f\u5fae\u4f01\u4e1a"}, {"address": "\u6d59\u6c5f\u7701\u5b81\u6ce2\u5e02\u4f59\u59da\u5e02\u4e2d\u56fd\u5851\u6599\u57ce\u56fd\u9645\u5546\u52a1\u4e2d\u5fc31\u5e62119\u5ba4", "category": "\u7535\u997c\u94db", "ground": "GPPS,HIPS,ABS", "money": 1000, "name": "\u6d59\u6c5f\u5851\u6069\u65b0\u6750\u6599\u79d1\u6280\u6709\u9650\u516c\u53f8", "property": "\u5c0f\u5fae\u4f01\u4e1a"}, {"address": "\u6d59\u6c5f\u7701\u5b81\u6ce2\u5e02\u911e\u5dde\u533a\u911e\u53bf\u5927\u9053\u4e0b\u5e94\u6bb51333\u53f7\u911e\u5dde\u6c47\u805a\u7269\u8d44\u4ea4\u6613\u5e02\u573a2-109", "category": "\u7535\u84b8\u9505", "ground": "PP,PE,ABS,LDPE,HDPE", "money": 1000, "name": "\u5b81\u6ce2\u5927\u79cb\u77f3\u5316\u6709\u9650\u516c\u53f8", "property": "\u5c0f\u5fae\u4f01\u4e1a"}, {"address": "\u6d59\u6c5f\u7701\u5b81\u6ce2\u5e02\u4f59\u59da\u5e02\u51e4\u5c71\u8857\u9053\u5851\u6599\u57ceA\u533a\u4e94\u5c42A-505", "category": "\u7535\u997c\u94db", "ground": "PP,ABS,ASA,PE,PA6,PC", "money": 1000, "name": "\u5b81\u6ce2\u9093\u5bb6\u5851\u5316\u6709\u9650\u516c\u53f8", "property": ""}, {"address": "\u6d59\u6c5f\u7701\u5b81\u6ce2\u5e02\u4f59\u59da\u5e02\u6d59\u6c5f\u4f59\u59da\u4e2d\u56fd\u5851\u6599\u57ceB-8", "category": "\u8c46\u6d46\u673a", "ground": "PPPEEVAPSABS", "money": 1000, "name": "\u6d59\u6c5f\u5851\u7279\u5316\u5de5\u6709\u9650\u516c\u53f8", "property": "\u5c0f\u5fae\u4f01\u4e1a"}, {"address": "\u6d59\u6c5f\u7701\u5b81\u6ce2\u5e02\u4f59\u59da\u5e02\u8fbe\u897f\u8def275\u53f72\u53f7\u697c", "category": "\u7535\u84b8\u9505", "ground": "ABS,PC,POM,PBT,PA6/66,PP,PC/ABS,PEI,PEEK", "money": 1000, "name": "\u6d59\u6c5f\u7701\u6c81\u822a\u8fdb\u51fa\u53e3\u6709\u9650\u516c\u53f8", "property": ""}, {"address": "\u6d59\u6c5f\u7701\u5b81\u6ce2\u5e02\u4f59\u59da\u5e02\u4e2d\u56fd\u5851\u6599\u57ceF\u533a4\u53f7\u697c113\u5ba4", "category": "\u7535\u997c\u94db", "ground": "PP,PE,ABS,PC,POM,PA", "money": 1000, "name": "\u5b81\u6ce2\u535a\u7f8e\u6c47\u5851\u5316\u8d38\u6613\u6709\u9650\u516c\u53f8", "property": "\u5c0f\u5fae\u4f01\u4e1a"}, {"address": "\u6d59\u6c5f\u7701\u5b81\u6ce2\u5e02\u4f59\u59da\u5e02\u6c5f\u5317\u533a\u957f\u5174\u8def689\u5f0421\u53f710\u5e62112\u5ba4\u6258\u7ba17729\uff08\u5546\u52a1\u6258\u7ba1\uff09", "category": "\u8c46\u6d46\u673a", "ground": "PC,ABS,PC/ABS", "money": 1000, "name": "\u6d59\u6c5f\u5b87\u548c\u65b0\u6750\u6599\u6709\u9650\u516c\u53f8", "property": "\u5c0f\u5fae\u4f01\u4e1a"}, {"address": "\u6d59\u6c5f\u7701\u5b81\u6ce2\u5e02\u4f59\u59da\u5e02\u9633\u660e\u8857\u9053\u821c\u8fbe\u897f\u8def285-2\u53f7\u4e2d\u56fd\u5851\u6599\u57ce\u56fd\u9645\u5546\u52a1\u4e2d\u5fc33\u53f7\u697c25A", "category": "\u6599\u7406\u673a", "ground": "PC,ABS,PC/ABS", "money": 1000, "name": "\u6d59\u6c5f\u5468\u548c\u77f3\u5316\u6709\u9650\u516c\u53f8", "property": "\u5c0f\u5fae\u4f01\u4e1a"}, {"address": "\u6d59\u6c5f\u7701\u5b81\u6ce2\u5e02\u4f59\u59da\u5e02\u51e4\u5c71\u8857\u9053\u65b0\u5efa\u5317\u8def493-2\u53f7", "category": "\u7535\u997c\u94db", "ground": "\u5851\u6599\u518d\u751f\u7c92\u5b50,HDPE,ABS\u518d\u751f\u6599,PA6,PA66", "money": 1000, "name": "\u6d59\u6c5f\u541b\u7ea2\u5851\u5316\u6709\u9650\u516c\u53f8", "property": "\u5c0f\u5fae\u4f01\u4e1a"}, {"address": "\u6d59\u6c5f\u7701\u5b81\u6ce2\u5e02\u6148\u6eaa\u5e02\u5b97\u6c49\u8857\u9053\u91d1\u8f6e\u5357\u8def41\u53f7", "category": "\u7535\u997c\u94db", "ground": "PC,ABS", "money": 1000, "name": "\u6d59\u6c5f\u957f\u5ddd\u5de5\u7a0b\u5851\u6599\u6709\u9650\u516c\u53f8", "property": "\u5c0f\u5fae\u4f01\u4e1a"}, {"address": "\u6d59\u6c5f\u7701\u5b81\u6ce2\u5e02\u4f59\u59da\u5e02\u4e2d\u56fd\u5851\u6599\u57ceD-3", "category": "\u7535\u997c\u94db", "ground": "ABS,LLDPE,PBT,POM,HIPS,PP,PA6,PA66,HDPE,LDPE", "money": 1000, "name": "\u5b81\u6ce2\u6893\u80fd\u8d38\u6613\u6709\u9650\u516c\u53f8", "property": "\u5c0f\u5fae\u4f01\u4e1a"}, {"address": "\u6d59\u6c5f\u7701\u5b81\u6ce2\u5e02\u4f59\u59da\u5e02\u4e2d\u56fd\u5851\u6599\u57ceZ-1503 B", "category": "\u69a8\u6c41\u673a", "ground": "PC,PPO,PC/ABS", "money": 800, "name": "\u5b81\u6ce2\u91d1\u8d5b\u4ebf\u8fdb\u51fa\u53e3\u6709\u9650\u516c\u53f8", "property": "\u5c0f\u5fae\u4f01\u4e1a"}, {"address": "\u6d59\u6c5f\u7701\u5b81\u6ce2\u5e02\u4f59\u59da\u5e02\u65b0\u5efa\u5317\u8def425\u53f7\u4e2d\u5851\u4e16\u7eaa\u5927\u53a62\u5e62608", "category": "\u7535\u7096\u9505", "ground": "\u4ee3\u7406\u7ecf\u9500\u97e9\u56fd\u4e50\u5929,\u4e09\u661f\u9053\u8fbe\u5c14\u9ad8\u900f\u660ePP,\u62dc\u8033,\u4e09\u661fPC,\u53f0\u6e7e\u5947\u7f8eABS,PC\u7b49", "money": 800, "name": "\u4f59\u59da\u5e02\u6676\u6da6\u8d38\u6613\u6709\u9650\u516c\u53f8", "property": "\u5c0f\u5fae\u4f01\u4e1a"}, {"address": "\u6d59\u6c5f\u7701\u5b81\u6ce2\u5e02\u4f59\u59da\u5e02\u4e2d\u56fd\u5851\u6599\u57ceZ-217", "category": "\u65e9\u9910\u673a", "ground": "PS,PP,ABS,PE,PC,PA", "money": 600, "name": "\u5b81\u6ce2\u65b0\u6cf0\u6e90\u8fdb\u51fa\u53e3\u6709\u9650\u516c\u53f8", "property": "\u5c0f\u5fae\u4f01\u4e1a"}, {"address": "\u6d59\u6c5f\u7701\u5b81\u6ce2\u5e02\u6148\u6eaa\u5e02\u6148\u6eaa\u89c2\u57ce\u91d1\u6148\u5851\u6599\u57ce\u91d1\u9f99\u697c5\u53f7", "category": "\u6599\u7406\u673a", "ground": "PP,LLDPE,ABS,AS,LDPE\u7b49\u7b49", "money": 600, "name": "\u5b81\u6ce2\u6850\u7476\u8d38\u6613\u6709\u9650\u516c\u53f8", "property": "\u5c0f\u5fae\u4f01\u4e1a"}, {"address": "\u6d59\u6c5f\u7701\u5b81\u6ce2\u5e02\u4f59\u59da\u5e02\u65b0\u5efa\u5317\u8def413\u53f7\u3001413\u53f7-1", "category": "\u65e9\u9910\u673a", "ground": "PVC,\u52a9\u5242,PP,PC,ABS,PBT,PC,ABS", "money": 528, "name": "\u4f59\u59da\u5e02\u901a\u6c47\u5316\u5de5\u6709\u9650\u516c\u53f8", "property": "\u5c0f\u5fae\u4f01\u4e1a"}, {"address": "\u6d59\u6c5f\u7701\u5b81\u6ce2\u5e02\u4f59\u59da\u5e02\u4f59\u59da\u4e2d\u56fd\u5851\u6599\u57ce\u56fd\u9645\u5546\u52a1\u4e2d\u5fc33\u53f7\u697c1901\u5ba4", "category": "\u65e9\u9910\u673a", "ground": "ABS,PVC,PC,LLDPE,LDPE", "money": 518, "name": "\u5b81\u6ce2\u4e2d\u5f97\u8fdb\u51fa\u53e3\u6709\u9650\u516c\u53f8", "property": "\u5c0f\u5fae\u4f01\u4e1a"}, {"address": "\u6d59\u6c5f\u7701\u5b81\u6ce2\u5e02\u4f59\u59da\u5e02\u4e2d\u56fd\u5851\u6599\u57ce2-24\u53f7", "category": "\u7535\u84b8\u9505", "ground": "ABS,AS,PS\u7cfb\u5217,PP\u7cfb\u5217,PE\u7cfb\u5217,PC,PVC,EVA,PA6\u7b49", "money": 500, "name": "\u4f59\u59da\u5e02\u5927\u4e30\u77f3\u5316\u6709\u9650\u516c\u53f8", "property": "\u5c0f\u5fae\u4f01\u4e1a"}, {"address": "\u6d59\u6c5f\u7701\u5b81\u6ce2\u5e02\u4f59\u59da\u5e02\u4e2d\u5851\u4e16\u7eaa\u5927\u53a61\u53f7\u697c1103-05\u5ba4", "category": "\u7535\u7096\u9505", "ground": "PPO,PC,PC/ABS,PC/PBT,PBT,PET,ASA,ABS\u7b49\u5de5\u7a0b\u5851\u6599", "money": 500, "name": "\u5b81\u6ce2\u4e09\u8d62\u5316\u5de5\u6709\u9650\u516c\u53f8", "property": ""}, {"address": "\u6d59\u6c5f\u7701\u5b81\u6ce2\u5e02\u4f59\u59da\u5e02\u51e4\u5c71\u8857\u9053\u5851\u6599\u57ceZ\u533a614A\u53f7", "category": "\u7535\u997c\u94db", "ground": "PP,ABS,PC,POM,PA6,PA66", "money": 500, "name": "\u5b81\u6ce2\u76c8\u53d1\u5851\u5316\u6709\u9650\u516c\u53f8", "property": "\u5c0f\u5fae\u4f01\u4e1a"}, {"address": "\u6d59\u6c5f\u7701\u5b81\u6ce2\u5e02\u6148\u6eaa\u5e02\u638c\u8d77\u9547\u7ecf\u6d4e\u5f00\u53d1\u533a", "category": "\u69a8\u6c41\u673a", "ground": "PC,ABS", "money": 500, "name": "\u5b81\u6ce2\u8302\u5149\u8d38\u6613\u6709\u9650\u516c\u53f8", "property": "\u5c0f\u5fae\u4f01\u4e1a"}, {"address": "\u6d59\u6c5f\u7701\u5b81\u6ce2\u5e02\u4f59\u59da\u5e02\u4e2d\u56fd\u5851\u6599\u57ce\u65b0\u5efa\u5317\u8def325", "category": "\u7535\u997c\u94db", "ground": "ABS,PP,PVC,PMMA,PE", "money": 500, "name": "\u4f59\u59da\u5e02\u5bcc\u6770\u5851\u6599\u6709\u9650\u516c\u53f8", "property": "\u5c0f\u5fae\u4f01\u4e1a"}, {"address": "\u6d59\u6c5f\u7701\u5b81\u6ce2\u5e02\u4f59\u59da\u5e02\u4e2d\u56fd\u5851\u6599\u57ceE-28", "category": "\u7a7a\u6c14\u70b8\u9505", "ground": "ABS,PP,PE,PS,PC", "money": 500, "name": "\u5b81\u6ce2\u5929\u4f73\u65f6\u8fdb\u51fa\u53e3\u6709\u9650\u516c\u53f8", "property": "\u5c0f\u5fae\u4f01\u4e1a"}, {"address": "\u6d59\u6c5f\u7701\u5b81\u6ce2\u5e02\u4f59\u59da\u5e02\u4e2d\u56fd\u5851\u6599\u57ce2-79", "category": "\u6599\u7406\u673a", "ground": "PVC,ABS,HDPE", "money": 500, "name": "\u4f59\u59da\u5e02\u660c\u6d77\u8fdb\u51fa\u53e3\u6709\u9650\u516c\u53f8", "property": "\u5c0f\u5fae\u4f01\u4e1a"}, {"address": "\u6d59\u6c5f\u7701\u5b81\u6ce2\u5e02\u4f59\u59da\u5e02\u4e2d\u56fd\u5851\u6599\u57ce\u56fd\u9645\u5546\u52a1\u4e2d\u5fc32\u53f7\u697c604", "category": "\u69a8\u6c41\u673a", "ground": "EVA,PP,PE,PS,ABS", "money": 500, "name": "\u5b81\u6ce2\u827a\u5bcc\u8fdb\u51fa\u53e3\u6709\u9650\u516c\u53f8", "property": "\u5c0f\u5fae\u4f01\u4e1a"}, {"address": "\u6d59\u6c5f\u7701\u5b81\u6ce2\u5e02\u4f59\u59da\u5e02\u4e2d\u56fd\u5851\u6599\u57ceD\u533a3\u53f7", "category": "\u65e9\u9910\u673a", "ground": "ABS,PP,PE,PS,HIPS", "money": 500, "name": "\u4f59\u59da\u5965\u96c5\u7279\u8d38\u6613\u6709\u9650\u516c\u53f8", "property": "\u5c0f\u5fae\u4f01\u4e1a"}, {"address": "\u6d59\u6c5f\u7701\u5b81\u6ce2\u5e02\u4f59\u59da\u5e02\u4e2d\u56fd\u5851\u6599\u57ce\u56fd\u9645\u5546\u52a1\u4e2d\u5fc31\u5e62309", "category": "\u7a7a\u6c14\u70b8\u9505", "ground": "ABS,PP,PE,PVC,PC,PA", "money": 500, "name": "\u5b81\u6ce2\u6c38\u7ef4\u8fdb\u51fa\u53e3\u6709\u9650\u516c\u53f8", "property": "\u5c0f\u5fae\u4f01\u4e1a"}, {"address": "\u6d59\u6c5f\u7701\u5b81\u6ce2\u5e02\u4f59\u59da\u5e02\u6d59\u6c5f\u4f59\u59da\u4e2d\u56fd\u5851\u6599\u57ceZ\u533a609\u53f7", "category": "\u6599\u7406\u673a", "ground": "PC,POM,\u5c3c\u9f996,66,PC,PBT,ABS,PP", "money": 500, "name": "\u5b81\u6ce2\u5e02\u9886\u6602\u5851\u5316\u6709\u9650\u516c\u53f8", "property": "\u5c0f\u5fae\u4f01\u4e1a"}, {"address": "\u6d59\u6c5f\u7701\u5b81\u6ce2\u5e02\u5317\u4ed1\u533a\u5b81\u6ce2\u4fdd\u7a0e\u533a\u5174\u4e1a\u4e8c\u8def8\u53f73\u5e62252\u5ba4", "category": "\u7535\u7096\u9505", "ground": "\u5851\u6599PP,PE,ABS,PS", "money": 500, "name": "\u5b81\u6ce2\u6587\u548c\u5316\u5de5\u6709\u9650\u516c\u53f8", "property": "\u5c0f\u5fae\u4f01\u4e1a"}, {"address": "\u6d59\u6c5f\u7701\u5b81\u6ce2\u5e02\u4f59\u59da\u5e02\u4e2d\u56fd\u5851\u6599\u57ce\u8def\u4e1c2-42\u300143\u53f7", "category": "\u65e9\u9910\u673a", "ground": "ABS,PS,PE,PP", "money": 500, "name": "\u5b81\u6ce2\u987a\u521b\u8fdb\u51fa\u53e3\u6709\u9650\u516c\u53f8", "property": "\u5c0f\u5fae\u4f01\u4e1a"}, {"address": "\u6d59\u6c5f\u7701\u5b81\u6ce2\u5e02\u4f59\u59da\u5e02\u6717\u971e\u8857\u9053\u9f99\u738b\u5802\u5de5\u4e1a\u56ed\u533a\u4f17\u5174\u8def\u53574\u53f7", "category": "\u7535\u997c\u94db", "ground": "\u5de5\u7a0b\u5851\u6599PA6/PA66,ABS,PP,PC,\u6539\u6027\u548cTPE\u5f39\u6027\u4f53", "money": 500, "name": "\u5b81\u6ce2\u6052\u62d3\u9ad8\u5206\u5b50\u6750\u6599\u6709\u9650\u516c\u53f8", "property": "\u5c0f\u5fae\u4f01\u4e1a \u9ad8\u65b0\u6280\u672f\u4f01\u4e1a\u79d1\u6280\u578b\u4e2d\u5c0f\u4f01\u4e1a \u521b\u65b0\u578b\u4e2d\u5c0f\u4f01\u4e1a"}, {"address": "\u6d59\u6c5f\u7701\u5b81\u6ce2\u5e02\u4f59\u59da\u5e02\u821c\u6c47\u4e1c\u8def136-320\u53f7", "category": "\u69a8\u6c41\u673a", "ground": "PA6,PA66,PC,POM,PC/ABS,POE", "money": 500, "name": "\u4f59\u59da\u5e02\u5bb6\u5bcc\u5851\u5316\u6709\u9650\u516c\u53f8", "property": "\u5c0f\u5fae\u4f01\u4e1a"}, {"address": "\u6d59\u6c5f\u7701\u5b81\u6ce2\u5e02\u4f59\u59da\u5e02\u4e2d\u56fd\u5851\u6599\u57ce\u4e2d\u5851\u56fd\u9645\u5546\u52a1\u4e2d\u5fc31\u53f7\u697c319", "category": "\u65e9\u9910\u673a", "ground": "PC\u539f\u6599,PP\u539f\u6599,PE\u539f\u6599,PC/ABS\u539f\u6599,POM\u539f\u6599\u4ee5\u53ca\u675c\u90a6,\u62dc\u8033", "money": 500, "name": "\u5b81\u6ce2\u5927\u5851\u4ea8\u56fd\u9645\u8d38\u6613\u6709\u9650\u516c\u53f8", "property": "\u5c0f\u5fae\u4f01\u4e1a"}, {"address": "\u6d59\u6c5f\u7701\u5b81\u6ce2\u5e02\u4f59\u59da\u5e02\u4f59\u59da\u5851\u6599\u57ce\u4e1c\u533a2\u4e007", "category": "\u65e9\u9910\u673a", "ground": "HDPE,PP,ABS,LLDPE", "money": 500, "name": "\u4f59\u59da\u5e02\u9645\u54c1\u8fdb\u51fa\u53e3\u6709\u9650\u516c\u53f8", "property": "\u5c0f\u5fae\u4f01\u4e1a"}, {"address": "\u6d59\u6c5f\u7701\u5b81\u6ce2\u5e02\u4f59\u59da\u5e02\u51e4\u5c71\u8857\u9053\u821c\u6c47\u4e1c\u8def96\u5f0420\u53f7", "category": "\u6599\u7406\u673a", "ground": "PP,POM,PA66,PPS,PC,ABS,TPU\u53ca\u5404\u79cd\u5851\u80f6\u6539\u6027", "money": 500, "name": "\u4f59\u59da\u6768\u7389\u8fdb\u51fa\u53e3\u6709\u9650\u516c\u53f8", "property": "\u5c0f\u5fae\u4f01\u4e1a"}, {"address": "\u6d59\u6c5f\u7701\u5b81\u6ce2\u5e02\u4f59\u59da\u5e02\u4e2d\u56fd\u5851\u6599\u57ce\u56fd\u9645\u5546\u52a1\u4e2d\u5fc32\u5e6215A03", "category": "\u65e9\u9910\u673a", "ground": "POM,PC,PA,PMMA,ABS", "money": 500, "name": "\u5b81\u6ce2\u4e2d\u76ee\u8d38\u6613\u6709\u9650\u516c\u53f8", "property": "\u5c0f\u5fae\u4f01\u4e1a"}, {"address": "\u6d59\u6c5f\u7701\u5b81\u6ce2\u5e02\u4f59\u59da\u5e02\u4e2d\u56fd\u5851\u6599\u57ceB\u533aB-22", "category": "\u65e9\u9910\u673a", "ground": "POM,PA,PC,PPS,ABS", "money": 500, "name": "\u5b81\u6ce2\u660e\u5408\u5851\u6599\u8d38\u6613\u6709\u9650\u516c\u53f8", "property": "\u5c0f\u5fae\u4f01\u4e1a"}, {"address": "\u6d59\u6c5f\u7701\u5b81\u6ce2\u5e02\u4f59\u59da\u5e02\u5851\u6599\u57ce\u56fd\u9645\u5546\u52a1\u4e2d\u5fc31\u5e623\u697c350\u5ba4", "category": "\u7535\u997c\u94db", "ground": "POM,PA12,PA66,ABS,PC,PP,PC/ABS,PBT", "money": 500, "name": "\u5b81\u6ce2\u9e4f\u4ec1\u65b0\u6750\u6599\u6709\u9650\u516c\u53f8", "property": "\u5c0f\u5fae\u4f01\u4e1a"}, {"address": "\u6d59\u6c5f\u7701\u5b81\u6ce2\u5e02\u4f59\u59da\u5e02\u65b0\u5efa\u5317\u8def425\u53f7\u4e2d\u5851\u4e16\u7eaa\u5927\u53a61\u53f7\u697c1502\u5ba4", "category": "\u8c46\u6d46\u673a", "ground": "PP,PE,PET,ABS,\u7b49\u5851\u80f6\u539f\u6599", "money": 500, "name": "\u5b81\u6ce2\u4ec1\u5ba3\u8d38\u6613\u6709\u9650\u516c\u53f8", "property": "\u5c0f\u5fae\u4f01\u4e1a"}, {"address": "\u6d59\u6c5f\u7701\u5b81\u6ce2\u5e02\u4f59\u59da\u5e02\u65b0\u5efa\u5317\u8def388-7\u53f7", "category": "\u8c46\u6d46\u673a", "ground": "ABS,PP,PA,PC", "money": 500, "name": "\u5b81\u6ce2\u4f70\u81e3\u79d1\u6280\u6709\u9650\u516c\u53f8", "property": "\u5c0f\u5fae\u4f01\u4e1a"}, {"address": "\u6d59\u6c5f\u7701\u5b81\u6ce2\u5e02\u4f59\u59da\u5e02\u821c\u6c47\u4e1c\u8def105-219", "category": "\u7535\u997c\u94db", "ground": "POM,PA6/66,PA12,PC,ABS,PP,PE", "money": 500, "name": "\u5b81\u6ce2\u5e02\u4ebf\u97ec\u56fd\u9645\u8d38\u6613\u6709\u9650\u516c\u53f8", "property": "\u5c0f\u5fae\u4f01\u4e1a"}, {"address": "\u6d59\u6c5f\u7701\u5b81\u6ce2\u5e02\u4f59\u59da\u5e02\u51e4\u5c71\u8857\u9053\u4e2d\u56fd\u5851\u6599\u57ceF2-308", "category": "\u7535\u84b8\u9505", "ground": "ABS,PC,PP,PC/ABS,POK,PFA", "money": 500, "name": "\u6d59\u6c5f\u5b81\u6ce2\u821c\u76ca\u5851\u5316\u6709\u9650\u516c\u53f8", "property": "\u5c0f\u5fae\u4f01\u4e1a"}, {"address": "\u6d59\u6c5f\u7701\u5b81\u6ce2\u5e02\u4f59\u59da\u5e02\u4e2d\u56fd\u5851\u6599\u57ce\u4e2d\u5851\u56fd\u9645\u5546\u52a1\u4e2d\u5fc33\u53f7\u697c804\u5ba4", "category": "\u6599\u7406\u673a", "ground": "ABS,PA66,POE", "money": 300, "name": "\u4f59\u59da\u91d1\u7a57\u5de5\u7a0b\u5851\u6599\u6709\u9650\u516c\u53f8", "property": "\u5c0f\u5fae\u4f01\u4e1a"}, {"address": "\u6d59\u6c5f\u7701\u5b81\u6ce2\u5e02\u4f59\u59da\u5e02\u4f59\u59da\u4e2d\u56fd\u5851\u6599\u57ce\u56fd\u9645\u5546\u52a1\u4e2d\u5fc32\u5e62302\u5ba4", "category": "\u69a8\u6c41\u673a", "ground": "ABS,PP,HDPE,LDPE,LLDPE,PMMA,PC,AS,PS,PPB,PET\u7b49\u7b49", "money": 300, "name": "\u4f59\u59da\u5e02\u4ebf\u5e06\u8d38\u6613\u6709\u9650\u516c\u53f8", "property": "\u5c0f\u5fae\u4f01\u4e1a"}, {"address": "\u6d59\u6c5f\u7701\u5b81\u6ce2\u5e02\u4f59\u59da\u5e02\u4e2d\u56fd\u5851\u6599\u57ce\u56fd\u9645\u5546\u52a1\u4e2d\u5fc31\u5e62335\u5ba4", "category": "\u65e9\u9910\u673a", "ground": "PP,PE,ABS,PC,PET", "money": 300, "name": "\u4f59\u59da\u5e02\u51ef\u9e3d\u5851\u5316\u6709\u9650\u516c\u53f8", "property": "\u5c0f\u5fae\u4f01\u4e1a"}, {"address": "\u6d59\u6c5f\u7701\u5b81\u6ce2\u5e02\u4f59\u59da\u5e02\u65b0\u5efa\u5317\u8def425\u53f7\u4e2d\u5851\u4e16\u7eaa\u5927\u53a61\u5e621307", "category": "\u7535\u997c\u94db", "ground": "PA6,PA66,PC/ABS,PBT", "money": 300, "name": "\u5b81\u6ce2\u695a\u6e90\u5851\u5316\u6709\u9650\u516c\u53f8", "property": "\u5c0f\u5fae\u4f01\u4e1a"}, {"address": "\u6d59\u6c5f\u7701\u5b81\u6ce2\u5e02\u4f59\u59da\u5e02\u65b0\u5efa\u5317\u8def425\u53f7\u4e2d\u5851\u4e16\u7eaa\u5927\u53a61\u5e621713", "category": "\u65e9\u9910\u673a", "ground": "ABS,PP,PE,POM,PA,PC", "money": 300, "name": "\u4f59\u59da\u5e02\u9ad8\u521b\u5851\u5316\u6709\u9650\u516c\u53f8", "property": "\u5c0f\u5fae\u4f01\u4e1a"}, {"address": "\u6d59\u6c5f\u7701\u5b81\u6ce2\u5e02\u4f59\u59da\u5e02\u4e2d\u56fd\u5851\u6599\u57ce\u65b0\u5efa\u5317\u8def304\u53f7", "category": "\u7a7a\u6c14\u70b8\u9505", "ground": "TPU,TPE,PC/ABS,PC\u5408\u91d1", "money": 291, "name": "\u5b81\u6ce2\u660a\u4e1a\u9ad8\u5206\u5b50\u6750\u6599\u6709\u9650\u516c\u53f8", "property": "\u5c0f\u5fae\u4f01\u4e1a"}, {"address": "\u6d59\u6c5f\u7701\u5b81\u6ce2\u5e02\u4f59\u59da\u5e02\u5851\u6599\u57cez-606", "category": "\u65e9\u9910\u673a", "ground": "\u5851\u6599\u539f\u6599,ABS,PP,LLDPE,LDPE,HDPE\u7b49\u5851\u6599\u7c92\u5b50\u7684\u6279\u53d1\u96f6\u552e", "money": 290, "name": "\u4f59\u59da\u5e02\u5929\u65f6\u5851\u6599\u6709\u9650\u516c\u53f8", "property": "\u5c0f\u5fae\u4f01\u4e1a"}, {"address": "\u6d59\u6c5f\u7701\u5b81\u6ce2\u5e02\u4f59\u59da\u5e02\u4e2d\u56fd\u5851\u6599\u57ceZ\u533a322\u53f7", "category": "\u7a7a\u6c14\u70b8\u9505", "ground": "ABS,AS,PA,PC,PS,PP,PE", "money": 280, "name": "\u4f59\u59da\u5e02\u4e2d\u76ca\u7f8e\u5851\u5316\u6709\u9650\u516c\u53f8", "property": ""}, {"address": "\u6d59\u6c5f\u7701\u5b81\u6ce2\u5e02\u4f59\u59da\u5e02\u4e2d\u56fd\u5851\u6599\u57ceE-11", "category": "\u7535\u7096\u9505", "ground": "ABS,PP,PE,pmma", "money": 280, "name": "\u4f59\u59da\u5e02\u6676\u6052\u8d38\u6613\u6709\u9650\u516c\u53f8", "property": "\u5c0f\u5fae\u4f01\u4e1a"}, {"address": "\u6d59\u6c5f\u7701\u5b81\u6ce2\u5e02\u4f59\u59da\u5e02\u4f59\u59da\u4e2d\u56fd\u5851\u6599\u57ce\u56fd\u9645\u5546\u52a1\u4e2d\u5fc33\u5e62901\u5ba4", "category": "\u65e9\u9910\u673a", "ground": "PC,ABS,PC\u518d\u751f\u8d44\u6e90\u4f9b\u5e94\u5546", "money": 280, "name": "\u5b81\u6ce2\u5929\u7ef4\u65b0\u6750\u6599\u6709\u9650\u516c\u53f8", "property": ""}, {"address": "\u6d59\u6c5f\u7701\u5b81\u6ce2\u5e02\u4f59\u59da\u5e02\u4e2d\u56fd\u5851\u6599\u57ceA1-76\u53f7", "category": "\u7535\u997c\u94db", "ground": "PC,ABS,PP,PE", "money": 200, "name": "\u4f59\u59da\u5e02\u6b23\u9645\u8fbe\u5851\u5316\u6709\u9650\u516c\u53f8", "property": "\u5c0f\u5fae\u4f01\u4e1a"}, {"address": "\u6d59\u6c5f\u7701\u5b81\u6ce2\u5e02\u4f59\u59da\u5e02\u4e2d\u56fd\u5851\u6599\u57ce4-17", "category": "\u7535\u84b8\u9505", "ground": "PP,PE,ABS,PS", "money": 200, "name": "\u5b81\u6ce2\u7eb3\u946b\u56fd\u9645\u8d38\u6613\u6709\u9650\u516c\u53f8", "property": "\u5c0f\u5fae\u4f01\u4e1a"}, {"address": "\u6d59\u6c5f\u7701\u5b81\u6ce2\u5e02\u4f59\u59da\u5e02\u4e2d\u56fd\u5851\u6599\u57ceZ\u533a512A-512B", "category": "\u7535\u997c\u94db", "ground": "ABS,LLDPE,GPPS,\u589e\u5f3a,\u589e\u97e7,\u963b\u71c3ABS,PS,PE,PP,PA,PC,PC/ABS\u7b49\u65b0\u6599\u53ca\u518d\u751f\u9020\u7c92\u6599,\u526f\u8425\uff1aPMMA,POM,AS,PPS,MBS,TPU\u7b49\u65b0\u6599\u53ca\u518d\u751f\u9020\u7c92\u6599", "money": 200, "name": "\u4f59\u59da\u5e02\u60e0\u4f73\u8d38\u6613\u6709\u9650\u516c\u53f8", "property": "\u5c0f\u5fae\u4f01\u4e1a"}, {"address": "\u6d59\u6c5f\u7701\u5b81\u6ce2\u5e02\u4f59\u59da\u5e02\u4e2d\u56fd\u5851\u6599\u57ce\u4e2d\u5851\u4e16\u7eaa\u5927\u53a61\u5e622003\u5ba4", "category": "\u8c46\u6d46\u673a", "ground": "\u5851\u6599PC,ABS,\u6539\u6027\u5851\u6599PA6,PA66", "money": 200, "name": "\u5b81\u6ce2\u9ad8\u6cf0\u8d38\u6613\u6709\u9650\u516c\u53f8", "property": "\u5c0f\u5fae\u4f01\u4e1a"}, {"address": "\u6d59\u6c5f\u7701\u5b81\u6ce2\u5e02\u4f59\u59da\u5e02\u4e2d\u56fd\u5851\u6599\u57ce5-1\u53f7", "category": "\u6599\u7406\u673a", "ground": "ABS,GPPS", "money": 200, "name": "\u4f59\u59da\u5e02\u5e86\u6e90\u8d38\u6613\u6709\u9650\u516c\u53f8", "property": "\u5c0f\u5fae\u4f01\u4e1a"}, {"address": "\u6d59\u6c5f\u7701\u5b81\u6ce2\u5e02\u4f59\u59da\u5e02\u4e2d\u56fd\u5851\u6599\u57ceA1-55\u53f7", "category": "\u7a7a\u6c14\u70b8\u9505", "ground": "\u589e\u5f3aPC,\u900f\u660e\u963b\u71c3PC,\u963b\u71c3\u5408\u91d1,\u589e\u5f3a\u963b\u71c3PC,\u589e\u5f3a\u963b\u71c3PET,\u914d\u8272PC,\u9ad8\u6e29PC,\u8010\u4f4e\u6e29PC,\u7ea2\u5916\u7ebf\u7a7f\u900fPC,\u677f\u6750\u7ea7PC,\u539f\u5382\u6807\u51c6\u9ed1PC,PC/PBT,PC/PET,PC/ASA,PMMA/ABS\u9ad8\u5149,\u5149\u6269\u6563PMMA,\u900f\u660eABS,MS,ABS\u7b49\u5de5\u7a0b\u5851\u6599", "money": 200, "name": "\u5b81\u6ce2\u660a\u96f7\u8fdb\u51fa\u53e3\u6709\u9650\u516c\u53f8", "property": "\u5c0f\u5fae\u4f01\u4e1a"}, {"address": "\u6d59\u6c5f\u7701\u5b81\u6ce2\u5e02\u4f59\u59da\u5e02\u821c\u8fbe\u897f\u8def285\u53f7\u4e2d\u5851\u56fd\u9645\u5546\u52a1\u4e2d\u5fc32\u5e621601\u5ba4", "category": "\u69a8\u6c41\u673a", "ground": "ABS", "money": 200, "name": "\u5b81\u6ce2\u90a6\u4e1a\u8d38\u6613\u6709\u9650\u516c\u53f8", "property": "\u5c0f\u5fae\u4f01\u4e1a"}, {"address": "\u6d59\u6c5f\u7701\u5b81\u6ce2\u5e02\u4f59\u59da\u5e02\u4f59\u59da\u4e2d\u56fd\u5851\u6599\u57ce\u8bbe\u5907\u5e02\u573a6\u53f7\u697c\u5317-34", "category": "\u65e9\u9910\u673a", "ground": "ABS,POM,PMMA,PP,HDPE,LDPE\u7b49\u7b49,PC/ABS,\u6c7d\u8f66\u7535\u9540ABS", "money": 200, "name": "\u5b81\u6ce2\u5e02\u68ee\u5e05\u7279\u8d38\u6613\u6709\u9650\u516c\u53f8", "property": "\u5c0f\u5fae\u4f01\u4e1a"}, {"address": "\u6d59\u6c5f\u7701\u5b81\u6ce2\u5e02\u4f59\u59da\u5e02\u4e2d\u56fd\u5851\u6599\u57ceA12\u53f7", "category": "\u65e9\u9910\u673a", "ground": "PP,PE,ABS,PC", "money": 200, "name": "\u5b81\u6ce2\u589e\u745e\u8fdb\u51fa\u53e3\u6709\u9650\u516c\u53f8", "property": "\u5c0f\u5fae\u4f01\u4e1a"}, {"address": "\u6d59\u6c5f\u7701\u5b81\u6ce2\u5e02\u4f59\u59da\u5e02\u4f59\u59da\u4e2d\u56fd\u5851\u6599\u57ce\u821c\u6c47\u4e1c\u8def172\u53f7", "category": "\u65e9\u9910\u673a", "ground": "ABS,PP,PC,POM,PA6/66,PSU,PETG,PCTG", "money": 200, "name": "\u4f59\u59da\u4e2d\u8302\u5851\u80f6\u6709\u9650\u516c\u53f8", "property": "\u5c0f\u5fae\u4f01\u4e1a"}, {"address": "\u6d59\u6c5f\u7701\u5b81\u6ce2\u5e02\u4f59\u59da\u5e02\u4f59\u59da\u4e2d\u56fd\u5851\u6599\u57ce\u56fd\u9645\u5546\u52a1\u4e2d\u5fc33\u5e62204\u5ba4", "category": "\u7535\u7096\u9505", "ground": "ABS,PP,PE,PC,POM", "money": 200, "name": "\u5b81\u6ce2\u62d3\u5b89\u7eb3\u5851\u6599\u79d1\u6280\u6709\u9650\u516c\u53f8", "property": "\u5c0f\u5fae\u4f01\u4e1a"}, {"address": "\u6d59\u6c5f\u7701\u5b81\u6ce2\u5e02\u4f59\u59da\u5e02\u51e4\u5c71\u8857\u9053\u65b0\u5efa\u5317\u8def515-6\u53f7", "category": "\u7a7a\u6c14\u70b8\u9505", "ground": "ABS,PP,PE,PA,POM,PC", "money": 200, "name": "\u5b81\u6ce2\u9526\u5448\u65b0\u6750\u6599\u6709\u9650\u516c\u53f8", "property": "\u5c0f\u5fae\u4f01\u4e1a"}, {"address": "\u6d59\u6c5f\u7701\u5b81\u6ce2\u5e02\u4f59\u59da\u5e02\u51e4\u5c71\u8857\u9053\u4e2d\u56fd\u5851\u6599\u57ceF\u533a", "category": "\u6599\u7406\u673a", "ground": "POM,PA6,PE,ABS,PP", "money": 200, "name": "\u4f59\u59da\u8c26\u4fe1\u8302\u5851\u5316\u6709\u9650\u516c\u53f8", "property": "\u5c0f\u5fae\u4f01\u4e1a"}, {"address": "\u6d59\u6c5f\u7701\u5b81\u6ce2\u5e02\u4f59\u59da\u5e02\u4e2d\u56fd\u5851\u6599\u57ce\u4e2d\u5851\u56fd\u9645\u5546\u52a1\u4e2d\u5fc33\u53f7\u697c22A01-1\u5ba4", "category": "\u65e9\u9910\u673a", "ground": "ABS,PC,AS,GPPS,EVA,PP,HDPE,LDPE,PP", "money": 180, "name": "\u5b81\u6ce2\u6c34\u6728\u8fdb\u51fa\u53e3\u6709\u9650\u516c\u53f8", "property": "\u5c0f\u5fae\u4f01\u4e1a"}, {"address": "\u6d59\u6c5f\u7701\u5b81\u6ce2\u5e02\u4f59\u59da\u5e02\u4e2d\u56fd\u5851\u6599\u57ce\u4e2d\u5851\u56fd\u9645\u5546\u52a1\u4e2d\u5fc31\u53f7\u697c130\u5ba4", "category": "\u65e9\u9910\u673a", "ground": "PA6,PA66,PP,PS,PC,ABS,AS", "money": 168, "name": "\u5b81\u6ce2\u9526\u5723\u5851\u6599\u6709\u9650\u516c\u53f8", "property": "\u5c0f\u5fae\u4f01\u4e1a"}, {"address": "\u6d59\u6c5f\u7701\u5b81\u6ce2\u5e02\u4f59\u59da\u5e02\u4e2d\u56fd\u5851\u6599\u57ce\u821c\u6c47\u4e1c\u8def160\u53f7", "category": "\u7535\u84b8\u9505", "ground": "PP,PE,ABS", "money": 168, "name": "\u4f59\u59da\u5e02\u540d\u822a\u8d38\u6613\u6709\u9650\u516c\u53f8", "property": "\u5c0f\u5fae\u4f01\u4e1a"}, {"address": "\u6d59\u6c5f\u7701\u5b81\u6ce2\u5e02\u4f59\u59da\u5e02\u4e2d\u56fd\u5851\u6599\u57ceB-44", "category": "\u6599\u7406\u673a", "ground": "ABS,PP,PC/ABS", "money": 168, "name": "\u5b81\u6ce2\u4f17\u5b87\u8fdb\u51fa\u53e3\u6709\u9650\u516c\u53f8", "property": "\u5c0f\u5fae\u4f01\u4e1a"}, {"address": "\u6d59\u6c5f\u7701\u5b81\u6ce2\u5e02\u4f59\u59da\u5e02\u4e2d\u56fd\u5851\u6599\u57ceB-3\u53f7", "category": "\u8c46\u6d46\u673a", "ground": "PP,ABS,PS,PE", "money": 158, "name": "\u4f59\u59da\u5e02\u8c6a\u65af\u7279\u5316\u5de5\u6709\u9650\u516c\u53f8", "property": "\u5c0f\u5fae\u4f01\u4e1a"}, {"address": "\u6d59\u6c5f\u7701\u5b81\u6ce2\u5e02\u4f59\u59da\u5e02\u4e2d\u56fd\u5851\u6599\u57ce\u4e2d\u5851\u4e16\u7eaa\u5927\u53a61\u53f7\u697c1518\u5ba4", "category": "\u69a8\u6c41\u673a", "ground": "ABS,AS", "money": 150, "name": "\u5b81\u6ce2\u5ddd\u6da6\u56fd\u9645\u8d38\u6613\u6709\u9650\u516c\u53f8", "property": "\u5c0f\u5fae\u4f01\u4e1a"}, {"address": "\u6d59\u6c5f\u7701\u5b81\u6ce2\u5e02\u4f59\u59da\u5e02\u4e2d\u56fd\u5851\u6599\u57ce\u8def\u4e1c3-27\u53f7", "category": "\u7535\u997c\u94db", "ground": "ABS,PC,AS", "money": 150, "name": "\u4f59\u59da\u5e02\u987a\u5229\u77f3\u5316\u6709\u9650\u516c\u53f8", "property": "\u5c0f\u5fae\u4f01\u4e1a"}, {"address": "\u6d59\u6c5f\u7701\u5b81\u6ce2\u5e02\u4f59\u59da\u5e02\u65b0\u5efa\u5317\u8def347\u53f7\uff08\u516c\u4ea4\u4ed9\u6865\u7ad9\u5bf9\u9762\uff09", "category": "\u69a8\u6c41\u673a", "ground": "ABS,AS,PC,PA6,PA66,PMMA,PP\u97e9\u56fd\u4e50\u5929,SK,LG,\u5df4\u585e\u5c14,\u5927\u6797,\u57c3\u514b\u68ee\u7f8e\u5b5a,GS\u97e9\u56fd,\u5927\u97e9\u6cb9\u5316,\u97e9\u534e\u9053\u8fbe\u5c14,\u7b49", "money": 150, "name": "\u4f59\u59da\u5e02\u535a\u6e90\u8d38\u6613\u6709\u9650\u516c\u53f8", "property": "\u5c0f\u5fae\u4f01\u4e1a"}, {"address": "\u6d59\u6c5f\u7701\u5b81\u6ce2\u5e02\u4f59\u59da\u5e02\u5851\u6599\u57ceA1-107\u53f7", "category": "\u65e9\u9910\u673a", "ground": "\u589e\u5f3aABS,\u589e\u5f3aPA,\u589e\u5f3aPP,\u589e\u5f3a\u963b\u71c3PP,\u589e\u5f3a\u963b\u71c3PA,\u963b\u71c3PP", "money": 150, "name": "\u4f59\u59da\u5f3a\u5b87\u8fdb\u51fa\u53e3\u6709\u9650\u516c\u53f8", "property": "\u5c0f\u5fae\u4f01\u4e1a"}, {"address": "\u6d59\u6c5f\u7701\u5b81\u6ce2\u5e02\u4f59\u59da\u5e02\u4f59\u59da\u4e2d\u56fd\u5851\u6599\u57ceF3-109#", "category": "\u69a8\u6c41\u673a", "ground": "\u5851\u6599\u539f\u6750\u6599ABS PC/ABS PC AS POM PP\u7b49", "money": 150, "name": "\u4f59\u59da\u5e02\u5170\u752c\u5851\u5316\u6709\u9650\u516c\u53f8", "property": "\u5c0f\u5fae\u4f01\u4e1a"}, {"address": "\u6d59\u6c5f\u7701\u5b81\u6ce2\u5e02\u4f59\u59da\u5e02\u65b0\u5efa\u5317\u8def413-2,-3\u53f7(\u5851\u6599\u57ce\u5de5\u5546\u94f6\u884c\u5bf9\u9762)", "category": "\u69a8\u6c41\u673a", "ground": "ABS,AS,PC,PA6", "money": 150, "name": "\u5b81\u6ce2\u4e07\u57fa\u8d38\u6613\u6709\u9650\u516c\u53f8", "property": "\u5c0f\u5fae\u4f01\u4e1a"}, {"address": "\u6d59\u6c5f\u7701\u5b81\u6ce2\u5e02\u4f59\u59da\u5e02\u821c\u8fbe\u897f\u8def285\u53f7\u4e2d\u56fd\u5851\u6599\u57ce\u5546\u52a1\u4e2d\u5fc31\u5e62104\u5ba4", "category": "\u8c46\u6d46\u673a", "ground": "pc,pp,abs,ps,ms,as,pom", "money": 128, "name": "\u6148\u6eaa\u5e02\u9ad8\u665f\u5408\u6210\u6750\u6599\u6709\u9650\u516c\u53f8", "property": "\u5c0f\u5fae\u4f01\u4e1a"}, {"address": "\u6d59\u6c5f\u7701\u5b81\u6ce2\u5e02\u4f59\u59da\u5e02\u5851\u6599\u57ceZ\u533a402\u5ba4", "category": "\u65e9\u9910\u673a", "ground": "\u5851\u6599\u539f\u6599,\u7845\u6a61\u80f6\u539f\u6599\u53ca\u7845\u6a61\u80f6\u5236\u54c1,PP,PE,PS,ABS,AS", "money": 108, "name": "\u4f59\u59da\u5e02\u4e1c\u6781\u8d38\u6613\u6709\u9650\u516c\u53f8", "property": "\u5c0f\u5fae\u4f01\u4e1a"}, {"address": "\u6d59\u6c5f\u7701\u5b81\u6ce2\u5e02\u4f59\u59da\u5e02\u4f59\u59da\u4e2d\u56fd\u5851\u6599\u57ceA\u533a3\u697cA-362", "category": "\u69a8\u6c41\u673a", "ground": "PP,EVA,POM,ABS,PA6,PA66,PC,POE,LDPE,HDPE", "money": 105, "name": "\u4f59\u59da\u5fd7\u5851\u8fdb\u51fa\u53e3\u6709\u9650\u516c\u53f8", "property": "\u5c0f\u5fae\u4f01\u4e1a"}, {"address": "\u6d59\u6c5f\u7701\u5b81\u6ce2\u5e02\u4f59\u59da\u5e02\u4f59\u59da\u4e2d\u56fd\u5851\u6599\u57ce\u4e2d\u5851\u4e16\u7eaa\u5927\u53a61\u53f7\u697c1314", "category": "\u7535\u7096\u9505", "ground": "ABS,PP,PA6,66,GPPS", "money": 100, "name": "\u5b81\u6ce2\u534e\u5c79\u5316\u5de5\u6709\u9650\u516c\u53f8", "property": "\u5c0f\u5fae\u4f01\u4e1a"}, {"address": "\u6d59\u6c5f\u7701\u5b81\u6ce2\u5e02\u4f59\u59da\u5e02\u4e2d\u56fd\u5851\u6599\u57ceF3-118\u53f7", "category": "\u7535\u7096\u9505", "ground": "\u518d\u751f\u6599ABS,\u5851\u6599\u539f\u6599\u7b49", "money": 100, "name": "\u4f59\u59da\u4e09\u8c37\u8d38\u6613\u6709\u9650\u516c\u53f8", "property": "\u5c0f\u5fae\u4f01\u4e1a"}, {"address": "\u6d59\u6c5f\u7701\u5b81\u6ce2\u5e02\u4f59\u59da\u5e02\u65b0\u5efa\u5317\u8def440-1\u53f7(\u5851\u6599\u57ce\u4fe1\u7528\u793e\u65c1)", "category": "\u7535\u997c\u94db", "ground": "PVC,ABS,PP,PC/ABS", "money": 100, "name": "\u4f59\u59da\u5e02\u946b\u4e3d\u6d77\u5851\u6599\u6709\u9650\u516c\u53f8", "property": "\u5c0f\u5fae\u4f01\u4e1a"}, {"address": "\u6d59\u6c5f\u7701\u5b81\u6ce2\u5e02\u4f59\u59da\u5e02\u5851\u6599\u57ceA1-106\u53f7", "category": "\u8c46\u6d46\u673a", "ground": "PPS,PC,PPO,PBT,PA6,PA66,PP,PE,PC/ABS,PU,ABS,PS,\u589e\u5f3a\u963b\u71c3,\u5404\u7c7b\u6c7d\u8f66\u5bb6\u7528\u7535\u5668\u4e13\u7528\u5851\u6599,301,220,9,223,89", "money": 100, "name": "\u5b81\u6ce2\u79d1\u8fdc\u5851\u5316\u6709\u9650\u516c\u53f8", "property": "\u5c0f\u5fae\u4f01\u4e1a"}, {"address": "\u6d59\u6c5f\u7701\u5b81\u6ce2\u5e02\u4f59\u59da\u5e02\u5851\u6599\u57ce\u65b0\u5efa\u5317\u8def356-1\u53f7 6\u53f7\u697c\u897f-42\u53f7", "category": "\u7535\u7096\u9505", "ground": "PC ABS", "money": 100, "name": "\u4f59\u59da\u5e02\u5b81\u6cf0\u8d38\u6613\u6709\u9650\u516c\u53f8", "property": "\u5c0f\u5fae\u4f01\u4e1a"}, {"address": "\u6d59\u6c5f\u7701\u5b81\u6ce2\u5e02\u4f59\u59da\u5e02\u4e2d\u5851\u56fd\u9645\u5546\u52a1\u4e2d\u5fc3\u4ea4\u6613\u5927\u697c(\u821c\u8fbe\u897f\u8def285\u53f71\u53f7\u697c147\u5ba4)", "category": "\u7535\u7096\u9505", "ground": "ABS,PE,HIPS,GPPS,AS,PP,PC,PFA,PPS", "money": 100, "name": "\u5b81\u6ce2\u8363\u707f\u8fdb\u51fa\u53e3\u6709\u9650\u516c\u53f8", "property": "\u5c0f\u5fae\u4f01\u4e1a"}, {"address": "\u6d59\u6c5f\u7701\u5b81\u6ce2\u5e02\u4f59\u59da\u5e02\u4e2d\u5851\u56fd\u9645\u5546\u52a1\u4e2d\u5fc32\u53f7\u697c1102\u5ba4", "category": "\u7a7a\u6c14\u70b8\u9505", "ground": "LDPE,HDPE,LLDPE,PP,ABS", "money": 100, "name": "\u4f59\u59da\u5e02\u5f00\u805a\u8d38\u6613\u6709\u9650\u516c\u53f8", "property": "\u5c0f\u5fae\u4f01\u4e1a"}, {"address": "\u6d59\u6c5f\u7701\u5b81\u6ce2\u5e02\u4f59\u59da\u5e02\u4e2d\u56fd\u5851\u6599\u57ce\u56fd\u9645\u5546\u52a1\u4e2d\u5fc33\u53f7\u697c402-1\u5ba4", "category": "\u7a7a\u6c14\u70b8\u9505", "ground": "HDPE,PP,LLDPE,ABS,GPPS", "money": 100, "name": "\u5b81\u6ce2\u5e0c\u71c3\u8d38\u6613\u6709\u9650\u516c\u53f8", "property": "\u5c0f\u5fae\u4f01\u4e1a"}, {"address": "\u6d59\u6c5f\u7701\u5b81\u6ce2\u5e02\u4f59\u59da\u5e02\u4e2d\u56fd\u5851\u6599\u57ceA-100\u53f7", "category": "\u7535\u997c\u94db", "ground": "PMMA,PA,POM,MBS,PC,ABS", "money": 100, "name": "\u4f59\u59da\u5e02\u695a\u8363\u5851\u5316\u6709\u9650\u516c\u53f8", "property": "\u5c0f\u5fae\u4f01\u4e1a"}, {"address": "\u6d59\u6c5f\u7701\u5b81\u6ce2\u5e02\u4f59\u59da\u5e02\u4e2d\u56fd\u5851\u6599\u57ce Z\u533a1007B", "category": "\u69a8\u6c41\u673a", "ground": "PP,PE,PS,ABS,PC,PA", "money": 100, "name": "\u4f59\u59da\u5e02\u4e2d\u6668\u8d38\u6613\u6709\u9650\u516c\u53f8", "property": "\u5c0f\u5fae\u4f01\u4e1a"}, {"address": "\u6d59\u6c5f\u7701\u5b81\u6ce2\u5e02\u4f59\u59da\u5e02\u4e2d\u56fd\u5851\u6599\u57ce\u56fd\u9645\u5546\u52a1\u4e2d\u5fc32\u53f7\u697c401", "category": "\u69a8\u6c41\u673a", "ground": "\u4e3b\u8425\u5851\u6599PP,ABS", "money": 100, "name": "\u5b81\u6ce2\u4e09\u76ca\u65b0\u6750\u6599\u6709\u9650\u516c\u53f8", "property": "\u5c0f\u5fae\u4f01\u4e1a"}, {"address": "\u6d59\u6c5f\u7701\u5b81\u6ce2\u5e02\u4f59\u59da\u5e02\u4e2d\u56fd\u5851\u6599\u57ce\u4e2d\u5851\u4e16\u7eaa\u5927\u53a61\u5e62105\u5ba4", "category": "\u7535\u84b8\u9505", "ground": "PA6,PA66,PC,ABS,PP,PE\u7b49", "money": 100, "name": "\u4f59\u59da\u5e02\u4e9a\u4e50\u5de5\u7a0b\u5851\u6599\u6709\u9650\u516c\u53f8", "property": "\u5c0f\u5fae\u4f01\u4e1a"}, {"address": "\u6d59\u6c5f\u7701\u5b81\u6ce2\u5e02\u4f59\u59da\u5e02\u4e2d\u56fd\u5851\u6599\u57ce\u4e2d\u5851\u4e16\u7eaa\u5927\u53a62\u53f7\u697c1103-1104\u5ba4(\u6167\u806a\u5bb6\u7535\u57ce\u697c\u4e0a\uff09A-50", "category": "\u7535\u997c\u94db", "ground": "GPPS,PP,ABS,PA6,66,POM", "money": 100, "name": "\u5b81\u6ce2\u65b0\u94ed\u822a\u5851\u6599\u5de5\u8d38\u6709\u9650\u516c\u53f8", "property": "\u5c0f\u5fae\u4f01\u4e1a"}, {"address": "\u6d59\u6c5f\u7701\u5b81\u6ce2\u5e02\u4f59\u59da\u5e02\u4e2d\u5851\u56fd\u9645\u5546\u52a1\u4e2d\u5fc33\u53f7\u697c405\u5ba4", "category": "\u7535\u84b8\u9505", "ground": "ABS,PP,HDPE", "money": 100, "name": "\u5b81\u6ce2\u5e02\u805a\u5854\u8fdb\u51fa\u53e3\u6709\u9650\u516c\u53f8", "property": "\u5c0f\u5fae\u4f01\u4e1a"}, {"address": "\u6d59\u6c5f\u7701\u5b81\u6ce2\u5e02\u4f59\u59da\u5e02\u4e2d\u56fd\u5851\u6599\u57ce\u56fd\u9645\u5546\u52a1\u4e2d\u5fc32\u53f7\u697c903\u5ba4", "category": "\u7535\u84b8\u9505", "ground": "HDPE,LDPE,LLDPE,GPPS,HIPS,ABS\u7b49", "money": 100, "name": "\u4f59\u59da\u5e02\u7279\u5851\u8d38\u6613\u6709\u9650\u516c\u53f8", "property": "\u5c0f\u5fae\u4f01\u4e1a"}, {"address": "\u6d59\u6c5f\u7701\u5b81\u6ce2\u5e02\u4f59\u59da\u5e02\u4e2d\u56fd\u5851\u6599\u57ceF1-209", "category": "\u7535\u84b8\u9505", "ground": "ABS,PC,PBT,PA6,PA66,PP,PE", "money": 100, "name": "\u4f59\u59da\u5e02\u9510\u521b\u5851\u6599\u8d38\u6613\u6709\u9650\u516c\u53f8", "property": "\u5c0f\u5fae\u4f01\u4e1a"}, {"address": "\u6d59\u6c5f\u7701\u5b81\u6ce2\u5e02\u6148\u6eaa\u5e02\u5b97\u6c49\u8857\u9053\u767e\u4e24\u6751\u5b97\u5174\u897f\u8def11\u53f7", "category": "\u7535\u84b8\u9505", "ground": "ABS,PC,PC+ABS,PBT,AS,POM,PP,PPS,PS,COP,WeChat\uff1a15988664400,PBAT,TPEE,PBS,PA,HIPS,GPPS,ASA,PMMA", "money": 100, "name": "\u5b81\u6ce2\u827e\u8d5b\u5a1c\u9632\u62a4\u79d1\u6280\u6709\u9650\u516c\u53f8", "property": "\u5c0f\u5fae\u4f01\u4e1a"}, {"address": "\u6d59\u6c5f\u7701\u5b81\u6ce2\u5e02\u6148\u6eaa\u5e02\u89c2\u6d77\u536b\u9547\u91d1\u6148\u5851\u6599\u57ce\u4e8c\u88572-4\u53f7", "category": "\u69a8\u6c41\u673a", "ground": "PP,ABS,AS,PC,PE,PS", "money": 100, "name": "\u5b81\u6ce2\u59dc\u6770\u8d38\u6613\u6709\u9650\u516c\u53f8", "property": "\u5c0f\u5fae\u4f01\u4e1a"}, {"address": "\u6d59\u6c5f\u7701\u5b81\u6ce2\u5e02\u4f59\u59da\u5e02\u821c\u6c47\u4e1c\u8def65\u5f0432\u53f7", "category": "\u7535\u997c\u94db", "ground": "PA6,PA66,PC/ABS,ABS,POM,PC,PPS,POK", "money": 100, "name": "\u4f59\u59da\u5e02\u5851\u7c73\u5851\u5316\u6709\u9650\u516c\u53f8", "property": "\u5c0f\u5fae\u4f01\u4e1a"}, {"address": "\u6d59\u6c5f\u7701\u5b81\u6ce2\u5e02\u4f59\u59da\u5e02\u4f59\u59da\u5851\u6599\u57ceF1-302\u5ba4", "category": "\u8c46\u6d46\u673a", "ground": "\u5851\u6599\u539f\u6599,ABS,ASA,LDPE,PP", "money": 100, "name": "\u5b81\u6ce2\u5e7f\u5ddd\u5851\u6599\u6709\u9650\u516c\u53f8", "property": "\u5c0f\u5fae\u4f01\u4e1a"}, {"address": "\u6d59\u6c5f\u7701\u5b81\u6ce2\u5e02\u4f59\u59da\u5e02\u65b0\u5efa\u5317\u8def492-3", "category": "\u7535\u997c\u94db", "ground": "ABS,PS,PP,POE,POM", "money": 100, "name": "\u5b81\u6ce2\u79d1\u592a\u5851\u5316\u6709\u9650\u516c\u53f8", "property": "\u5c0f\u5fae\u4f01\u4e1a"}, {"address": "\u6d59\u6c5f\u7701\u5b81\u6ce2\u5e02\u4f59\u59da\u5e02\u4e2d\u56fd\u5851\u6599\u57ce\u56fd\u9645\u5546\u52a1\u4e2d\u5fc33\u5e62906-1\u5ba4", "category": "\u6599\u7406\u673a", "ground": "\u5851\u6599\u539f\u6599,ABS,PP,PC,AS", "money": 100, "name": "\u5b81\u6ce2\u83b1\u4fe1\u5851\u6599\u8d38\u6613\u6709\u9650\u516c\u53f8", "property": "\u5c0f\u5fae\u4f01\u4e1a"}, {"address": "\u6d59\u6c5f\u7701\u5b81\u6ce2\u5e02\u4f59\u59da\u5e02\u821c\u6c47\u4e1c\u8def105\u53f7401\u5ba4", "category": "\u8c46\u6d46\u673a", "ground": "ABS,PA", "money": 100, "name": "\u5b81\u6ce2\u4fca\u4e00\u56fd\u9645\u8d38\u6613\u6709\u9650\u516c\u53f8", "property": "\u5c0f\u5fae\u4f01\u4e1a"}, {"address": "\u6d59\u6c5f\u7701\u5b81\u6ce2\u5e02\u4f59\u59da\u5e02\u65b0\u5efa\u5317\u8def440-40\u53f7", "category": "\u6599\u7406\u673a", "ground": "PA6,PA66,ABS,POM,PC,PA,PC", "money": 100, "name": "\u4f59\u59da\u5e02\u957f\u6797\u5851\u5316\u6709\u9650\u516c\u53f8", "property": "\u5c0f\u5fae\u4f01\u4e1a"}, {"address": "\u6d59\u6c5f\u7701\u5b81\u6ce2\u5e02\u4f59\u59da\u5e02\u5851\u6599\u57ce\u8def\u4e1c2-40", "category": "\u7535\u7096\u9505", "ground": "\u5851\u6599\u539f\u6599,ABS,PA6,PP,\u518d\u751f\u6599AS,PA66,PBT,PC,PPA", "money": 100, "name": "\u4f59\u59da\u5e02\u76c8\u4fe1\u5851\u5316\u6709\u9650\u516c\u53f8", "property": "\u5c0f\u5fae\u4f01\u4e1a"}, {"address": "\u6d59\u6c5f\u7701\u5b81\u6ce2\u5e02\u4f59\u59da\u5e02\u4e2d\u56fd\u5851\u6599\u57ceF\u533aF2-203", "category": "\u7535\u84b8\u9505", "ground": "PP,PE,ABS,AS,PC,PA,PCTG", "money": 100, "name": "\u5b81\u6ce2\u91d1\u6052\u76db\u8fdb\u51fa\u53e3\u6709\u9650\u516c\u53f8", "property": "\u5c0f\u5fae\u4f01\u4e1a"}, {"address": "\u6d59\u6c5f\u7701\u5b81\u6ce2\u5e02\u4f59\u59da\u5e02\u4e2d\u56fd\u5851\u6599\u57ce\u821c\u6c47\u4e1c\u8def83\u53f7", "category": "\u8c46\u6d46\u673a", "ground": "PP,PE,ABS,PC,POM", "money": 100, "name": "\u4f59\u59da\u5e02\u6e90\u7389\u946b\u5851\u5316\u6709\u9650\u516c\u53f8", "property": "\u5c0f\u5fae\u4f01\u4e1a"}, {"address": "\u6d59\u6c5f\u7701\u5b81\u6ce2\u5e02\u4f59\u59da\u5e02\u4e2d\u56fd\u5851\u6599\u57ce\u56fd\u9645\u5546\u52a1\u4e2d\u5fc32\u5e621005\u5ba4", "category": "\u7535\u7096\u9505", "ground": "ABS,PC,PA66,PP,PS,AS,POM", "money": 100, "name": "\u5b81\u6ce2\u9686\u7f8e\u8d38\u6613\u6709\u9650\u516c\u53f8", "property": "\u5c0f\u5fae\u4f01\u4e1a"}, {"address": "\u6d59\u6c5f\u7701\u5b81\u6ce2\u5e02\u4f59\u59da\u5e02\u4e2d\u56fd\u5851\u6599\u57ceA1\u533a14\u53f7", "category": "\u69a8\u6c41\u673a", "ground": "PA,PP,ABS,PPS", "money": 100, "name": "\u4f59\u59da\u5e02\u6b23\u5b87\u7fd4\u5851\u5316\u6709\u9650\u516c\u53f8", "property": "\u5c0f\u5fae\u4f01\u4e1a"}, {"address": "\u6d59\u6c5f\u7701\u5b81\u6ce2\u5e02\u4f59\u59da\u5e02\u4e2d\u56fd\u5851\u6599\u57ce\u56fd\u9645\u5546\u52a1\u4e2d\u5fc31\u53f7\u697c128\u5ba4", "category": "\u65e9\u9910\u673a", "ground": "ABS,PP,PC,ABS/PC\u53ca\u5176\u4ed6\u5de5\u7a0b\u6599", "money": 100, "name": "\u4f59\u59da\u5e02\u51ef\u5c3c\u8d38\u6613\u6709\u9650\u516c\u53f8", "property": "\u5c0f\u5fae\u4f01\u4e1a"}, {"address": "\u6d59\u6c5f\u7701\u5b81\u6ce2\u5e02\u4f59\u59da\u5e02\u5851\u6599\u57ceF\u533a3\u5e62201\u5ba4", "category": "\u8c46\u6d46\u673a", "ground": "\u805a\u7532\u919b,\u5c3c\u9f99,PPS,ABS,PC", "money": 100, "name": "\u4f59\u59da\u5e02\u6c38\u7131\u8d38\u6613\u6709\u9650\u516c\u53f8", "property": "\u5c0f\u5fae\u4f01\u4e1a"}, {"address": "\u6d59\u6c5f\u7701\u5b81\u6ce2\u5e02\u4f59\u59da\u5e02\u4e2d\u56fd\u5851\u6599\u57ceZ-1809", "category": "\u8c46\u6d46\u673a", "ground": "ABS,PP,PE", "money": 100, "name": "\u5b81\u6ce2\u8d64\u8bda\u5851\u6599\u6709\u9650\u516c\u53f8", "property": "\u5c0f\u5fae\u4f01\u4e1a"}, {"address": "\u6d59\u6c5f\u7701\u5b81\u6ce2\u5e02\u4f59\u59da\u5e02\u4e2d\u56fd\u5851\u6599\u57ce\u4e2d\u5fc3\u4ea4\u6613\u533aF\u533a2\u5e62304(\u81ea\u4e3b\u7533\u62a5)", "category": "\u69a8\u6c41\u673a", "ground": "ABS,AS,POM,GPPS,HIPS", "money": 100, "name": "\u5b81\u6ce2\u660e\u805a\u65b0\u6750\u6599\u6709\u9650\u516c\u53f8", "property": "\u5c0f\u5fae\u4f01\u4e1a"}, {"address": "\u6d59\u6c5f\u7701\u5b81\u6ce2\u5e02\u4f59\u59da\u5e02\u5851\u6599\u57ceF4-217", "category": "\u7535\u997c\u94db", "ground": "PP,PE,PS,ABS", "money": 100, "name": "\u5b81\u6ce2\u817e\u745e\u65b0\u6750\u6599\u6709\u9650\u516c\u53f8", "property": "\u5c0f\u5fae\u4f01\u4e1a"}, {"address": "\u6d59\u6c5f\u7701\u5b81\u6ce2\u5e02\u4f59\u59da\u5e02\u4e2d\u56fd\u5851\u6599\u57ce\u56fd\u9645\u5546\u52a1\u4e2d\u5fc32\u5e62102\u5ba4", "category": "\u6599\u7406\u673a", "ground": "PP,PE,PVC,AS,ABS,PS,PC,PA,PC/ABS", "money": 100, "name": "\u5b81\u6ce2\u957f\u8fdc\u5851\u4e1a\u6709\u9650\u516c\u53f8", "property": "\u5c0f\u5fae\u4f01\u4e1a"}, {"address": "\u6d59\u6c5f\u7701\u5b81\u6ce2\u5e02\u4f59\u59da\u5e02\u4f59\u59da\u4e2d\u56fd\u5851\u6599\u57ce\u56fd\u9645\u5546\u52a1\u4e2d\u5fc32\u5e62206\u5ba4", "category": "\u69a8\u6c41\u673a", "ground": "ABS,PE,PC,PP,PVC,PA", "money": 100, "name": "\u4f59\u59da\u5e02\u6c49\u548c\u77f3\u5316\u8d38\u6613\u6709\u9650\u516c\u53f8", "property": "\u5c0f\u5fae\u4f01\u4e1a"}, {"address": "\u6d59\u6c5f\u7701\u5b81\u6ce2\u5e02\u4f59\u59da\u5e02\u65b0\u5efa\u5317\u8def425\u53f7\u4e2d\u5851\u4e16\u7eaa\u5927\u53a62\u5e621111", "category": "\u65e9\u9910\u673a", "ground": "PP,ABS", "money": 100, "name": "\u5b81\u6ce2\u5fa1\u98ce\u65b0\u6750\u6599\u79d1\u6280\u6709\u9650\u516c\u53f8", "property": "\u5c0f\u5fae\u4f01\u4e1a"}, {"address": "\u6d59\u6c5f\u7701\u5b81\u6ce2\u5e02\u4f59\u59da\u5e02\u4e2d\u56fd\u5851\u6599\u57ce\u4e2d\u5fc3\u4ea4\u6613\u533aF\u533a4\u5e62204\u5ba4\uff08\u81ea\u4e3b\u7533\u62a5\uff09", "category": "\u7535\u7096\u9505", "ground": "PS,PA6,PE,ABS,PP", "money": 100, "name": "\u4f59\u59da\u5e02\u6d59\u53cb\u5851\u5316\u6709\u9650\u516c\u53f8", "property": "\u5c0f\u5fae\u4f01\u4e1a"}, {"address": "\u6d59\u6c5f\u7701\u5b81\u6ce2\u5e02\u4f59\u59da\u5e02\u4e2d\u56fd\u5851\u6599\u57ceZ-203-A\u53f7", "category": "\u7535\u84b8\u9505", "ground": "PA6,PA66,PVC,PP,PPR,ABS\u7b49\u5404\u79cd\u539f\u6599\u53ca\u518d\u751f\u6599", "money": 100, "name": "\u4f59\u59da\u5e02\u5353\u5c14\u5851\u5316\u6709\u9650\u516c\u53f8", "property": "\u5c0f\u5fae\u4f01\u4e1a"}, {"address": "\u6d59\u6c5f\u7701\u5b81\u6ce2\u5e02\u4f59\u59da\u5e02\u65b0\u5efa\u5317\u8def425\u53f7\u4e2d\u5851\u4e16\u7eaa\u5927\u53a61\u5e62906", "category": "\u7535\u997c\u94db", "ground": "ABS,POM,PC", "money": 100, "name": "\u5b81\u6ce2\u8d62\u5609\u65b0\u6750\u6599\u6709\u9650\u516c\u53f8", "property": "\u5c0f\u5fae\u4f01\u4e1a"}, {"address": "\u6d59\u6c5f\u7701\u5b81\u6ce2\u5e02\u4f59\u59da\u5e02\u4f59\u59da\u4e2d\u56fd\u5851\u6599\u57ce\u56fd\u9645\u5546\u52a1\u4e2d\u5fc31\u5e62214\u5ba4", "category": "\u65e9\u9910\u673a", "ground": "PE,PP,ABS,PC,POM", "money": 100, "name": "\u5b81\u6ce2\u5e02\u5929\u5146\u5316\u5de5\u6709\u9650\u516c\u53f8", "property": "\u5c0f\u5fae\u4f01\u4e1a"}, {"address": "\u6d59\u6c5f\u7701\u5b81\u6ce2\u5e02\u4f59\u59da\u5e02\u4e2d\u5851\u4e16\u7eaa\u5927\u53a61\u5e621718\u5ba4", "category": "\u8c46\u6d46\u673a", "ground": "PP,ABS,PC,PA66,HDPE", "money": 100, "name": "\u4f59\u59da\u5e02\u610f\u946b\u5851\u5316\u6709\u9650\u516c\u53f8", "property": "\u5c0f\u5fae\u4f01\u4e1a"}, {"address": "\u6d59\u6c5f\u7701\u5b81\u6ce2\u5e02\u4f59\u59da\u5e02\u4f59\u59da\u5851\u6599\u57ceF3-115", "category": "\u6599\u7406\u673a", "ground": "ABS,PP,PC,PMMA\u7b49", "money": 100, "name": "\u5b81\u6ce2\u53e4\u96f7\u65b0\u6750\u6599\u6709\u9650\u516c\u53f8", "property": "\u5c0f\u5fae\u4f01\u4e1a"}, {"address": "\u6d59\u6c5f\u7701\u5b81\u6ce2\u5e02\u4f59\u59da\u5e02\u4e2d\u56fd\u5851\u6599\u57ceZ\u533a321\u53f7", "category": "\u7535\u84b8\u9505", "ground": "ABS", "money": 100, "name": "\u4f59\u59da\u9879\u5c1a\u8d38\u6613\u6709\u9650\u516c\u53f8", "property": "\u5c0f\u5fae\u4f01\u4e1a"}, {"address": "\u6d59\u6c5f\u7701\u5b81\u6ce2\u5e02\u4f59\u59da\u5e02\u4e2d\u56fd\u5851\u6599\u57ce\u65b0\u5efa\u5317\u8def440-19", "category": "\u6599\u7406\u673a", "ground": "\u6539\u6027\u5de5\u7a0b\u5851\u6599\u7814\u53d1,\u751f\u4ea7,\u9500\u552e,PA6,PA66,PPO/PPE,PC/ABS", "money": 100, "name": "\u4f59\u59da\u5e02\u8fb0\u4e30\u79be\u76db\u65b0\u6750\u6599\u6709\u9650\u516c\u53f8", "property": "\u5c0f\u5fae\u4f01\u4e1a"}, {"address": "\u6d59\u6c5f\u7701\u5b81\u6ce2\u5e02\u4f59\u59da\u5e02\u65b0\u5efa\u5317\u8def345\u53f7", "category": "\u6599\u7406\u673a", "ground": "\u65e5\u672c\u4e09\u83f1PC,LG\u5316\u5b66PC,\u97e9\u56fd\u4e50\u5929PC,\u6d59\u94c1\u5927\u98cePC,\u65e5\u672c\u5b9d\u7406PPS,\u97e9\u56fd\u4e50\u5929ABS", "money": 100, "name": "\u4f59\u59da\u5e02\u767e\u4f73\u5851\u5316\u6709\u9650\u516c\u53f8", "property": "\u5c0f\u5fae\u4f01\u4e1a"}, {"address": "\u6d59\u6c5f\u7701\u5b81\u6ce2\u5e02\u4f59\u59da\u5e02\u4f59\u59da\u4e2d\u56fd\u5851\u6599\u57ce\u56fd\u9645\u5546\u52a1\u4e2d\u5fc33\u5e621705\u5ba4", "category": "\u7535\u7096\u9505", "ground": "ABS,POM,PP,PS", "money": 100, "name": "\u5b81\u6ce2\u9a85\u8d38\u65b0\u6750\u6599\u6709\u9650\u516c\u53f8", "property": "\u5c0f\u5fae\u4f01\u4e1a"}, {"address": "\u6d59\u6c5f\u7701\u5b81\u6ce2\u5e02\u4f59\u59da\u5e02\u4e2d\u56fd\u5851\u6599\u57ce\u5851\u6599\u57ceA-470", "category": "\u65e9\u9910\u673a", "ground": "POM,PC,PP,ABS,PA66,HDPR,LDPE", "money": 100, "name": "\u5b81\u6ce2\u4f17\u4e3e\u5851\u5316\u6709\u9650\u516c\u53f8", "property": "\u5c0f\u5fae\u4f01\u4e1a"}, {"address": "\u6d59\u6c5f\u7701\u5b81\u6ce2\u5e02\u4f59\u59da\u5e02\u821c\u6c47\u4e1c\u8def188-303", "category": "\u7a7a\u6c14\u70b8\u9505", "ground": "ABS,PE,PP,LDPE,LLDPE", "money": 100, "name": "\u5b81\u6ce2\u6cf0\u535a\u65b0\u6750\u6599\u6709\u9650\u516c\u53f8", "property": "\u5c0f\u5fae\u4f01\u4e1a"}, {"address": "\u6d59\u6c5f\u7701\u5b81\u6ce2\u5e02\u4f59\u59da\u5e02\u65b0\u5efa\u5317\u8def425\u53f7\u4e2d\u5851\u4e16\u7eaa\u5927\u53a61\u5e621316", "category": "\u7535\u7096\u9505", "ground": "ABS,PC", "money": 100, "name": "\u5b81\u6ce2\u521b\u715c\u8fdb\u51fa\u53e3\u6709\u9650\u516c\u53f8", "property": "\u5c0f\u5fae\u4f01\u4e1a"}, {"address": "\u6d59\u6c5f\u7701\u5b81\u6ce2\u5e02\u4f59\u59da\u5e02\u897f\u90d1\u5df7\u6751\u5f20\u5df782\u53f7\u4e8c\u697c", "category": "\u69a8\u6c41\u673a", "ground": "\u949b\u767dPS,ABS,PP", "money": 100, "name": "\u5b81\u6ce2\u4e00\u5fc3\u65b0\u6750\u6599\u6709\u9650\u516c\u53f8", "property": "\u5c0f\u5fae\u4f01\u4e1a"}, {"address": "\u6d59\u6c5f\u7701\u5b81\u6ce2\u5e02\u4f59\u59da\u5e02\u821c\u8fbe\u897f\u8def285\u53f73\u5e622602", "category": "\u8c46\u6d46\u673a", "ground": "\u65e5\u672c\u97e9\u56fd\u5404\u7c7b\u65b0\u6599,\u518d\u751f\u6599,\u526f\u724c,\u5185\u5bb9\u6db5\u76d6PP,PE,ABS,PS,PC,MS,SAN,PA,PBT,PET,ETFE\u5404\u7c7b", "money": 100, "name": "\u70fd\u5ddd\u8fbe\uff08\u5b81\u6ce2\uff09\u8d38\u6613\u6709\u9650\u516c\u53f8", "property": "\u5c0f\u5fae\u4f01\u4e1a"}, {"address": "\u6d59\u6c5f\u7701\u5b81\u6ce2\u5e02\u4f59\u59da\u5e02\u51e4\u5c71\u8857\u9053\u4e2d\u56fd\u5851\u6599\u57ceZ-912\u53f7", "category": "\u6599\u7406\u673a", "ground": "LDPE,LLDPE,PP,GPPS,HIPS,ABS,AS,POM,PMMA,PA6", "money": 100, "name": "\u4f59\u59da\u5e02\u65b0\u592e\u6676\u5851\u5316\u6709\u9650\u516c\u53f8", "property": ""}, {"address": "\u6d59\u6c5f\u7701\u5b81\u6ce2\u5e02\u4f59\u59da\u5e02\u4e2d\u56fd\u5851\u6599\u57ce\u4e2d\u5fc3\u4ea4\u6613\u533aF\u533a3\u5e62106\u5ba4", "category": "\u69a8\u6c41\u673a", "ground": "\u539f\u6599,ABS,POM,PA,PA6,PA66", "money": 100, "name": "\u4f59\u59da\u5e02\u817e\u8d35\u5851\u5316\u6709\u9650\u516c\u53f8", "property": "\u5c0f\u5fae\u4f01\u4e1a"}, {"address": "\u6d59\u6c5f\u7701\u5b81\u6ce2\u5e02\u4f59\u59da\u5e02\u4e2d\u56fd\u5851\u6599\u57ceF4-218", "category": "\u6599\u7406\u673a", "ground": "ABS,PP", "money": 100, "name": "\u5b81\u6ce2\u5e7f\u5955\u9686\u5851\u5316\u6709\u9650\u516c\u53f8", "property": "\u5c0f\u5fae\u4f01\u4e1a"}, {"address": "\u6d59\u6c5f\u7701\u5b81\u6ce2\u5e02\u4f59\u59da\u5e02\u4e2d\u56fd\u5851\u6599\u57ceD-12", "category": "\u6599\u7406\u673a", "ground": "PA6/66,ABS,PP", "money": 100, "name": "\u4f59\u59da\u5e02\u7f8e\u548c\u5851\u4e1a\u6709\u9650\u516c\u53f8", "property": "\u5c0f\u5fae\u4f01\u4e1a"}, {"address": "\u6d59\u6c5f\u7701\u5b81\u6ce2\u5e02\u911e\u5dde\u533a\u4e94\u4e61\u9547\u534e\u4e1c\u7269\u8d44\u57ce\u4e1c\u5916\u73af\u5e02\u573aA23\u53f7", "category": "\u7535\u7096\u9505", "ground": "ABS,PP,PE,PC,IHPS,GPPS,AS,POM,PA6,PA66", "money": 100, "name": "\u5b81\u6ce2\u826f\u6e90\u5851\u5316\u6709\u9650\u516c\u53f8", "property": "\u5c0f\u5fae\u4f01\u4e1a"}, {"address": "\u6d59\u6c5f\u7701\u5b81\u6ce2\u5e02\u4f59\u59da\u5e02\u4e2d\u56fd\u5851\u6599\u57ce\u65b0\u5efa\u5317\u8def492-12\u53f7", "category": "\u8c46\u6d46\u673a", "ground": "PC,PA,PP,ABS\u53ca\u5176\u5408\u91d1", "money": 100, "name": "\u5b81\u6ce2\u5408\u952e\u5851\u5316\u6709\u9650\u516c\u53f8", "property": "\u5c0f\u5fae\u4f01\u4e1a"}, {"address": "\u6d59\u6c5f\u7701\u5b81\u6ce2\u5e02\u4f59\u59da\u5e02\u4e2d\u56fd\u5851\u6599\u57ceA1-97", "category": "\u8c46\u6d46\u673a", "ground": "PA66,PA6,POM,PC,PMMA,PBT,PA12,PPS,ABS", "money": 100, "name": "\u4f59\u59da\u5e02\u5851\u661f\u65b0\u6750\u6599\u6709\u9650\u516c\u53f8", "property": "\u5c0f\u5fae\u4f01\u4e1a"}, {"address": "\u6d59\u6c5f\u7701\u5b81\u6ce2\u5e02\u4f59\u59da\u5e02\u65b0\u5efa\u5317\u8def425\u53f7\u4e2d\u5851\u4e16\u7eaa\u5927\u53a61\u5e621504", "category": "\u65e9\u9910\u673a", "ground": "ABS,PC,PC/ABS,ASA,PPS,PPSU,PEEK,PEI", "money": 100, "name": "\u5b81\u6ce2\u5947\u7855\u65b0\u6750\u6599\u6709\u9650\u516c\u53f8", "property": "\u5c0f\u5fae\u4f01\u4e1a"}, {"address": "\u6d59\u6c5f\u7701\u5b81\u6ce2\u5e02\u4f59\u59da\u5e02\u4e2d\u56fd\u5851\u6599\u57ce\u56fd\u9645\u5546\u52a1\u4e2d\u5fc32\u5e62206\u5ba4", "category": "\u8c46\u6d46\u673a", "ground": "\u53f0\u5316PC/ABS,ASA,\u56fd\u4e54\u963b\u71c3ABS,\u56fd\u4e54\u9ad8\u80f6\u7c89,\u53f0\u5316PC/ASA", "money": 100, "name": "\u5b81\u6ce2\u6b23\u4ef0\u65b0\u6750\u6599\u6709\u9650\u516c\u53f8", "property": "\u5c0f\u5fae\u4f01\u4e1a"}, {"address": "\u6d59\u6c5f\u7701\u5b81\u6ce2\u5e02\u4f59\u59da\u5e02\u5851\u6599\u57ceA-109", "category": "\u7535\u84b8\u9505", "ground": "PLA,PBAT,\u5168\u751f\u7269\u964d\u89e3\u6750\u6599,\u805a\u4e19\u70ef\u6210\u6838\u5242,\u589e\u5f3a,\u963b\u71c3\uff08ABS/PC/PP/PBT/PA)PC/ABS,ABS,PE,PP,PC", "money": 100, "name": "\u5b81\u6ce2\u535a\u805a\u65b0\u6750\u6599\u79d1\u6280\u6709\u9650\u516c\u53f8", "property": "\u5c0f\u5fae\u4f01\u4e1a"}, {"address": "\u6d59\u6c5f\u7701\u5b81\u6ce2\u5e02\u4f59\u59da\u5e02\u65b0\u5efa\u5317\u8def1102\u53f7\u4e2d\u5851\u4e16\u7eaa\u5927\u53a61\u53f7\u697c1102\u5ba4", "category": "\u7535\u997c\u94db", "ground": "\u963b\u71c3ABS,\u963b\u71c3PC/ABS,\u5404\u79cd\u6539\u6027\u6599", "money": 100, "name": "\u5b81\u6ce2\u6da6\u5b87\u65b0\u6750\u6599\u6709\u9650\u516c\u53f8", "property": "\u5c0f\u5fae\u4f01\u4e1a"}, {"address": "\u6d59\u6c5f\u7701\u5b81\u6ce2\u5e02\u4f59\u59da\u5e02\u4f59\u59da\u6709\u8272\u91d1\u5c5e\u6750\u6599\u57ce22-1\u5e6205", "category": "\u69a8\u6c41\u673a", "ground": "ABS,POM,PLA", "money": 100, "name": "\u5b81\u6ce2\u987a\u5b87\u65b0\u6750\u6599\u6709\u9650\u516c\u53f8", "property": "\u5c0f\u5fae\u4f01\u4e1a"}, {"address": "\u6d59\u6c5f\u7701\u5b81\u6ce2\u5e02\u4f59\u59da\u5e02\u4e2d\u8fbe\u5546\u52a1\u697c\u56db\u697cA-470", "category": "\u8c46\u6d46\u673a", "ground": "\u8fdb\u51fa\u53e3\u539f\u6599POM,PP,PC,PA6/66,ABS,\u9632\u9759\u7535\u5851\u80f6", "money": 100, "name": "\u5b81\u6ce2\u9e3f\u714a\u5851\u5316\u6709\u9650\u516c\u53f8", "property": "\u5c0f\u5fae\u4f01\u4e1a"}, {"address": "\u6d59\u6c5f\u7701\u5b81\u6ce2\u5e02\u4f59\u59da\u5e02\u4e2d\u56fd\u5851\u6599\u57ce\u56fd\u9645\u5546\u52a1\u4e2d\u5fc33\u53f7\u697c802-1", "category": "\u7535\u997c\u94db", "ground": "\u79d1\u601d\u521bCOVESTRO,PC/ABS\u548cPC,\u82f1\u529b\u58eb\u82ef\u9886,INEOS,ABS,AS,\u5965\u5347\u5fb7\u6cdb\u8fbevydyne,PA66\u82cf\u5a01PPS,\u585e\u62c9\u5c3c\u65afCelanese,PPS,\u675c\u90a6DOUPONT,PA66,POM", "money": 100, "name": "\u5b81\u6ce2\u4e2d\u68e0\u8d38\u6613\u6709\u9650\u516c\u53f8", "property": "\u5c0f\u5fae\u4f01\u4e1a"}, {"address": "\u6d59\u6c5f\u7701\u5b81\u6ce2\u5e02\u4f59\u59da\u5e02\u4e2d\u56fd\u5851\u6599\u57ce\u4e2d\u5fc3\u4ea4\u6613\u533aF\u533a2\u5e62113\u5ba4", "category": "\u69a8\u6c41\u673a", "ground": "\u4e2d\u56fd\u77f3\u6cb9,\u4e2d\u56fd\u77f3\u5316,\u5916\u8d44\u77f3\u5316\u4f01\u4e1a\u53ca\u8fdb\u53e3\u5851\u6599\u539f\u6599,PA\u5168\u7cfb\u5217,TPE\u7cfb\u5217\u7b49\uff08\u5409\u6797\u77f3\u5316ABS\u7cfb\u5217,\u97e9\u56fd\u4e50\u5929ABS,\u97e9\u56fd\u4e50\u5929PC\uff09", "money": 100, "name": "\u5b81\u6ce2\u5171\u8bfa\u5851\u6599\u6709\u9650\u516c\u53f8", "property": "\u5c0f\u5fae\u4f01\u4e1a"}, {"address": "\u6d59\u6c5f\u7701\u5b81\u6ce2\u5e02\u4f59\u59da\u5e02\u51e4\u5c71\u8857\u9053\u4e94\u661f\u6751\u90d1\u6cb3\u6cbf\u6cb3\u4e1c12-1(\u81ea\u4e3b\u7533\u62a5)", "category": "\u7535\u7096\u9505", "ground": "ABS,PC,PP", "money": 100, "name": "\u5b81\u6ce2\u666f\u521b\u65b0\u6750\u6599\u79d1\u6280\u6709\u9650\u516c\u53f8", "property": ""}, {"address": "\u6d59\u6c5f\u7701\u5b81\u6ce2\u5e02\u4f59\u59da\u5e02\u4e2d\u56fd\u5851\u6599\u57ce\u4e2d\u5fc3\u4ea4\u6613\u533af2-307", "category": "\u7a7a\u6c14\u70b8\u9505", "ground": "PP,ABS,PE", "money": 100, "name": "\u4f59\u59da\u5e02\u6770\u8d85\u5851\u5316\u5546\u884c", "property": ""}, {"address": "\u6d59\u6c5f\u7701\u5b81\u6ce2\u5e02\u4f59\u59da\u5e02\u4e2d\u56fd\u5851\u6599\u57ceA\u533a475", "category": "\u69a8\u6c41\u673a", "ground": "PA66,PPS,POM,PC,ABS,PP", "money": 100, "name": "\u4f59\u59da\u5e02\u8054\u6838\u5851\u5316\u6709\u9650\u516c\u53f8", "property": "\u5c0f\u5fae\u4f01\u4e1a"}, {"address": "\u6d59\u6c5f\u7701\u5b81\u6ce2\u5e02\u4f59\u59da\u5e02\u4e2d\u56fd\u5851\u6599\u57ceZ\u533a502", "category": "\u8c46\u6d46\u673a", "ground": "ABS,PC,PC/ABS,PA,PS", "money": 100, "name": "\u5b81\u6ce2\u535a\u6676\u65b0\u6750\u6599\u79d1\u6280\u6709\u9650\u516c\u53f8", "property": ""}, {"address": "\u6d59\u6c5f\u7701\u5b81\u6ce2\u5e02\u4f59\u59da\u5e02\u4e2d\u56fd\u5851\u6599\u57ce3-16\u53f7 \u5382\u5740\uff1a\u676d\u5dde\u6e7e\u65b0\u533a\u6653\u5858\u8def116\u53f7", "category": "\u7535\u997c\u94db", "ground": "\u518d\u751f\u6599\u589e\u5f3aPC,\u518d\u751f\u6599PC,\u518d\u751f\u6599PC/ABS", "money": 100, "name": "\u5b81\u6ce2\u5e86\u9a85\u5851\u6599\u6709\u9650\u516c\u53f8", "property": "\u5c0f\u5fae\u4f01\u4e1a"}, {"address": "\u6d59\u6c5f\u7701\u5b81\u6ce2\u5e02\u4f59\u59da\u5e02\u51e4\u5c71\u8857\u9053\u5851\u6599\u57ceA\u5e622\u53f7", "category": "\u7a7a\u6c14\u70b8\u9505", "ground": "PA6,PA66,\u589e\u5f3aPA6,PA66,\u963b\u71c3PA6,PA66,\u589e\u5f3a\u6539\u6027PP,ABS,PP", "money": 100, "name": "\u5b81\u6ce2\u6717\u9e23\u5851\u5316\u6709\u9650\u516c\u53f8", "property": "\u5c0f\u5fae\u4f01\u4e1a"}, {"address": "\u6d59\u6c5f\u7701\u5b81\u6ce2\u5e02\u6d77\u66d9\u533a\u901a\u9014\u8def3288\u53f7\u534e\u4e1c\u7269\u8d44\u57ce\u4e1c\u5916\u73af\u5e02\u573a\u4e94\u901a\u9053503\u53f7", "category": "\u6599\u7406\u673a", "ground": "PC,ABS,PS,PP,POE,PE", "money": 100, "name": "\u5b81\u6ce2\u5e02\u8fdc\u8bda\u65b0\u6750\u6599\u6709\u9650\u516c\u53f8", "property": "\u5c0f\u5fae\u4f01\u4e1a"}, {"address": "\u6d59\u6c5f\u7701\u5b81\u6ce2\u5e02\u911e\u5dde\u533a\u4e94\u4e61\u9547\u4e94\u4e61\u5de5\u4e1a\u56ed\u533a\u5185(\u5b81\u6ce2\u534e\u4e1c\u7269\u8d44\u57ce\u4e1c\u5916\u73af\u5e02\u573a503-1\u53f7)", "category": "\u69a8\u6c41\u673a", "ground": "PP,PE,POE,ABS,PC", "money": 100, "name": "\u5b81\u6ce2\u5e02\u65ed\u6cf0\u65b0\u6750\u6599\u6709\u9650\u516c\u53f8", "property": "\u5c0f\u5fae\u4f01\u4e1a"}, {"address": "\u6d59\u6c5f\u7701\u5b81\u6ce2\u5e02\u5b81\u6d77\u53bf\u6865\u5934\u80e1\u8857\u9053\u4e09\u7701\u4e1c\u8def15\u53f7\u6885\u6865\u5de5\u4e1a\u56ed\u533a12C (\u81ea\u4e3b\u7533\u62a5\u5de5\u6539\u5546)", "category": "\u8c46\u6d46\u673a", "ground": "ABS,AS,PS,PP,PE,PET,EVA,PC,POM,PA6", "money": 100, "name": "\u5b81\u6ce2\u88d5\u548c\u8fdb\u51fa\u53e3\u6709\u9650\u516c\u53f8", "property": "\u5c0f\u5fae\u4f01\u4e1a"}, {"address": "\u6d59\u6c5f\u7701\u5b81\u6ce2\u5e02\u6148\u6eaa\u5e02\u89c2\u6d77\u536b\u9547\u91d1\u6148\u5851\u6599\u57ce\u91d1\u51e4\u697c13.15.17\u53f7", "category": "\u69a8\u6c41\u673a", "ground": "ABS,AS,HIPS,GPPS,PP,HDPE,LDPE,PC,PA,POM", "money": 100, "name": "\u5b81\u6ce2\u51ef\u9f0e\u5851\u5316\u6709\u9650\u516c\u53f8", "property": "\u5c0f\u5fae\u4f01\u4e1a"}, {"address": "\u6d59\u6c5f\u7701\u5b81\u6ce2\u5e02\u6148\u6eaa\u5e02\u89c2\u6d77\u536b\u5851\u6599\u57ce\u5851\u6599\u57ce\u5357\u8def19\u53f7", "category": "\u7a7a\u6c14\u70b8\u9505", "ground": "ABS,AS,PS,PP,PC,PE", "money": 100, "name": "\u6148\u6eaa\u5e02\u60e0\u76db\u5546\u8d38\u6709\u9650\u516c\u53f8", "property": "\u5c0f\u5fae\u4f01\u4e1a"}, {"address": "\u6d59\u6c5f\u7701\u5b81\u6ce2\u5e02\u6148\u6eaa\u5e02\u6148\u6eaa\u89c2\u57ce\u5851\u6599\u57ce", "category": "\u69a8\u6c41\u673a", "ground": "PP,ABS,\u589e\u5f3aPP", "money": 100, "name": "\u5b81\u6ce2\u82f1\u5b50\u9038\u5851\u6599\u6709\u9650\u516c\u53f8", "property": "\u5c0f\u5fae\u4f01\u4e1a"}, {"address": "\u6d59\u6c5f\u7701\u5b81\u6ce2\u5e02\u4f59\u59da\u5e02\u4e2d\u56fd\u5851\u6599\u57ceC\u5e6216\u53f7", "category": "\u65e9\u9910\u673a", "ground": "ABS,AS,POM,GPPS,PMMA,PC,HIPS,PP,PA6", "money": 100, "name": "\u5b81\u6ce2\u91d1\u62db\u65b0\u6750\u6599\u6709\u9650\u516c\u53f8", "property": ""}, {"address": "\u6d59\u6c5f\u7701\u5b81\u6ce2\u5e02\u4f59\u59da\u5e02\u4f59\u59da\u65b0\u5efa\u5317\u8def425\u53f7\u4e2d\u5851\u4e16\u7eaa\u5927\u53a61-905\u5ba4", "category": "\u65e9\u9910\u673a", "ground": "ABS", "money": 85, "name": "\u4f59\u59da\u5e02\u5174\u7fd4\u5851\u5316\u6709\u9650\u516c\u53f8", "property": "\u5c0f\u5fae\u4f01\u4e1a"}, {"address": "\u6d59\u6c5f\u7701\u5b81\u6ce2\u5e02\u6d77\u66d9\u533a\u9ad8\u6865\u9547\u671b\u6c5f\u6751\u5de5\u4e1a\u533a\u7cbe\u8d85\u5851\u6599\u5382", "category": "\u7535\u84b8\u9505", "ground": "ABS,AS,\u9ad8\u80f6\u7c89", "money": 60, "name": "\u5b81\u6ce2\u5e02\u6c5f\u4e1c\u7965\u6d77\u5851\u5316\u6709\u9650\u516c\u53f8", "property": "\u5c0f\u5fae\u4f01\u4e1a"}, {"address": "\u6d59\u6c5f\u7701\u5b81\u6ce2\u5e02\u4f59\u59da\u5e02\u89c2\u57ce\u5851\u6599\u57ce \u5357\u8def16\u53f7", "category": "\u7535\u997c\u94db", "ground": "PP,PC,ABS", "money": 58, "name": "\u4f59\u59da\u6770\u5347\u8fdb\u51fa\u53e3\u6709\u9650\u516c\u53f8", "property": "\u5c0f\u5fae\u4f01\u4e1a"}, {"address": "\u6d59\u6c5f\u7701\u5b81\u6ce2\u5e02\u4f59\u59da\u5e02\u4e2d\u56fd\u5851\u6599\u57ce\u8def\u4e1c1-16-5\u53f7", "category": "\u7a7a\u6c14\u70b8\u9505", "ground": "PP,HDPE,ABS,AS,POE,POM,PC/KJ,LDPE,PVC", "money": 50, "name": "\u4f59\u59da\u5e02\u65b9\u821f\u5851\u5316\u6709\u9650\u516c\u53f8", "property": "\u5c0f\u5fae\u4f01\u4e1a"}, {"address": "\u6d59\u6c5f\u7701\u5b81\u6ce2\u5e02\u4f59\u59da\u5e02\u4e2d\u56fd\u5851\u6599\u57ceA1-105\u53f7", "category": "\u7535\u84b8\u9505", "ground": "ABS,POM,PC", "money": 50, "name": "\u4f59\u59da\u5e02\u7acb\u53d1\u5851\u5316\u6709\u9650\u516c\u53f8", "property": "\u5c0f\u5fae\u4f01\u4e1a"}, {"address": "\u6d59\u6c5f\u7701\u5b81\u6ce2\u5e02\u4f59\u59da\u5e02\u5851\u6599\u57ce\u4e1c\u533a5-4", "category": "\u6599\u7406\u673a", "ground": "\u73af\u4fdd\u578bPC/ABS,PC", "money": 50, "name": "\u4f59\u59da\u5e02\u542f\u660e\u5851\u6599\u65b0\u6280\u672f\u5f00\u53d1\u6709\u9650\u516c\u53f8", "property": "\u5c0f\u5fae\u4f01\u4e1a"}, {"address": "\u6d59\u6c5f\u7701\u5b81\u6ce2\u5e02\u4f59\u59da\u5e02\u4e2d\u56fd\u5851\u6599\u57ce3-18", "category": "\u7535\u997c\u94db", "ground": "\u5851\u6599ABS,\u5851\u6599PVC,PP", "money": 50, "name": "\u4f59\u59da\u5e02\u5b8f\u6e90\u7269\u8d44\u6709\u9650\u516c\u53f8", "property": "\u5c0f\u5fae\u4f01\u4e1a"}, {"address": "\u6d59\u6c5f\u7701\u5b81\u6ce2\u5e02\u4f59\u59da\u5e02\u5851\u6599\u57ceZ\u533a517\u53f7", "category": "\u6599\u7406\u673a", "ground": "PA6,PA66,LLDPE,LDPE,HDPE,ABS", "money": 50, "name": "\u4f59\u59da\u5e02\u5929\u7b56\u8d38\u6613\u6709\u9650\u516c\u53f8", "property": "\u5c0f\u5fae\u4f01\u4e1a"}, {"address": "\u6d59\u6c5f\u7701\u5b81\u6ce2\u5e02\u4f59\u59da\u5e02\u4e2d\u56fd\u5851\u6599\u57ceE-27\u53f7", "category": "\u7535\u7096\u9505", "ground": "PP,PE,PS,ABS", "money": 50, "name": "\u4f59\u59da\u5e02\u7533\u4e30\u5851\u5316\u6709\u9650\u516c\u53f8", "property": "\u5c0f\u5fae\u4f01\u4e1a"}, {"address": "\u6d59\u6c5f\u7701\u5b81\u6ce2\u5e02\u4f59\u59da\u5e02\u4e2d\u56fd\u5851\u6599\u57ceF2-102-102\u53f7", "category": "\u69a8\u6c41\u673a", "ground": "\u72ec\u5c71\u5b50\u77f3\u5316PP-PE,\u5170\u5dde\u77f3\u5316PE-PP,\u5409\u5316ABS,\u900f\u660e\u805a\u4e19\u70ef", "money": 50, "name": "\u4f59\u59da\u5e02\u91d1\u677e\u5316\u5de5\u6709\u9650\u516c\u53f8", "property": "\u5c0f\u5fae\u4f01\u4e1a"}, {"address": "\u6d59\u6c5f\u7701\u5b81\u6ce2\u5e02\u4f59\u59da\u5e02\u4e2d\u56fd\u5851\u6599\u57ce\u533aZ\u533a713\u53f7", "category": "\u69a8\u6c41\u673a", "ground": "PPO,PC/ABS,PPS,PA12,PA6,66,ABS,PC,HIPS,GPPS", "money": 50, "name": "\u4f59\u59da\u5e02\u79be\u7085\u5851\u6599\u6709\u9650\u516c\u53f8", "property": "\u5c0f\u5fae\u4f01\u4e1a"}, {"address": "\u6d59\u6c5f\u7701\u5b81\u6ce2\u5e02\u4f59\u59da\u5e02\u4e2d\u56fd\u5851\u6599\u57ce2-72", "category": "\u6599\u7406\u673a", "ground": "ABS,AS,PS,PP,\u5de5\u7a0b\u5851\u6599\u7b49", "money": 50, "name": "\u4f59\u59da\u5e02\u534e\u5929\u5851\u6599\u6709\u9650\u516c\u53f8", "property": "\u5c0f\u5fae\u4f01\u4e1a"}, {"address": "\u6d59\u6c5f\u7701\u5b81\u6ce2\u5e02\u4f59\u59da\u5e02\u4f59\u59da\u5851\u6599\u57ce\u56fd\u9645\u5546\u52a1\u4e2d\u5fc33\u5e62501\u5ba4", "category": "\u7535\u7096\u9505", "ground": "ABS,GPPS,PP,\u518d\u751f\u6599", "money": 50, "name": "\u4f59\u59da\u5e02\u8054\u5b8f\u5316\u5de5\u6709\u9650\u516c\u53f8", "property": "\u5c0f\u5fae\u4f01\u4e1a"}, {"address": "\u6d59\u6c5f\u7701\u5b81\u6ce2\u5e02\u4f59\u59da\u5e02\u4e2d\u56fd\u5851\u6599\u57ceA\u533a\u56db\u697c\u4e1c\u697cA-431", "category": "\u7535\u997c\u94db", "ground": "\u5851\u6599\u539f\u6599,ABS,PS,PP,\u5408\u91d1,PA,\u518d\u751f\u6599,\u6539\u6027\u6599", "money": 50, "name": "\u4f59\u59da\u5e02\u6da6\u8fb0\u5851\u5316\u6709\u9650\u516c\u53f8", "property": "\u5c0f\u5fae\u4f01\u4e1a"}, {"address": "\u6d59\u6c5f\u7701\u5b81\u6ce2\u5e02\u4f59\u59da\u5e02\u4e2d\u56fd\u5851\u6599\u57ce\u65b0\u5efa\u5317\u8def438-1\u53f7", "category": "\u7a7a\u6c14\u70b8\u9505", "ground": "ABS,PP,PE", "money": 50, "name": "\u4f59\u59da\u5e02\u65b0\u4e00\u4ee3\u91d1\u6865\u5851\u6599\u6709\u9650\u516c\u53f8", "property": "\u5c0f\u5fae\u4f01\u4e1a"}, {"address": "\u6d59\u6c5f\u7701\u5b81\u6ce2\u5e02\u4f59\u59da\u5e02\u4f59\u59da\u4e2d\u56fd\u5851\u6599\u57ceA-48\u53f7", "category": "\u7535\u84b8\u9505", "ground": "ABS,PP", "money": 50, "name": "\u4f59\u59da\u5e02\u79d1\u9756\u5851\u5316\u6709\u9650\u516c\u53f8", "property": "\u5c0f\u5fae\u4f01\u4e1a"}, {"address": "\u6d59\u6c5f\u7701\u5b81\u6ce2\u5e02\u4f59\u59da\u5e02\u4e2d\u56fd\u5851\u6599\u57ceA-102", "category": "\u65e9\u9910\u673a", "ground": "PPS,ABS", "money": 50, "name": "\u4f59\u59da\u5e02\u4e30\u67cf\u8d38\u6613\u6709\u9650\u516c\u53f8", "property": "\u5c0f\u5fae\u4f01\u4e1a"}, {"address": "\u6d59\u6c5f\u7701\u5b81\u6ce2\u5e02\u4f59\u59da\u5e02\u5851\u6599\u57ceA-106\u5ba4", "category": "\u69a8\u6c41\u673a", "ground": "pp,GDPS,LDPE,LLDPE,HIPS,ABS\u7b49", "money": 50, "name": "\u4f59\u59da\u5e02\u534e\u4f73\u5316\u5de5\u6709\u9650\u516c\u53f8", "property": "\u5c0f\u5fae\u4f01\u4e1a"}, {"address": "\u6d59\u6c5f\u7701\u5b81\u6ce2\u5e02\u4f59\u59da\u5e02\u4e2d\u56fd\u5851\u6599\u57ce\u56fd\u9645\u5546\u52a1\u4e2d\u5fc32\u53f7\u697c303-1\u5ba4", "category": "\u69a8\u6c41\u673a", "ground": "pc,pa6,pbt,pa66,abs", "money": 50, "name": "\u4f59\u59da\u5e02\u4e2d\u805a\u8d38\u6613\u6709\u9650\u516c\u53f8", "property": "\u5c0f\u5fae\u4f01\u4e1a"}, {"address": "\u6d59\u6c5f\u7701\u5b81\u6ce2\u5e02\u4f59\u59da\u5e02\u4e2d\u56fd\u5851\u6599\u57ce\u4e2d\u5fc3\u4ea4\u6613\u533aF\u533a1\u5e62201\u5ba4", "category": "\u7a7a\u6c14\u70b8\u9505", "ground": "PPS,PA66,POM,PET,PBT,PSU,PPA,PMMA,ABS\u7b49", "money": 50, "name": "\u4f59\u59da\u5e02\u6052\u8fdc\u5851\u5316\u6709\u9650\u516c\u53f8", "property": "\u5c0f\u5fae\u4f01\u4e1a"}, {"address": "\u6d59\u6c5f\u7701\u5b81\u6ce2\u5e02\u4f59\u59da\u5e02\u65b0\u5efa\u5317\u8def438-3\u53f7", "category": "\u69a8\u6c41\u673a", "ground": "ABS", "money": 50, "name": "\u4f59\u59da\u5e02\u4f73\u5e86\u5851\u5316\u6709\u9650\u516c\u53f8", "property": "\u5c0f\u5fae\u4f01\u4e1a"}, {"address": "\u6d59\u6c5f\u7701\u5b81\u6ce2\u5e02\u4f59\u59da\u5e02\u4e2d\u56fd\u5851\u6599\u57ceD-10\u53f7", "category": "\u7535\u997c\u94db", "ground": "ABS,PET,AS,PP", "money": 50, "name": "\u4f59\u59da\u5e02\u6d77\u76db\u65b0\u6750\u6599\u79d1\u6280\u6709\u9650\u516c\u53f8", "property": "\u5c0f\u5fae\u4f01\u4e1a"}, {"address": "\u6d59\u6c5f\u7701\u5b81\u6ce2\u5e02\u4f59\u59da\u5e02\u4e2d\u56fd\u5851\u6599\u57ceC-12\u53f7 (\u4ed3\u5e93\u56db\u6d773\u53f7\uff09", "category": "\u7a7a\u6c14\u70b8\u9505", "ground": "ABS\uff0cPC", "money": 50, "name": "\u4f59\u59da\u5e02\u5e7f\u5e86\u8d38\u6613\u6709\u9650\u516c\u53f8", "property": "\u5c0f\u5fae\u4f01\u4e1a"}, {"address": "\u6d59\u6c5f\u7701\u5b81\u6ce2\u5e02\u4f59\u59da\u5e02\u5851\u6599\u57ce6\u531727-28\u53f7", "category": "\u8c46\u6d46\u673a", "ground": "PP,AS,HIPS,GPPS,PC,PA,PMMA,HDPE,ABS", "money": 50, "name": "\u4f59\u59da\u5e02\u5efa\u658c\u5851\u5316\u6709\u9650\u516c\u53f8", "property": "\u5c0f\u5fae\u4f01\u4e1a"}, {"address": "\u6d59\u6c5f\u7701\u5b81\u6ce2\u5e02\u4f59\u59da\u5e02\u4e2d\u56fd\u5851\u6599\u57ceA1-44", "category": "\u6599\u7406\u673a", "ground": "ABS,PP,PA,PVC,AS", "money": 50, "name": "\u4f59\u59da\u5e02\u542f\u987a\u8d38\u6613\u6709\u9650\u516c\u53f8", "property": "\u5c0f\u5fae\u4f01\u4e1a"}, {"address": "\u6d59\u6c5f\u7701\u5b81\u6ce2\u5e02\u4f59\u59da\u5e02\u4e2d\u56fd\u5851\u6599\u57ceZ\u533a116\u53f7", "category": "\u7535\u7096\u9505", "ground": "PP,ABS", "money": 50, "name": "\u4f59\u59da\u5e02\u5947\u8f69\u8d38\u6613\u6709\u9650\u516c\u53f8", "property": "\u5c0f\u5fae\u4f01\u4e1a"}, {"address": "\u6d59\u6c5f\u7701\u5b81\u6ce2\u5e02\u4f59\u59da\u5e02\u4f59\u59da\u4e2d\u56fd\u5851\u6599\u57ceA--9\u53f7", "category": "\u69a8\u6c41\u673a", "ground": "ABS,PP,PBT,PA,PC,PS,PVC,PE,PE\u7b49\u539f\u6599\u53ca\u5404\u79cd\u56de\u6599,PP\u7b49\u539f\u6599\u53ca\u5404\u79cd\u56de\u6599", "money": 50, "name": "\u4f59\u59da\u5e02\u4e2d\u4ebf\u4f1f\u5851\u5316\u6709\u9650\u516c\u53f8", "property": "\u5c0f\u5fae\u4f01\u4e1a"}, {"address": "\u6d59\u6c5f\u7701\u5b81\u6ce2\u5e02\u4f59\u59da\u5e02\u4e2d\u56fd\u5851\u6599\u57ceC\u533a-6\u53f7", "category": "\u7535\u997c\u94db", "ground": "ABS,GPPS,PP,PE", "money": 50, "name": "\u4f59\u59da\u5e02\u4e1c\u4e3d\u5851\u5316\u6709\u9650\u516c\u53f8", "property": "\u5c0f\u5fae\u4f01\u4e1a"}, {"address": "\u6d59\u6c5f\u7701\u5b81\u6ce2\u5e02\u4f59\u59da\u5e02\u4e2d\u56fd\u5851\u6599\u57ceA-115\u53f7", "category": "\u7535\u84b8\u9505", "ground": "ABS", "money": 50, "name": "\u4f59\u59da\u5e02\u4e09\u5f3a\u5851\u5316\u6709\u9650\u516c\u53f8", "property": "\u5c0f\u5fae\u4f01\u4e1a"}, {"address": "\u6d59\u6c5f\u7701\u5b81\u6ce2\u5e02\u4f59\u59da\u5e02\u4e2d\u56fd\u5851\u6599\u57ce2-15\u53f7", "category": "\u69a8\u6c41\u673a", "ground": "PBT,PA66,PA6,PC,POM,ABS\u7b49\u5de5\u7a0b\u5851\u6599", "money": 50, "name": "\u5b81\u6ce2\u5fd7\u4ebf\u65b0\u6750\u6599\u6709\u9650\u516c\u53f8", "property": "\u5c0f\u5fae\u4f01\u4e1a"}, {"address": "\u6d59\u6c5f\u7701\u5b81\u6ce2\u5e02\u4f59\u59da\u5e02\u4e2d\u56fd\u5851\u6599\u57ceZ-1103", "category": "\u7535\u7096\u9505", "ground": "PVC,ABS,PP", "money": 50, "name": "\u4f59\u59da\u5e02\u6c47\u9f0e\u8d38\u6613\u6709\u9650\u516c\u53f8", "property": "\u5c0f\u5fae\u4f01\u4e1a"}, {"address": "\u6d59\u6c5f\u7701\u5b81\u6ce2\u5e02\u4f59\u59da\u5e02\u4e2d\u56fd\u5851\u6599\u57ceA-40", "category": "\u8c46\u6d46\u673a", "ground": "\u589e\u5f3a\u805a\u4e19\u7a00,PA,\u963b\u71c3\u5404\u8272ABS,\u9ed1\u8272ABS,\u963b\u71c3\u805a\u4e19\u7a00,PC,\u5404\u8272\u65b0\u6599", "money": 50, "name": "\u4f59\u59da\u5e02\u7acb\u91d1\u5851\u4e1a\u6709\u9650\u516c\u53f8", "property": "\u5c0f\u5fae\u4f01\u4e1a"}, {"address": "\u6d59\u6c5f\u7701\u5b81\u6ce2\u5e02\u4f59\u59da\u5e02\u4e2d\u56fd\u5851\u6599\u57ceD\u533a06\u53f7", "category": "\u7535\u997c\u94db", "ground": "ABS,LDPE,LLDPE", "money": 50, "name": "\u4f59\u59da\u5e02\u957f\u7ea2\u7269\u8d44\u6709\u9650\u516c\u53f8", "property": "\u5c0f\u5fae\u4f01\u4e1a"}, {"address": "\u6d59\u6c5f\u7701\u5b81\u6ce2\u5e02\u4f59\u59da\u5e02\u4e2d\u5851\u4e16\u7eaa\u5927\u53a61\u53f7\u697c2107\u5ba4", "category": "\u69a8\u6c41\u673a", "ground": "PBT,PPS,LCP,PA,PP,ABS", "money": 50, "name": "\u4f59\u59da\u5e02\u534e\u817e\u5851\u5316\u6709\u9650\u516c\u53f8", "property": "\u5c0f\u5fae\u4f01\u4e1a"}, {"address": "\u6d59\u6c5f\u7701\u5b81\u6ce2\u5e02\u4f59\u59da\u5e02\u4e2d\u56fd\u5851\u6599\u57ceB-29 \u5b81\u6ce2\u94f6\u884c\u5317\u9996", "category": "\u7535\u7096\u9505", "ground": "ABS,PC,POM,PP,PA,AS", "money": 50, "name": "\u4f59\u59da\u5e02\u5409\u9ad8\u5851\u5316\u6709\u9650\u516c\u53f8", "property": "\u5c0f\u5fae\u4f01\u4e1a"}, {"address": "\u6d59\u6c5f\u7701\u5b81\u6ce2\u5e02\u4f59\u59da\u5e02\u4e2d\u56fd\u5851\u6599\u57ceZ\u533a1106\u53f7", "category": "\u69a8\u6c41\u673a", "ground": "ABS", "money": 50, "name": "\u4f59\u59da\u5e02\u8f69\u6e56\u7269\u8d44\u6709\u9650\u516c\u53f8", "property": "\u5c0f\u5fae\u4f01\u4e1a"}, {"address": "\u6d59\u6c5f\u7701\u5b81\u6ce2\u5e02\u4f59\u59da\u5e02\u4e2d\u56fd\u5851\u6599\u57ceF\u533a4\u5e62105\u53f7", "category": "\u8c46\u6d46\u673a", "ground": "\u73af\u4fdd\u963b\u71c3HIPS\u65b0\u6599,\u672c\u8272HIPS,\u949b\u767dHIPS\u7b49,\u5b9a\u62c9\u5404\u79cdHIPS,\u672c\u8272ABS", "money": 50, "name": "\u4f59\u59da\u5e02\u91d1\u6210\u5316\u5de5\u6709\u9650\u516c\u53f8", "property": "\u5c0f\u5fae\u4f01\u4e1a"}, {"address": "\u6d59\u6c5f\u7701\u5b81\u6ce2\u5e02\u4f59\u59da\u5e02\u4e2d\u56fd\u5851\u6599\u57ceB-41", "category": "\u7535\u7096\u9505", "ground": "\u5851\u6599\u518d\u751f\u6599,PA6,PA66,ABS,MABS", "money": 50, "name": "\u4f59\u59da\u5e02\u91d1\u901a\u8d38\u6613\u6709\u9650\u516c\u53f8", "property": "\u5c0f\u5fae\u4f01\u4e1a"}, {"address": "\u6d59\u6c5f\u7701\u5b81\u6ce2\u5e02\u4f59\u59da\u5e02\u4e2d\u56fd\u5851\u6599\u57ceZ\u533a909B\u53f7", "category": "\u7535\u997c\u94db", "ground": "ABS,PS,PP,AS,POM,PC,PBT", "money": 50, "name": "\u4f59\u59da\u5e02\u534e\u640f\u8d38\u6613\u6709\u9650\u516c\u53f8", "property": "\u5c0f\u5fae\u4f01\u4e1a"}, {"address": "\u6d59\u6c5f\u7701\u5b81\u6ce2\u5e02\u4f59\u59da\u5e02\u4e2d\u56fd\u5851\u6599\u57ceF4-121\u53f7", "category": "\u7a7a\u6c14\u70b8\u9505", "ground": "ABS", "money": 50, "name": "\u4f59\u59da\u5e02\u6c38\u8fbe\u5851\u5316\u6709\u9650\u516c\u53f8", "property": "\u5c0f\u5fae\u4f01\u4e1a"}, {"address": "\u6d59\u6c5f\u7701\u5b81\u6ce2\u5e02\u4f59\u59da\u5e02\u4e2d\u56fd\u5851\u6599\u57ceD-8\u53f7", "category": "\u7535\u997c\u94db", "ground": "ABS", "money": 50, "name": "\u4f59\u59da\u5e02\u946b\u8fbe\u7269\u8d44\u6709\u9650\u516c\u53f8", "property": "\u5c0f\u5fae\u4f01\u4e1a"}, {"address": "\u6d59\u6c5f\u7701\u5b81\u6ce2\u5e02\u4f59\u59da\u5e02\u4e2d\u56fd\u5851\u6599\u57ceZ-1800\u53f7", "category": "\u7535\u84b8\u9505", "ground": "ABS,PC,PP,PE,PMMA", "money": 50, "name": "\u4f59\u59da\u5e02\u6fb3\u4f73\u8d38\u6613\u6709\u9650\u516c\u53f8", "property": "\u5c0f\u5fae\u4f01\u4e1a"}, {"address": "\u6d59\u6c5f\u7701\u5b81\u6ce2\u5e02\u4f59\u59da\u5e02\u4f59\u59da\u4e2d\u56fd\u5851\u6599\u57ce2-47\u53f7", "category": "\u7a7a\u6c14\u70b8\u9505", "ground": "ABS,PP,PE,PC,PA", "money": 50, "name": "\u4f59\u59da\u5e02\u821c\u7fd4\u8d38\u6613\u6709\u9650\u516c\u53f8", "property": "\u5c0f\u5fae\u4f01\u4e1a"}, {"address": "\u6d59\u6c5f\u7701\u5b81\u6ce2\u5e02\u4f59\u59da\u5e02\u4e2d\u56fd\u5851\u6599\u57ceF1-305\u53f7", "category": "\u7535\u7096\u9505", "ground": "PP,ABS,PA,PE,PC,POM,EVA,AS,PS,PMMA,TPE,TPU", "money": 50, "name": "\u4f59\u59da\u5e02\u6c38\u90a6\u5851\u5316\u6709\u9650\u516c\u53f8", "property": "\u5c0f\u5fae\u4f01\u4e1a"}, {"address": "\u6d59\u6c5f\u7701\u5b81\u6ce2\u5e02\u4f59\u59da\u5e02\u5851\u6599\u57ce\u65b0\u5efa\u5317\u8def428-9", "category": "\u6599\u7406\u673a", "ground": "ABS,\u589e\u5f3a\u5c3c\u9f99,\u589e\u5f3a\u805a\u4e19,\u589e\u5f3aPBT", "money": 50, "name": "\u4f59\u59da\u5e02\u827a\u8000\u5851\u5316\u6709\u9650\u516c\u53f8", "property": ""}, {"address": "\u6d59\u6c5f\u7701\u5b81\u6ce2\u5e02\u4f59\u59da\u5e02\u4e2d\u56fd\u5851\u6599\u57ceA-72\u53f7", "category": "\u7535\u84b8\u9505", "ground": "ABS,PP,PC,HIPS,GPPS", "money": 50, "name": "\u4f59\u59da\u5e02\u7f8e\u665f\u5851\u5316\u6709\u9650\u516c\u53f8", "property": "\u5c0f\u5fae\u4f01\u4e1a"}, {"address": "\u6d59\u6c5f\u7701\u5b81\u6ce2\u5e02\u4f59\u59da\u5e02\u4e2d\u56fd\u5851\u6599\u57ce\u65b0\u5efa\u5317\u8def440-33\u53f7", "category": "\u7535\u7096\u9505", "ground": "ABS,PP,PA6,PA66", "money": 50, "name": "\u4f59\u59da\u5e02\u65af\u5a01\u7279\u5851\u5316\u6709\u9650\u516c\u53f8", "property": ""}, {"address": "\u6d59\u6c5f\u7701\u5b81\u6ce2\u5e02\u4f59\u59da\u5e02\u51e4\u5c71\u8857\u9053\u5851\u6599\u57ceA1-103\u53f7.", "category": "\u7535\u84b8\u9505", "ground": "ABS,PA\u65b0\u6750\u6599,PA\u6539\u6027\u5851\u6599,PP,PPS,PS,PPO,POM,PBT,PVC,TPR,PC", "money": 50, "name": "\u4f59\u59da\u5e02\u91d1\u4e5d\u5851\u5316\u6709\u9650\u516c\u53f8", "property": "\u5c0f\u5fae\u4f01\u4e1a"}, {"address": "\u6d59\u6c5f\u7701\u5b81\u6ce2\u5e02\u4f59\u59da\u5e02\u4e2d\u5851\u56fd\u9645\u5546\u52a1\u4e2d\u5fc32\u53f7\u697c802\u5ba4", "category": "\u7535\u7096\u9505", "ground": "ABS", "money": 50, "name": "\u4f59\u59da\u5e02\u4e07\u817e\u5851\u5316\u6709\u9650\u516c\u53f8", "property": "\u5c0f\u5fae\u4f01\u4e1a"}, {"address": "\u6d59\u6c5f\u7701\u5b81\u6ce2\u5e02\u4f59\u59da\u5e02\u4e2d\u56fd\u5851\u6599\u57ceA-39", "category": "\u65e9\u9910\u673a", "ground": "ABS,PA66,LDPE,PP", "money": 50, "name": "\u4f59\u59da\u5965\u62d3\u5851\u6599\u8d38\u6613\u6709\u9650\u516c\u53f8", "property": "\u5c0f\u5fae\u4f01\u4e1a"}, {"address": "\u6d59\u6c5f\u7701\u5b81\u6ce2\u5e02\u4f59\u59da\u5e02\u4e2d\u56fd\u5851\u6599\u57ceZ-506", "category": "\u69a8\u6c41\u673a", "ground": "\u5851\u6599\u539f\u6599,ABS,GPPS,HDPE,HIPS,LDPE,PC,PP", "money": 50, "name": "\u4f59\u59da\u5e02\u9e4f\u7965\u5851\u5316\u6709\u9650\u516c\u53f8", "property": "\u5c0f\u5fae\u4f01\u4e1a"}, {"address": "\u6d59\u6c5f\u7701\u5b81\u6ce2\u5e02\u4f59\u59da\u5e02\u5851\u6599\u57ce4--8 \u53f7", "category": "\u69a8\u6c41\u673a", "ground": "ABS,PP,PMMA\u7b49", "money": 50, "name": "\u4f59\u59da\u5e02\u51ef\u7a0b\u5851\u5316\u6709\u9650\u516c\u53f8", "property": "\u5c0f\u5fae\u4f01\u4e1a"}, {"address": "\u6d59\u6c5f\u7701\u5b81\u6ce2\u5e02\u4f59\u59da\u5e02\u4f59\u59da\u4e2d\u56fd\u5851\u6599\u57ce\u65b0\u5efa\u5317\u8def323-1\u53f7", "category": "\u65e9\u9910\u673a", "ground": "ABS,PP,PS,PC,PEK\u80f6\u7b49", "money": 50, "name": "\u4f59\u59da\u5e02\u987a\u7f8e\u8d38\u6613\u6709\u9650\u516c\u53f8", "property": "\u5c0f\u5fae\u4f01\u4e1a"}, {"address": "\u6d59\u6c5f\u7701\u5b81\u6ce2\u5e02\u4f59\u59da\u5e02\u65b0\u5efa\u5317\u8def268-2\u53f7", "category": "\u69a8\u6c41\u673a", "ground": "abs,pp,pe,as", "money": 50, "name": "\u4f59\u59da\u5e02\u542f\u5851\u8d38\u6613\u6709\u9650\u516c\u53f8", "property": "\u5c0f\u5fae\u4f01\u4e1a"}, {"address": "\u6d59\u6c5f\u7701\u5b81\u6ce2\u5e02\u4f59\u59da\u5e02\u4e2d\u56fd\u5851\u6599\u57ceF1-103\u53f7", "category": "\u65e9\u9910\u673a", "ground": "ABS,PP", "money": 50, "name": "\u4f59\u59da\u5e02\u5eb7\u4e30\u5851\u5316\u6709\u9650\u516c\u53f8", "property": "\u5c0f\u5fae\u4f01\u4e1a"}, {"address": "\u6d59\u6c5f\u7701\u5b81\u6ce2\u5e02\u4f59\u59da\u5e02\u4e2d\u56fd\u5851\u6599\u57ce\u56fd\u9645\u5546\u52a1\u4e2d\u5fc32\u5e6222B02\u5ba4", "category": "\u7535\u84b8\u9505", "ground": "\u963b\u71c3PP,\u963b\u71c3PC,\u963b\u71c3PC/ABS,\u963b\u71c3ABS", "money": 50, "name": "\u4f59\u59da\u5e02\u9876\u597d\u5fb7\u8bfa\u5851\u5316\u6709\u9650\u516c\u53f8", "property": "\u5c0f\u5fae\u4f01\u4e1a"}, {"address": "\u6d59\u6c5f\u7701\u5b81\u6ce2\u5e02\u4f59\u59da\u5e02\u4e2d\u56fd\u5851\u6599\u57ce\u5546\u52a1\u697c116\u5ba4", "category": "\u8c46\u6d46\u673a", "ground": "ABS,PP,PE,PA", "money": 50, "name": "\u4f59\u59da\u5e02\u4e45\u6b23\u5851\u5316\u6709\u9650\u516c\u53f8", "property": "\u5c0f\u5fae\u4f01\u4e1a"}, {"address": "\u6d59\u6c5f\u7701\u5b81\u6ce2\u5e02\u4f59\u59da\u5e02\u4f59\u59da\u4e2d\u56fd\u5851\u6599\u57ce\u56fd\u9645\u5546\u52a1\u4e2d\u5fc31\u5e62240\u5ba4", "category": "\u7535\u84b8\u9505", "ground": "ABS,PP,PE,PA,PC,PVC", "money": 50, "name": "\u4f59\u59da\u5e02\u7ea2\u8bfa\u5851\u5316\u6709\u9650\u516c\u53f8", "property": "\u5c0f\u5fae\u4f01\u4e1a"}, {"address": "\u6d59\u6c5f\u7701\u5b81\u6ce2\u5e02\u4f59\u59da\u5e02\u4e2d\u56fd\u5851\u6599\u57ceZ\u533a1406B\u53f7", "category": "\u7535\u84b8\u9505", "ground": "ABS,PP,PE,PC,PS,PVC", "money": 50, "name": "\u4f59\u59da\u5e02\u90a6\u677e\u5851\u5316\u6709\u9650\u516c\u53f8", "property": "\u5c0f\u5fae\u4f01\u4e1a"}, {"address": "\u6d59\u6c5f\u7701\u5b81\u6ce2\u5e02\u4f59\u59da\u5e02\u4e2d\u56fd\u5851\u6599\u57ceB-42", "category": "\u7535\u84b8\u9505", "ground": "\u5851\u6599\u539f\u6599,ABS,\u5851\u6599\u52a9\u5242", "money": 50, "name": "\u4f59\u59da\u5e02\u5fb7\u5ead\u5316\u5de5\u8d38\u6613\u6709\u9650\u516c\u53f8", "property": "\u5c0f\u5fae\u4f01\u4e1a"}, {"address": "\u6d59\u6c5f\u7701\u5b81\u6ce2\u5e02\u4f59\u59da\u5e02\u5851\u6599\u57ceA24\uff08\u65b0\u5947\u7f8e\u5bf9\u9762\uff09", "category": "\u8c46\u6d46\u673a", "ground": "ABS,PP,PC", "money": 50, "name": "\u4f59\u59da\u5e02\u6377\u4f73\u8d38\u6613\u6709\u9650\u516c\u53f8", "property": "\u5c0f\u5fae\u4f01\u4e1a"}, {"address": "\u6d59\u6c5f\u7701\u5b81\u6ce2\u5e02\u4f59\u59da\u5e02\u4e2d\u56fd\u5851\u6599\u57ceZ\u533a613\u53f7", "category": "\u65e9\u9910\u673a", "ground": "PA6,PA66,PBT,ABS", "money": 50, "name": "\u4f59\u59da\u5e02\u6717\u62d3\u5316\u5de5\u6709\u9650\u516c\u53f8", "property": "\u5c0f\u5fae\u4f01\u4e1a"}, {"address": "\u6d59\u6c5f\u7701\u5b81\u6ce2\u5e02\u4f59\u59da\u5e02\u5851\u6599\u57ceZ\u533a1817\u53f7", "category": "\u7535\u997c\u94db", "ground": "ABS,PP,PE,PA,PVC,PC", "money": 50, "name": "\u4f59\u59da\u5e02\u4f59\u6210\u65b0\u6750\u6599\u6709\u9650\u516c\u53f8", "property": "\u5c0f\u5fae\u4f01\u4e1a"}, {"address": "\u6d59\u6c5f\u7701\u5b81\u6ce2\u5e02\u4f59\u59da\u5e02\u4e2d\u56fd\u5851\u6599\u57ce\u56fd\u9645\u5546\u52a1\u4e2d\u5fc31\u53f7\u697c352\u53f7", "category": "\u8c46\u6d46\u673a", "ground": "PPO,PBT,PC,PC/ABS", "money": 50, "name": "\u4f59\u59da\u5e02\u5353\u701a\u5851\u5316\u6709\u9650\u516c\u53f8", "property": "\u5c0f\u5fae\u4f01\u4e1a"}, {"address": "\u6d59\u6c5f\u7701\u5b81\u6ce2\u5e02\u4f59\u59da\u5e02\u4e2d\u56fd\u5851\u6599\u57ceZ-420\u53f7", "category": "\u7535\u84b8\u9505", "ground": "PA6,PA66,PA1010,ABS,POM", "money": 50, "name": "\u4f59\u59da\u5e02\u8bda\u8d24\u5851\u5316\u6709\u9650\u516c\u53f8", "property": "\u5c0f\u5fae\u4f01\u4e1a"}, {"address": "\u6d59\u6c5f\u7701\u5b81\u6ce2\u5e02\u4f59\u59da\u5e02\u4e2d\u56fd\u5851\u6599\u57ce6\u531713\u53f7", "category": "\u65e9\u9910\u673a", "ground": "ABS,PP,PE,PA,PVC,POM", "money": 50, "name": "\u4f59\u59da\u6e90\u4fe1\u5851\u5316\u6709\u9650\u516c\u53f8", "property": "\u5c0f\u5fae\u4f01\u4e1a"}, {"address": "\u6d59\u6c5f\u7701\u5b81\u6ce2\u5e02\u4f59\u59da\u5e02\u65b0\u5efa\u5317\u8def489\u53f7", "category": "\u69a8\u6c41\u673a", "ground": "PA6,PA66,ABS,POM,PC,PP", "money": 50, "name": "\u4f59\u59da\u5e02\u8c37\u97f5\u5851\u5316\u6709\u9650\u516c\u53f8", "property": "\u5c0f\u5fae\u4f01\u4e1a"}, {"address": "\u6d59\u6c5f\u7701\u5b81\u6ce2\u5e02\u4f59\u59da\u5e02\u4e2d\u56fd\u5851\u6599\u57ce\u8def\u4e1c4-14\u53f7", "category": "\u7535\u997c\u94db", "ground": "\u949b\u767d\u805a\u4e19\u70ef,\u805a\u70ef\u70c3\u586b\u5145\u6bcd\u6599,\u6539\u6027PP,PE,ABS,PS,\u7535\u6728\u7c89,\u8010\u5f27\u7c89,\u589e\u767d\u5242", "money": 50, "name": "\u4f59\u59da\u5e02\u5229\u4e1c\u7269\u8d44\u5f00\u53d1\u516c\u53f8", "property": "\u5c0f\u5fae\u4f01\u4e1a"}, {"address": "\u6d59\u6c5f\u7701\u5b81\u6ce2\u5e02\u4f59\u59da\u5e02\u4f59\u59da\u5851\u6599\u57ceB-26", "category": "\u7535\u7096\u9505", "ground": "\u589e\u5f3aPP,\u963b\u71c3PP,\u589e\u5f3aABS", "money": 50, "name": "\u4f59\u59da\u5e02\u5929\u6e90\u5de5\u7a0b\u5851\u6599\u6709\u9650\u516c\u53f8", "property": "\u5c0f\u5fae\u4f01\u4e1a"}, {"address": "\u6d59\u6c5f\u7701\u5b81\u6ce2\u5e02\u4f59\u59da\u5e02\u5851\u6599\u57ceZ\u533a1201\u53f7 \u5382\u5740\uff1a\u5c0f\u66f9\u5a25\u5de5\u4e1a\u533a\u6ee8\u6d77\u65b0\u57ce", "category": "\u7a7a\u6c14\u70b8\u9505", "ground": "ABS,PP,HIPS,GPPS,AS", "money": 50, "name": "\u4f59\u59da\u5e02\u987a\u5149\u5851\u5316\u6709\u9650\u516c\u53f8", "property": "\u5c0f\u5fae\u4f01\u4e1a"}, {"address": "\u6d59\u6c5f\u7701\u5b81\u6ce2\u5e02\u4f59\u59da\u5e02\u4e2d\u56fd\u5851\u6599\u57cel\u56fd\u9645\u5546\u52a1\u4e2d\u5fc31\u53f7\u697c324 (\u5c55\u9986\u5bf9\u9762\uff09", "category": "\u65e9\u9910\u673a", "ground": "PC,ABS,PPS,POM,PA,PP", "money": 50, "name": "\u4f59\u59da\u5e02\u534e\u62d3\u8d38\u6613\u6709\u9650\u516c\u53f8", "property": "\u5c0f\u5fae\u4f01\u4e1a"}, {"address": "\u6d59\u6c5f\u7701\u5b81\u6ce2\u5e02\u4f59\u59da\u5e02\u65b0\u5efa\u5317\u8def425\u53f7\u4e2d\u5851\u4e16\u7eaa\u5927\u53a61\u5e62716\u5ba4", "category": "\u8c46\u6d46\u673a", "ground": "PPS,PA6,ABS", "money": 50, "name": "\u4f59\u59da\u5e02\u5de8\u6e90\u5851\u5316\u6709\u9650\u516c\u53f8", "property": "\u5c0f\u5fae\u4f01\u4e1a"}, {"address": "\u6d59\u6c5f\u7701\u5b81\u6ce2\u5e02\u4f59\u59da\u5e02\u4e2d\u56fd\u5851\u6599\u57ceA-67\u53f7", "category": "\u69a8\u6c41\u673a", "ground": "PPS,ABS,PP,POM,AS", "money": 50, "name": "\u4f59\u59da\u5e02\u7d22\u745e\u5851\u5316\u6709\u9650\u516c\u53f8", "property": "\u5c0f\u5fae\u4f01\u4e1a"}, {"address": "\u6d59\u6c5f\u7701\u5b81\u6ce2\u5e02\u6148\u6eaa\u5e02\u89c2\u6d77\u536b\u9547\u89c2\u9644\u516c\u8def", "category": "\u6599\u7406\u673a", "ground": "PA,PPA,ABS,PC/ABS,PBT,PC,PE,HIPS", "money": 50, "name": "\u6148\u6eaa\u5e02\u4e07\u9633\u8fdb\u51fa\u53e3\u6709\u9650\u516c\u53f8", "property": "\u5c0f\u5fae\u4f01\u4e1a"}, {"address": "\u6d59\u6c5f\u7701\u5b81\u6ce2\u5e02\u4f59\u59da\u5e02\u5851\u6599\u57ceA1\u5e6222\u53f7(\u81ea\u4e3b\u7533\u62a5)", "category": "\u7a7a\u6c14\u70b8\u9505", "ground": "PC,ABS,PP", "money": 50, "name": "\u4f59\u59da\u5e02\u91d1\u6cc9\u5851\u5316\u6709\u9650\u516c\u53f8", "property": "\u5c0f\u5fae\u4f01\u4e1a"}, {"address": "\u6d59\u6c5f\u7701\u5b81\u6ce2\u5e02\u4f59\u59da\u5e02\u821c\u79d1\u8def39\u53f7", "category": "\u7535\u7096\u9505", "ground": "pom,pet,gpps,abs,pp,pe", "money": 50, "name": "\u4f59\u59da\u94a6\u5e86\u8d38\u6613\u6709\u9650\u516c\u53f8", "property": "\u5c0f\u5fae\u4f01\u4e1a"}, {"address": "\u6d59\u6c5f\u7701\u5b81\u6ce2\u5e02\u4f59\u59da\u5e02\u4f59\u59da\u4e2d\u56fd\u5851\u6599\u57ce\u65b0\u5efa\u5317\u8def266\u53f7", "category": "\u65e9\u9910\u673a", "ground": "TPU,ABS,PA", "money": 50, "name": "\u4f59\u59da\u5e02\u8fdc\u6cf0\u8d38\u6613\u6709\u9650\u516c\u53f8", "property": "\u5c0f\u5fae\u4f01\u4e1a"}, {"address": "\u6d59\u6c5f\u7701\u5b81\u6ce2\u5e02\u4f59\u59da\u5e02\u4f59\u59da\u4e2d\u56fd\u5851\u6599\u57ceZ-902B", "category": "\u8c46\u6d46\u673a", "ground": "PC,PC/ABS,PCTA,PA,PET", "money": 50, "name": "\u4f59\u59da\u5e02\u4f73\u8054\u5851\u5316\u6709\u9650\u516c\u53f8", "property": "\u5c0f\u5fae\u4f01\u4e1a"}, {"address": "\u6d59\u6c5f\u7701\u5b81\u6ce2\u5e02\u4f59\u59da\u5e02\u65b0\u5efa\u5317\u8def492-11\u53f7", "category": "\u65e9\u9910\u673a", "ground": "\u7ea2\u78f7\u6bcd\u7c92,ABS,PC,PP,\u963b\u71c3\u6bcd\u7c92,\u52a9\u5242", "money": 50, "name": "\u4f59\u59da\u5e02\u534e\u7426\u65b0\u6750\u6599\u6709\u9650\u516c\u53f8", "property": "\u5c0f\u5fae\u4f01\u4e1a"}, {"address": "\u6d59\u6c5f\u7701\u5b81\u6ce2\u5e02\u4f59\u59da\u5e02\u4f59\u59da\u4e2d\u56fd\u5851\u6599\u57ceZ\u533a106A", "category": "\u7535\u84b8\u9505", "ground": "\u6539\u6027PBT,\u6539\u6027PC/PBT,\u6297\u522e\u82b1PC,\u6539\u6027PC/ABS", "money": 50, "name": "\u5b81\u6ce2\u745e\u94b0\u65b0\u6750\u6599\u6709\u9650\u516c\u53f8", "property": "\u5c0f\u5fae\u4f01\u4e1a"}, {"address": "\u6d59\u6c5f\u7701\u5b81\u6ce2\u5e02\u4f59\u59da\u5e02\u4e2d\u5851\u56fd\u9645\u5546\u52a1\u4e2d\u5fc32\u53f7\u697c2002\u5ba4", "category": "\u7535\u7096\u9505", "ground": "POE,PC,ABS", "money": 50, "name": "\u4f59\u59da\u660e\u4f73\u5851\u6599\u8d38\u6613\u6709\u9650\u516c\u53f8", "property": "\u5c0f\u5fae\u4f01\u4e1a"}, {"address": "\u6d59\u6c5f\u7701\u5b81\u6ce2\u5e02\u4f59\u59da\u5e02\u4e2d\u56fd\u5851\u6599\u57ce\u5851\u673a\u4ea4\u6613\u533a\u516d\u53f7\u697c\u5317-30\u53f7", "category": "\u8c46\u6d46\u673a", "ground": "PP\u963b\u71c3\u5242,PP\u963b\u71c3\u6bcd\u7c92,PP\u963b\u71c3\u6599,PC\u963b\u71c3\u6bcd\u7c92,PS\u963b\u71c3\u6bcd\u7c92,ABS\u963b\u71c3\u6bcd\u7c92,PE\u963b\u71c3\u6bcd\u7c92,PA\u963b\u71c3\u6bcd\u7c92,PP\u589e\u5f3a\u589e\u97e7\u6599,\u8272\u6bcd\u7c92,\u5851\u80f6\u539f\u6750\u6599", "money": 50, "name": "\u4f59\u59da\u5e02\u6c38\u6d69\u5851\u80f6\u6709\u9650\u516c\u53f8", "property": "\u5c0f\u5fae\u4f01\u4e1a"}, {"address": "\u6d59\u6c5f\u7701\u5b81\u6ce2\u5e02\u4f59\u59da\u5e02\u4e2d\u5851\u56fd\u9645\u5546\u52a1\u4e2d\u5fc32\u53f7\u697c", "category": "\u7535\u997c\u94db", "ground": "PC ABS", "money": 50, "name": "\u4f59\u59da\u5e02\u5b87\u7a0b\u5851\u5316\u6709\u9650\u516c\u53f8", "property": "\u5c0f\u5fae\u4f01\u4e1a"}, {"address": "\u6d59\u6c5f\u7701\u5b81\u6ce2\u5e02\u4f59\u59da\u5e02\u4e2d\u56fd\u5851\u6599\u57ceA1-10\u53f7", "category": "\u7a7a\u6c14\u70b8\u9505", "ground": "ABS,PP,PS,PC,PE", "money": 50, "name": "\u4f59\u59da\u5e02\u91d1\u6cf0\u5851\u6599\u7269\u8d44\u6709\u9650\u516c\u53f8", "property": "\u5c0f\u5fae\u4f01\u4e1a"}, {"address": "\u6d59\u6c5f\u7701\u5b81\u6ce2\u5e02\u4f59\u59da\u5e02\u4f59\u59da\u4e2d\u56fd\u5851\u6599\u57ce\u56fd\u9645\u5546\u52a1\u4e2d\u5fc31\u53f7\u697c206\u5ba4\uff08\u4f1a\u5c55\u4e2d\u5fc3\u5bf9\u9762\uff09", "category": "\u8c46\u6d46\u673a", "ground": "PE,PP,ABS,PS\u7b49", "money": 40, "name": "\u4f59\u59da\u5e02\u529b\u6052\u5851\u5316\u6709\u9650\u516c\u53f8", "property": "\u5c0f\u5fae\u4f01\u4e1a"}, {"address": "\u6d59\u6c5f\u7701\u5b81\u6ce2\u5e02\u4f59\u59da\u5e02\u5851\u6599\u57ceF2-109\u53f7", "category": "\u7a7a\u6c14\u70b8\u9505", "ground": "ABS,AS,PP,PE,PS,EVA,PA\u7b49\u5851\u6599\u539f\u6599\u53ca\u518d\u751f\u6599", "money": 30, "name": "\u4f59\u59da\u5e02\u805a\u6052\u8d38\u6613\u6709\u9650\u516c\u53f8", "property": "\u5c0f\u5fae\u4f01\u4e1a"}, {"address": "\u6d59\u6c5f\u7701\u5b81\u6ce2\u5e02\u4f59\u59da\u5e02\u4f59\u59da\u5851\u6599\u57ceA1-127", "category": "\u7535\u84b8\u9505", "ground": "PP,PE,ABS\u7b49\u56de\u6599", "money": 30, "name": "\u4f59\u59da\u5e02\u8363\u5b87\u5851\u6599\u6709\u9650\u516c\u53f8", "property": "\u5c0f\u5fae\u4f01\u4e1a"}, {"address": "\u6d59\u6c5f\u7701\u5b81\u6ce2\u5e02\u4f59\u59da\u5e02\u4e2d\u56fd\u5851\u6599\u57ce\u4e16\u7eaa\u5927\u53a61513", "category": "\u65e9\u9910\u673a", "ground": "GPPS,PMMA,HIPS,ABS", "money": 30, "name": "\u4f59\u59da\u5e02\u5e7f\u6cd3\u8d38\u6613\u6709\u9650\u516c\u53f8", "property": "\u5c0f\u5fae\u4f01\u4e1a"}, {"address": "\u6d59\u6c5f\u7701\u5b81\u6ce2\u5e02\u4f59\u59da\u5e02\u4e2d\u56fd\u5851\u6599\u57ceZ\u533a1705\u53f7", "category": "\u7535\u997c\u94db", "ground": "\u5851\u6599\u539f\u6599,ABS,HDPE,LDPE,PP,PVC", "money": 30, "name": "\u4f59\u59da\u5e02\u53cb\u901a\u5851\u5316\u6709\u9650\u516c\u53f8", "property": "\u5c0f\u5fae\u4f01\u4e1a"}, {"address": "\u6d59\u6c5f\u7701\u5b81\u6ce2\u5e02\u4f59\u59da\u5e02\u65b0\u5efa\u5317\u8def438\u53f7-35", "category": "\u7535\u84b8\u9505", "ground": "PVC,PBT,ABS", "money": 28, "name": "\u4f59\u59da\u5e02\u79d1\u98a2\u5851\u5316\u5546\u884c", "property": ""}, {"address": "\u6d59\u6c5f\u7701\u5b81\u6ce2\u5e02\u4f59\u59da\u5e02\u4e2d\u56fd\u5851\u6599\u57ce\u821c\u8fbe\u897f\u8def285\u53f7\u30101\u53f7\u697c\u30112\u697c203\u5ba4\u3010\u5c55\u89c8\u9986\u5bf9\u9762\u3011", "category": "\u7a7a\u6c14\u70b8\u9505", "ground": "ABS,PA,PC,POM", "money": 20, "name": "\u4f59\u59da\u5e02\u701a\u6d9b\u8d38\u6613\u6709\u9650\u516c\u53f8", "property": "\u5c0f\u5fae\u4f01\u4e1a"}, {"address": "\u6d59\u6c5f\u7701\u5b81\u6ce2\u5e02\u4f59\u59da\u5e02\u5851\u6599\u57ceZ\u533a708A(\u82b1\u575b\u65c1)", "category": "\u8c46\u6d46\u673a", "ground": "hdpe,ldpe,abs,pp", "money": 20, "name": "\u4f59\u59da\u5e02\u6df1\u62d3\u5851\u5316\u6709\u9650\u516c\u53f8", "property": "\u5c0f\u5fae\u4f01\u4e1a"}, {"address": "\u6d59\u6c5f\u7701\u5b81\u6ce2\u5e02\u4f59\u59da\u5e02\u821c\u6c47\u4e1c\u8def2\u5f04-4\u53f7", "category": "\u7535\u997c\u94db", "ground": "ABS,POM,PC,PP,PE,PS", "money": 20, "name": "\u4f59\u59da\u5e02\u541b\u7fd4\u5851\u5316\u6709\u9650\u516c\u53f8", "property": "\u5c0f\u5fae\u4f01\u4e1a"}, {"address": "\u6d59\u6c5f\u7701\u5b81\u6ce2\u5e02\u4f59\u59da\u5e02\u5b81\u6ce2\u5851\u6599\u57ceZ\u533a703A", "category": "\u6599\u7406\u673a", "ground": "PP,ABS,PC", "money": 20, "name": "\u4f59\u59da\u5e02\u5609\u88d5\u5851\u6599\u6709\u9650\u516c\u53f8", "property": "\u5c0f\u5fae\u4f01\u4e1a"}, {"address": "\u6d59\u6c5f\u7701\u5b81\u6ce2\u5e02\u4f59\u59da\u5e02\u821c\u79d1\u8def21\u53f7\u4e2d\u5851\u5546\u52a1\u697c\u897f\u697c711\u5ba4", "category": "\u69a8\u6c41\u673a", "ground": "ABS", "money": 20, "name": "\u4f59\u59da\u5e02\u90c5\u68ee\u5851\u6599\u6709\u9650\u516c\u53f8", "property": "\u5c0f\u5fae\u4f01\u4e1a"}, {"address": "\u6d59\u6c5f\u7701\u5b81\u6ce2\u5e02\u4f59\u59da\u5e02\u5851\u6599\u57ceB-15\u53f7", "category": "\u7a7a\u6c14\u70b8\u9505", "ground": "PP,ABS", "money": 10, "name": "\u4f59\u59da\u5e02\u5c55\u6b23\u5851\u5316\u5546\u884c", "property": "\u5c0f\u5fae\u4f01\u4e1a"}, {"address": "\u6d59\u6c5f\u7701\u5b81\u6ce2\u5e02\u4f59\u59da\u5e02\u4e2d\u56fd\u5851\u6599\u57ce\u8def\u4e1c2-69\u53f7", "category": "\u7535\u997c\u94db", "ground": "\u900f\u660eABS,K\u6811\u8102,\u963b\u71c3ABS,PC/ABS,TPR", "money": 10, "name": "\u4f59\u59da\u5e02\u7199\u548c\u5851\u5316\u6709\u9650\u516c\u53f8", "property": "\u5c0f\u5fae\u4f01\u4e1a"}, {"address": "\u6d59\u6c5f\u7701\u5b81\u6ce2\u5e02\u4f59\u59da\u5e02\u4e2d\u56fd\u5851\u6599\u57ce\u821c\u6c47\u4e1c\u8def170\u53f7", "category": "\u69a8\u6c41\u673a", "ground": "ABS,PP,PA,TPE,LDPE,PC,HIPS,PBT", "money": 10, "name": "\u4f59\u59da\u5e02\u6bd4\u626c\u5de5\u7a0b\u5851\u6599\u6709\u9650\u516c\u53f8", "property": "\u5c0f\u5fae\u4f01\u4e1a"}, {"address": "\u6d59\u6c5f\u7701\u5b81\u6ce2\u5e02\u4f59\u59da\u5e02\u4e2d\u56fd\u5851\u6599\u57ce\u821c\u6c47\u4e1c\u8def116\u53f7", "category": "\u7535\u7096\u9505", "ground": "ABS,PC,PP", "money": 10, "name": "\u4f59\u59da\u5e02\u6d77\u5a01\u5851\u6599\u5316\u5de5\u6709\u9650\u516c\u53f8", "property": "\u5c0f\u5fae\u4f01\u4e1a"}]