[{"address": "\u6d59\u6c5f\u7701\u5b81\u6ce2\u5e02\u4f59\u59da\u5e02\u65b0\u5efa\u5317\u8def357-1\u53f7(\u4ed9\u6865\u516c\u4ea4\u8f66\u7ad9\u65c1\uff09", "category": "\u69a8\u6c41\u673a", "ground": "PP,PE,ABS,PS,AS", "money": 1000, "name": "\u6d59\u6c5f\u5e7f\u610f\u5851\u6599\u6709\u9650\u516c\u53f8", "property": "\u5c0f\u5fae\u4f01\u4e1a"}, {"address": "\u6d59\u6c5f\u7701\u5b81\u6ce2\u5e02\u4f59\u59da\u5e02\u57ce\u533a\u821c\u79d1\u8def31\u53f7", "category": "\u69a8\u6c41\u673a", "ground": "\u786c\u80f6ABS,SAN\uff08AS\uff09", "money": 1000, "name": "\u5b81\u6ce2\u9526\u8fbe\u5316\u5de5\u6709\u9650\u516c\u53f8", "property": "\u5c0f\u5fae\u4f01\u4e1a"}, {"address": "\u6d59\u6c5f\u7701\u5b81\u6ce2\u5e02\u4f59\u59da\u5e02\u4e2d\u56fd\u5851\u6599\u57ceZ-1503 B", "category": "\u69a8\u6c41\u673a", "ground": "PC,PPO,PC/ABS", "money": 800, "name": "\u5b81\u6ce2\u91d1\u8d5b\u4ebf\u8fdb\u51fa\u53e3\u6709\u9650\u516c\u53f8", "property": "\u5c0f\u5fae\u4f01\u4e1a"}, {"address": "\u6d59\u6c5f\u7701\u5b81\u6ce2\u5e02\u6148\u6eaa\u5e02\u638c\u8d77\u9547\u7ecf\u6d4e\u5f00\u53d1\u533a", "category": "\u69a8\u6c41\u673a", "ground": "PC,ABS", "money": 500, "name": "\u5b81\u6ce2\u8302\u5149\u8d38\u6613\u6709\u9650\u516c\u53f8", "property": "\u5c0f\u5fae\u4f01\u4e1a"}, {"address": "\u6d59\u6c5f\u7701\u5b81\u6ce2\u5e02\u4f59\u59da\u5e02\u4e2d\u56fd\u5851\u6599\u57ce\u56fd\u9645\u5546\u52a1\u4e2d\u5fc32\u53f7\u697c604", "category": "\u69a8\u6c41\u673a", "ground": "EVA,PP,PE,PS,ABS", "money": 500, "name": "\u5b81\u6ce2\u827a\u5bcc\u8fdb\u51fa\u53e3\u6709\u9650\u516c\u53f8", "property": "\u5c0f\u5fae\u4f01\u4e1a"}, {"address": "\u6d59\u6c5f\u7701\u5b81\u6ce2\u5e02\u4f59\u59da\u5e02\u821c\u6c47\u4e1c\u8def136-320\u53f7", "category": "\u69a8\u6c41\u673a", "ground": "PA6,PA66,PC,POM,PC/ABS,POE", "money": 500, "name": "\u4f59\u59da\u5e02\u5bb6\u5bcc\u5851\u5316\u6709\u9650\u516c\u53f8", "property": "\u5c0f\u5fae\u4f01\u4e1a"}, {"address": "\u6d59\u6c5f\u7701\u5b81\u6ce2\u5e02\u4f59\u59da\u5e02\u4f59\u59da\u4e2d\u56fd\u5851\u6599\u57ce\u56fd\u9645\u5546\u52a1\u4e2d\u5fc32\u5e62302\u5ba4", "category": "\u69a8\u6c41\u673a", "ground": "ABS,PP,HDPE,LDPE,LLDPE,PMMA,PC,AS,PS,PPB,PET\u7b49\u7b49", "money": 300, "name": "\u4f59\u59da\u5e02\u4ebf\u5e06\u8d38\u6613\u6709\u9650\u516c\u53f8", "property": "\u5c0f\u5fae\u4f01\u4e1a"}, {"address": "\u6d59\u6c5f\u7701\u5b81\u6ce2\u5e02\u4f59\u59da\u5e02\u821c\u8fbe\u897f\u8def285\u53f7\u4e2d\u5851\u56fd\u9645\u5546\u52a1\u4e2d\u5fc32\u5e621601\u5ba4", "category": "\u69a8\u6c41\u673a", "ground": "ABS", "money": 200, "name": "\u5b81\u6ce2\u90a6\u4e1a\u8d38\u6613\u6709\u9650\u516c\u53f8", "property": "\u5c0f\u5fae\u4f01\u4e1a"}, {"address": "\u6d59\u6c5f\u7701\u5b81\u6ce2\u5e02\u4f59\u59da\u5e02\u4e2d\u56fd\u5851\u6599\u57ce\u4e2d\u5851\u4e16\u7eaa\u5927\u53a61\u53f7\u697c1518\u5ba4", "category": "\u69a8\u6c41\u673a", "ground": "ABS,AS", "money": 150, "name": "\u5b81\u6ce2\u5ddd\u6da6\u56fd\u9645\u8d38\u6613\u6709\u9650\u516c\u53f8", "property": "\u5c0f\u5fae\u4f01\u4e1a"}, {"address": "\u6d59\u6c5f\u7701\u5b81\u6ce2\u5e02\u4f59\u59da\u5e02\u65b0\u5efa\u5317\u8def347\u53f7\uff08\u516c\u4ea4\u4ed9\u6865\u7ad9\u5bf9\u9762\uff09", "category": "\u69a8\u6c41\u673a", "ground": "ABS,AS,PC,PA6,PA66,PMMA,PP\u97e9\u56fd\u4e50\u5929,SK,LG,\u5df4\u585e\u5c14,\u5927\u6797,\u57c3\u514b\u68ee\u7f8e\u5b5a,GS\u97e9\u56fd,\u5927\u97e9\u6cb9\u5316,\u97e9\u534e\u9053\u8fbe\u5c14,\u7b49", "money": 150, "name": "\u4f59\u59da\u5e02\u535a\u6e90\u8d38\u6613\u6709\u9650\u516c\u53f8", "property": "\u5c0f\u5fae\u4f01\u4e1a"}, {"address": "\u6d59\u6c5f\u7701\u5b81\u6ce2\u5e02\u4f59\u59da\u5e02\u4f59\u59da\u4e2d\u56fd\u5851\u6599\u57ceF3-109#", "category": "\u69a8\u6c41\u673a", "ground": "\u5851\u6599\u539f\u6750\u6599ABS PC/ABS PC AS POM PP\u7b49", "money": 150, "name": "\u4f59\u59da\u5e02\u5170\u752c\u5851\u5316\u6709\u9650\u516c\u53f8", "property": "\u5c0f\u5fae\u4f01\u4e1a"}, {"address": "\u6d59\u6c5f\u7701\u5b81\u6ce2\u5e02\u4f59\u59da\u5e02\u65b0\u5efa\u5317\u8def413-2,-3\u53f7(\u5851\u6599\u57ce\u5de5\u5546\u94f6\u884c\u5bf9\u9762)", "category": "\u69a8\u6c41\u673a", "ground": "ABS,AS,PC,PA6", "money": 150, "name": "\u5b81\u6ce2\u4e07\u57fa\u8d38\u6613\u6709\u9650\u516c\u53f8", "property": "\u5c0f\u5fae\u4f01\u4e1a"}, {"address": "\u6d59\u6c5f\u7701\u5b81\u6ce2\u5e02\u4f59\u59da\u5e02\u4f59\u59da\u4e2d\u56fd\u5851\u6599\u57ceA\u533a3\u697cA-362", "category": "\u69a8\u6c41\u673a", "ground": "PP,EVA,POM,ABS,PA6,PA66,PC,POE,LDPE,HDPE", "money": 105, "name": "\u4f59\u59da\u5fd7\u5851\u8fdb\u51fa\u53e3\u6709\u9650\u516c\u53f8", "property": "\u5c0f\u5fae\u4f01\u4e1a"}, {"address": "\u6d59\u6c5f\u7701\u5b81\u6ce2\u5e02\u4f59\u59da\u5e02\u4e2d\u56fd\u5851\u6599\u57ce Z\u533a1007B", "category": "\u69a8\u6c41\u673a", "ground": "PP,PE,PS,ABS,PC,PA", "money": 100, "name": "\u4f59\u59da\u5e02\u4e2d\u6668\u8d38\u6613\u6709\u9650\u516c\u53f8", "property": "\u5c0f\u5fae\u4f01\u4e1a"}, {"address": "\u6d59\u6c5f\u7701\u5b81\u6ce2\u5e02\u4f59\u59da\u5e02\u4e2d\u56fd\u5851\u6599\u57ce\u56fd\u9645\u5546\u52a1\u4e2d\u5fc32\u53f7\u697c401", "category": "\u69a8\u6c41\u673a", "ground": "\u4e3b\u8425\u5851\u6599PP,ABS", "money": 100, "name": "\u5b81\u6ce2\u4e09\u76ca\u65b0\u6750\u6599\u6709\u9650\u516c\u53f8", "property": "\u5c0f\u5fae\u4f01\u4e1a"}, {"address": "\u6d59\u6c5f\u7701\u5b81\u6ce2\u5e02\u6148\u6eaa\u5e02\u89c2\u6d77\u536b\u9547\u91d1\u6148\u5851\u6599\u57ce\u4e8c\u88572-4\u53f7", "category": "\u69a8\u6c41\u673a", "ground": "PP,ABS,AS,PC,PE,PS", "money": 100, "name": "\u5b81\u6ce2\u59dc\u6770\u8d38\u6613\u6709\u9650\u516c\u53f8", "property": "\u5c0f\u5fae\u4f01\u4e1a"}, {"address": "\u6d59\u6c5f\u7701\u5b81\u6ce2\u5e02\u4f59\u59da\u5e02\u4e2d\u56fd\u5851\u6599\u57ceA1\u533a14\u53f7", "category": "\u69a8\u6c41\u673a", "ground": "PA,PP,ABS,PPS", "money": 100, "name": "\u4f59\u59da\u5e02\u6b23\u5b87\u7fd4\u5851\u5316\u6709\u9650\u516c\u53f8", "property": "\u5c0f\u5fae\u4f01\u4e1a"}, {"address": "\u6d59\u6c5f\u7701\u5b81\u6ce2\u5e02\u4f59\u59da\u5e02\u4e2d\u56fd\u5851\u6599\u57ce\u4e2d\u5fc3\u4ea4\u6613\u533aF\u533a2\u5e62304(\u81ea\u4e3b\u7533\u62a5)", "category": "\u69a8\u6c41\u673a", "ground": "ABS,AS,POM,GPPS,HIPS", "money": 100, "name": "\u5b81\u6ce2\u660e\u805a\u65b0\u6750\u6599\u6709\u9650\u516c\u53f8", "property": "\u5c0f\u5fae\u4f01\u4e1a"}, {"address": "\u6d59\u6c5f\u7701\u5b81\u6ce2\u5e02\u4f59\u59da\u5e02\u4f59\u59da\u4e2d\u56fd\u5851\u6599\u57ce\u56fd\u9645\u5546\u52a1\u4e2d\u5fc32\u5e62206\u5ba4", "category": "\u69a8\u6c41\u673a", "ground": "ABS,PE,PC,PP,PVC,PA", "money": 100, "name": "\u4f59\u59da\u5e02\u6c49\u548c\u77f3\u5316\u8d38\u6613\u6709\u9650\u516c\u53f8", "property": "\u5c0f\u5fae\u4f01\u4e1a"}, {"address": "\u6d59\u6c5f\u7701\u5b81\u6ce2\u5e02\u4f59\u59da\u5e02\u897f\u90d1\u5df7\u6751\u5f20\u5df782\u53f7\u4e8c\u697c", "category": "\u69a8\u6c41\u673a", "ground": "\u949b\u767dPS,ABS,PP", "money": 100, "name": "\u5b81\u6ce2\u4e00\u5fc3\u65b0\u6750\u6599\u6709\u9650\u516c\u53f8", "property": "\u5c0f\u5fae\u4f01\u4e1a"}, {"address": "\u6d59\u6c5f\u7701\u5b81\u6ce2\u5e02\u4f59\u59da\u5e02\u4e2d\u56fd\u5851\u6599\u57ce\u4e2d\u5fc3\u4ea4\u6613\u533aF\u533a3\u5e62106\u5ba4", "category": "\u69a8\u6c41\u673a", "ground": "\u539f\u6599,ABS,POM,PA,PA6,PA66", "money": 100, "name": "\u4f59\u59da\u5e02\u817e\u8d35\u5851\u5316\u6709\u9650\u516c\u53f8", "property": "\u5c0f\u5fae\u4f01\u4e1a"}, {"address": "\u6d59\u6c5f\u7701\u5b81\u6ce2\u5e02\u4f59\u59da\u5e02\u4f59\u59da\u6709\u8272\u91d1\u5c5e\u6750\u6599\u57ce22-1\u5e6205", "category": "\u69a8\u6c41\u673a", "ground": "ABS,POM,PLA", "money": 100, "name": "\u5b81\u6ce2\u987a\u5b87\u65b0\u6750\u6599\u6709\u9650\u516c\u53f8", "property": "\u5c0f\u5fae\u4f01\u4e1a"}, {"address": "\u6d59\u6c5f\u7701\u5b81\u6ce2\u5e02\u4f59\u59da\u5e02\u4e2d\u56fd\u5851\u6599\u57ce\u4e2d\u5fc3\u4ea4\u6613\u533aF\u533a2\u5e62113\u5ba4", "category": "\u69a8\u6c41\u673a", "ground": "\u4e2d\u56fd\u77f3\u6cb9,\u4e2d\u56fd\u77f3\u5316,\u5916\u8d44\u77f3\u5316\u4f01\u4e1a\u53ca\u8fdb\u53e3\u5851\u6599\u539f\u6599,PA\u5168\u7cfb\u5217,TPE\u7cfb\u5217\u7b49\uff08\u5409\u6797\u77f3\u5316ABS\u7cfb\u5217,\u97e9\u56fd\u4e50\u5929ABS,\u97e9\u56fd\u4e50\u5929PC\uff09", "money": 100, "name": "\u5b81\u6ce2\u5171\u8bfa\u5851\u6599\u6709\u9650\u516c\u53f8", "property": "\u5c0f\u5fae\u4f01\u4e1a"}, {"address": "\u6d59\u6c5f\u7701\u5b81\u6ce2\u5e02\u4f59\u59da\u5e02\u4e2d\u56fd\u5851\u6599\u57ceA\u533a475", "category": "\u69a8\u6c41\u673a", "ground": "PA66,PPS,POM,PC,ABS,PP", "money": 100, "name": "\u4f59\u59da\u5e02\u8054\u6838\u5851\u5316\u6709\u9650\u516c\u53f8", "property": "\u5c0f\u5fae\u4f01\u4e1a"}, {"address": "\u6d59\u6c5f\u7701\u5b81\u6ce2\u5e02\u911e\u5dde\u533a\u4e94\u4e61\u9547\u4e94\u4e61\u5de5\u4e1a\u56ed\u533a\u5185(\u5b81\u6ce2\u534e\u4e1c\u7269\u8d44\u57ce\u4e1c\u5916\u73af\u5e02\u573a503-1\u53f7)", "category": "\u69a8\u6c41\u673a", "ground": "PP,PE,POE,ABS,PC", "money": 100, "name": "\u5b81\u6ce2\u5e02\u65ed\u6cf0\u65b0\u6750\u6599\u6709\u9650\u516c\u53f8", "property": "\u5c0f\u5fae\u4f01\u4e1a"}, {"address": "\u6d59\u6c5f\u7701\u5b81\u6ce2\u5e02\u6148\u6eaa\u5e02\u89c2\u6d77\u536b\u9547\u91d1\u6148\u5851\u6599\u57ce\u91d1\u51e4\u697c13.15.17\u53f7", "category": "\u69a8\u6c41\u673a", "ground": "ABS,AS,HIPS,GPPS,PP,HDPE,LDPE,PC,PA,POM", "money": 100, "name": "\u5b81\u6ce2\u51ef\u9f0e\u5851\u5316\u6709\u9650\u516c\u53f8", "property": "\u5c0f\u5fae\u4f01\u4e1a"}, {"address": "\u6d59\u6c5f\u7701\u5b81\u6ce2\u5e02\u6148\u6eaa\u5e02\u6148\u6eaa\u89c2\u57ce\u5851\u6599\u57ce", "category": "\u69a8\u6c41\u673a", "ground": "PP,ABS,\u589e\u5f3aPP", "money": 100, "name": "\u5b81\u6ce2\u82f1\u5b50\u9038\u5851\u6599\u6709\u9650\u516c\u53f8", "property": "\u5c0f\u5fae\u4f01\u4e1a"}, {"address": "\u6d59\u6c5f\u7701\u5b81\u6ce2\u5e02\u4f59\u59da\u5e02\u4e2d\u56fd\u5851\u6599\u57ceF2-102-102\u53f7", "category": "\u69a8\u6c41\u673a", "ground": "\u72ec\u5c71\u5b50\u77f3\u5316PP-PE,\u5170\u5dde\u77f3\u5316PE-PP,\u5409\u5316ABS,\u900f\u660e\u805a\u4e19\u70ef", "money": 50, "name": "\u4f59\u59da\u5e02\u91d1\u677e\u5316\u5de5\u6709\u9650\u516c\u53f8", "property": "\u5c0f\u5fae\u4f01\u4e1a"}, {"address": "\u6d59\u6c5f\u7701\u5b81\u6ce2\u5e02\u4f59\u59da\u5e02\u4e2d\u56fd\u5851\u6599\u57ce\u533aZ\u533a713\u53f7", "category": "\u69a8\u6c41\u673a", "ground": "PPO,PC/ABS,PPS,PA12,PA6,66,ABS,PC,HIPS,GPPS", "money": 50, "name": "\u4f59\u59da\u5e02\u79be\u7085\u5851\u6599\u6709\u9650\u516c\u53f8", "property": "\u5c0f\u5fae\u4f01\u4e1a"}, {"address": "\u6d59\u6c5f\u7701\u5b81\u6ce2\u5e02\u4f59\u59da\u5e02\u5851\u6599\u57ceA-106\u5ba4", "category": "\u69a8\u6c41\u673a", "ground": "pp,GDPS,LDPE,LLDPE,HIPS,ABS\u7b49", "money": 50, "name": "\u4f59\u59da\u5e02\u534e\u4f73\u5316\u5de5\u6709\u9650\u516c\u53f8", "property": "\u5c0f\u5fae\u4f01\u4e1a"}, {"address": "\u6d59\u6c5f\u7701\u5b81\u6ce2\u5e02\u4f59\u59da\u5e02\u4e2d\u56fd\u5851\u6599\u57ce\u56fd\u9645\u5546\u52a1\u4e2d\u5fc32\u53f7\u697c303-1\u5ba4", "category": "\u69a8\u6c41\u673a", "ground": "pc,pa6,pbt,pa66,abs", "money": 50, "name": "\u4f59\u59da\u5e02\u4e2d\u805a\u8d38\u6613\u6709\u9650\u516c\u53f8", "property": "\u5c0f\u5fae\u4f01\u4e1a"}, {"address": "\u6d59\u6c5f\u7701\u5b81\u6ce2\u5e02\u4f59\u59da\u5e02\u65b0\u5efa\u5317\u8def438-3\u53f7", "category": "\u69a8\u6c41\u673a", "ground": "ABS", "money": 50, "name": "\u4f59\u59da\u5e02\u4f73\u5e86\u5851\u5316\u6709\u9650\u516c\u53f8", "property": "\u5c0f\u5fae\u4f01\u4e1a"}, {"address": "\u6d59\u6c5f\u7701\u5b81\u6ce2\u5e02\u4f59\u59da\u5e02\u4f59\u59da\u4e2d\u56fd\u5851\u6599\u57ceA--9\u53f7", "category": "\u69a8\u6c41\u673a", "ground": "ABS,PP,PBT,PA,PC,PS,PVC,PE,PE\u7b49\u539f\u6599\u53ca\u5404\u79cd\u56de\u6599,PP\u7b49\u539f\u6599\u53ca\u5404\u79cd\u56de\u6599", "money": 50, "name": "\u4f59\u59da\u5e02\u4e2d\u4ebf\u4f1f\u5851\u5316\u6709\u9650\u516c\u53f8", "property": "\u5c0f\u5fae\u4f01\u4e1a"}, {"address": "\u6d59\u6c5f\u7701\u5b81\u6ce2\u5e02\u4f59\u59da\u5e02\u4e2d\u56fd\u5851\u6599\u57ce2-15\u53f7", "category": "\u69a8\u6c41\u673a", "ground": "PBT,PA66,PA6,PC,POM,ABS\u7b49\u5de5\u7a0b\u5851\u6599", "money": 50, "name": "\u5b81\u6ce2\u5fd7\u4ebf\u65b0\u6750\u6599\u6709\u9650\u516c\u53f8", "property": "\u5c0f\u5fae\u4f01\u4e1a"}, {"address": "\u6d59\u6c5f\u7701\u5b81\u6ce2\u5e02\u4f59\u59da\u5e02\u4e2d\u5851\u4e16\u7eaa\u5927\u53a61\u53f7\u697c2107\u5ba4", "category": "\u69a8\u6c41\u673a", "ground": "PBT,PPS,LCP,PA,PP,ABS", "money": 50, "name": "\u4f59\u59da\u5e02\u534e\u817e\u5851\u5316\u6709\u9650\u516c\u53f8", "property": "\u5c0f\u5fae\u4f01\u4e1a"}, {"address": "\u6d59\u6c5f\u7701\u5b81\u6ce2\u5e02\u4f59\u59da\u5e02\u4e2d\u56fd\u5851\u6599\u57ceZ\u533a1106\u53f7", "category": "\u69a8\u6c41\u673a", "ground": "ABS", "money": 50, "name": "\u4f59\u59da\u5e02\u8f69\u6e56\u7269\u8d44\u6709\u9650\u516c\u53f8", "property": "\u5c0f\u5fae\u4f01\u4e1a"}, {"address": "\u6d59\u6c5f\u7701\u5b81\u6ce2\u5e02\u4f59\u59da\u5e02\u4e2d\u56fd\u5851\u6599\u57ceZ-506", "category": "\u69a8\u6c41\u673a", "ground": "\u5851\u6599\u539f\u6599,ABS,GPPS,HDPE,HIPS,LDPE,PC,PP", "money": 50, "name": "\u4f59\u59da\u5e02\u9e4f\u7965\u5851\u5316\u6709\u9650\u516c\u53f8", "property": "\u5c0f\u5fae\u4f01\u4e1a"}, {"address": "\u6d59\u6c5f\u7701\u5b81\u6ce2\u5e02\u4f59\u59da\u5e02\u5851\u6599\u57ce4--8 \u53f7", "category": "\u69a8\u6c41\u673a", "ground": "ABS,PP,PMMA\u7b49", "money": 50, "name": "\u4f59\u59da\u5e02\u51ef\u7a0b\u5851\u5316\u6709\u9650\u516c\u53f8", "property": "\u5c0f\u5fae\u4f01\u4e1a"}, {"address": "\u6d59\u6c5f\u7701\u5b81\u6ce2\u5e02\u4f59\u59da\u5e02\u65b0\u5efa\u5317\u8def268-2\u53f7", "category": "\u69a8\u6c41\u673a", "ground": "abs,pp,pe,as", "money": 50, "name": "\u4f59\u59da\u5e02\u542f\u5851\u8d38\u6613\u6709\u9650\u516c\u53f8", "property": "\u5c0f\u5fae\u4f01\u4e1a"}, {"address": "\u6d59\u6c5f\u7701\u5b81\u6ce2\u5e02\u4f59\u59da\u5e02\u65b0\u5efa\u5317\u8def489\u53f7", "category": "\u69a8\u6c41\u673a", "ground": "PA6,PA66,ABS,POM,PC,PP", "money": 50, "name": "\u4f59\u59da\u5e02\u8c37\u97f5\u5851\u5316\u6709\u9650\u516c\u53f8", "property": "\u5c0f\u5fae\u4f01\u4e1a"}, {"address": "\u6d59\u6c5f\u7701\u5b81\u6ce2\u5e02\u4f59\u59da\u5e02\u4e2d\u56fd\u5851\u6599\u57ceA-67\u53f7", "category": "\u69a8\u6c41\u673a", "ground": "PPS,ABS,PP,POM,AS", "money": 50, "name": "\u4f59\u59da\u5e02\u7d22\u745e\u5851\u5316\u6709\u9650\u516c\u53f8", "property": "\u5c0f\u5fae\u4f01\u4e1a"}, {"address": "\u6d59\u6c5f\u7701\u5b81\u6ce2\u5e02\u4f59\u59da\u5e02\u821c\u79d1\u8def21\u53f7\u4e2d\u5851\u5546\u52a1\u697c\u897f\u697c711\u5ba4", "category": "\u69a8\u6c41\u673a", "ground": "ABS", "money": 20, "name": "\u4f59\u59da\u5e02\u90c5\u68ee\u5851\u6599\u6709\u9650\u516c\u53f8", "property": "\u5c0f\u5fae\u4f01\u4e1a"}, {"address": "\u6d59\u6c5f\u7701\u5b81\u6ce2\u5e02\u4f59\u59da\u5e02\u4e2d\u56fd\u5851\u6599\u57ce\u821c\u6c47\u4e1c\u8def170\u53f7", "category": "\u69a8\u6c41\u673a", "ground": "ABS,PP,PA,TPE,LDPE,PC,HIPS,PBT", "money": 10, "name": "\u4f59\u59da\u5e02\u6bd4\u626c\u5de5\u7a0b\u5851\u6599\u6709\u9650\u516c\u53f8", "property": "\u5c0f\u5fae\u4f01\u4e1a"}]