[{"address": "\u6d59\u6c5f\u7701\u5b81\u6ce2\u5e02\u4f59\u59da\u5e02\u4e2d\u56fd\u5851\u6599\u57ce\u56fd\u9645\u5546\u52a1\u4e2d\u5fc33\u5e621703\u5ba4", "category": "\u7535\u997c\u94db", "ground": "PC,ABS", "money": 1168, "name": "\u6d59\u6c5f\u51ef\u4fe1\u5851\u6599\u6709\u9650\u516c\u53f8", "property": ""}, {"address": "\u6d59\u6c5f\u7701\u5b81\u6ce2\u5e02\u4f59\u59da\u5e02\u4e2d\u56fd\u5851\u6599\u57ce\u56fd\u9645\u5546\u52a1\u4e2d\u5fc31\u5e62119\u5ba4", "category": "\u7535\u997c\u94db", "ground": "GPPS,HIPS,ABS", "money": 1000, "name": "\u6d59\u6c5f\u5851\u6069\u65b0\u6750\u6599\u79d1\u6280\u6709\u9650\u516c\u53f8", "property": "\u5c0f\u5fae\u4f01\u4e1a"}, {"address": "\u6d59\u6c5f\u7701\u5b81\u6ce2\u5e02\u4f59\u59da\u5e02\u51e4\u5c71\u8857\u9053\u5851\u6599\u57ceA\u533a\u4e94\u5c42A-505", "category": "\u7535\u997c\u94db", "ground": "PP,ABS,ASA,PE,PA6,PC", "money": 1000, "name": "\u5b81\u6ce2\u9093\u5bb6\u5851\u5316\u6709\u9650\u516c\u53f8", "property": ""}, {"address": "\u6d59\u6c5f\u7701\u5b81\u6ce2\u5e02\u4f59\u59da\u5e02\u4e2d\u56fd\u5851\u6599\u57ceF\u533a4\u53f7\u697c113\u5ba4", "category": "\u7535\u997c\u94db", "ground": "PP,PE,ABS,PC,POM,PA", "money": 1000, "name": "\u5b81\u6ce2\u535a\u7f8e\u6c47\u5851\u5316\u8d38\u6613\u6709\u9650\u516c\u53f8", "property": "\u5c0f\u5fae\u4f01\u4e1a"}, {"address": "\u6d59\u6c5f\u7701\u5b81\u6ce2\u5e02\u4f59\u59da\u5e02\u51e4\u5c71\u8857\u9053\u65b0\u5efa\u5317\u8def493-2\u53f7", "category": "\u7535\u997c\u94db", "ground": "\u5851\u6599\u518d\u751f\u7c92\u5b50,HDPE,ABS\u518d\u751f\u6599,PA6,PA66", "money": 1000, "name": "\u6d59\u6c5f\u541b\u7ea2\u5851\u5316\u6709\u9650\u516c\u53f8", "property": "\u5c0f\u5fae\u4f01\u4e1a"}, {"address": "\u6d59\u6c5f\u7701\u5b81\u6ce2\u5e02\u6148\u6eaa\u5e02\u5b97\u6c49\u8857\u9053\u91d1\u8f6e\u5357\u8def41\u53f7", "category": "\u7535\u997c\u94db", "ground": "PC,ABS", "money": 1000, "name": "\u6d59\u6c5f\u957f\u5ddd\u5de5\u7a0b\u5851\u6599\u6709\u9650\u516c\u53f8", "property": "\u5c0f\u5fae\u4f01\u4e1a"}, {"address": "\u6d59\u6c5f\u7701\u5b81\u6ce2\u5e02\u4f59\u59da\u5e02\u4e2d\u56fd\u5851\u6599\u57ceD-3", "category": "\u7535\u997c\u94db", "ground": "ABS,LLDPE,PBT,POM,HIPS,PP,PA6,PA66,HDPE,LDPE", "money": 1000, "name": "\u5b81\u6ce2\u6893\u80fd\u8d38\u6613\u6709\u9650\u516c\u53f8", "property": "\u5c0f\u5fae\u4f01\u4e1a"}, {"address": "\u6d59\u6c5f\u7701\u5b81\u6ce2\u5e02\u4f59\u59da\u5e02\u51e4\u5c71\u8857\u9053\u5851\u6599\u57ceZ\u533a614A\u53f7", "category": "\u7535\u997c\u94db", "ground": "PP,ABS,PC,POM,PA6,PA66", "money": 500, "name": "\u5b81\u6ce2\u76c8\u53d1\u5851\u5316\u6709\u9650\u516c\u53f8", "property": "\u5c0f\u5fae\u4f01\u4e1a"}, {"address": "\u6d59\u6c5f\u7701\u5b81\u6ce2\u5e02\u4f59\u59da\u5e02\u4e2d\u56fd\u5851\u6599\u57ce\u65b0\u5efa\u5317\u8def325", "category": "\u7535\u997c\u94db", "ground": "ABS,PP,PVC,PMMA,PE", "money": 500, "name": "\u4f59\u59da\u5e02\u5bcc\u6770\u5851\u6599\u6709\u9650\u516c\u53f8", "property": "\u5c0f\u5fae\u4f01\u4e1a"}, {"address": "\u6d59\u6c5f\u7701\u5b81\u6ce2\u5e02\u4f59\u59da\u5e02\u6717\u971e\u8857\u9053\u9f99\u738b\u5802\u5de5\u4e1a\u56ed\u533a\u4f17\u5174\u8def\u53574\u53f7", "category": "\u7535\u997c\u94db", "ground": "\u5de5\u7a0b\u5851\u6599PA6/PA66,ABS,PP,PC,\u6539\u6027\u548cTPE\u5f39\u6027\u4f53", "money": 500, "name": "\u5b81\u6ce2\u6052\u62d3\u9ad8\u5206\u5b50\u6750\u6599\u6709\u9650\u516c\u53f8", "property": "\u5c0f\u5fae\u4f01\u4e1a \u9ad8\u65b0\u6280\u672f\u4f01\u4e1a\u79d1\u6280\u578b\u4e2d\u5c0f\u4f01\u4e1a \u521b\u65b0\u578b\u4e2d\u5c0f\u4f01\u4e1a"}, {"address": "\u6d59\u6c5f\u7701\u5b81\u6ce2\u5e02\u4f59\u59da\u5e02\u5851\u6599\u57ce\u56fd\u9645\u5546\u52a1\u4e2d\u5fc31\u5e623\u697c350\u5ba4", "category": "\u7535\u997c\u94db", "ground": "POM,PA12,PA66,ABS,PC,PP,PC/ABS,PBT", "money": 500, "name": "\u5b81\u6ce2\u9e4f\u4ec1\u65b0\u6750\u6599\u6709\u9650\u516c\u53f8", "property": "\u5c0f\u5fae\u4f01\u4e1a"}, {"address": "\u6d59\u6c5f\u7701\u5b81\u6ce2\u5e02\u4f59\u59da\u5e02\u821c\u6c47\u4e1c\u8def105-219", "category": "\u7535\u997c\u94db", "ground": "POM,PA6/66,PA12,PC,ABS,PP,PE", "money": 500, "name": "\u5b81\u6ce2\u5e02\u4ebf\u97ec\u56fd\u9645\u8d38\u6613\u6709\u9650\u516c\u53f8", "property": "\u5c0f\u5fae\u4f01\u4e1a"}, {"address": "\u6d59\u6c5f\u7701\u5b81\u6ce2\u5e02\u4f59\u59da\u5e02\u65b0\u5efa\u5317\u8def425\u53f7\u4e2d\u5851\u4e16\u7eaa\u5927\u53a61\u5e621307", "category": "\u7535\u997c\u94db", "ground": "PA6,PA66,PC/ABS,PBT", "money": 300, "name": "\u5b81\u6ce2\u695a\u6e90\u5851\u5316\u6709\u9650\u516c\u53f8", "property": "\u5c0f\u5fae\u4f01\u4e1a"}, {"address": "\u6d59\u6c5f\u7701\u5b81\u6ce2\u5e02\u4f59\u59da\u5e02\u4e2d\u56fd\u5851\u6599\u57ceA1-76\u53f7", "category": "\u7535\u997c\u94db", "ground": "PC,ABS,PP,PE", "money": 200, "name": "\u4f59\u59da\u5e02\u6b23\u9645\u8fbe\u5851\u5316\u6709\u9650\u516c\u53f8", "property": "\u5c0f\u5fae\u4f01\u4e1a"}, {"address": "\u6d59\u6c5f\u7701\u5b81\u6ce2\u5e02\u4f59\u59da\u5e02\u4e2d\u56fd\u5851\u6599\u57ceZ\u533a512A-512B", "category": "\u7535\u997c\u94db", "ground": "ABS,LLDPE,GPPS,\u589e\u5f3a,\u589e\u97e7,\u963b\u71c3ABS,PS,PE,PP,PA,PC,PC/ABS\u7b49\u65b0\u6599\u53ca\u518d\u751f\u9020\u7c92\u6599,\u526f\u8425\uff1aPMMA,POM,AS,PPS,MBS,TPU\u7b49\u65b0\u6599\u53ca\u518d\u751f\u9020\u7c92\u6599", "money": 200, "name": "\u4f59\u59da\u5e02\u60e0\u4f73\u8d38\u6613\u6709\u9650\u516c\u53f8", "property": "\u5c0f\u5fae\u4f01\u4e1a"}, {"address": "\u6d59\u6c5f\u7701\u5b81\u6ce2\u5e02\u4f59\u59da\u5e02\u4e2d\u56fd\u5851\u6599\u57ce\u8def\u4e1c3-27\u53f7", "category": "\u7535\u997c\u94db", "ground": "ABS,PC,AS", "money": 150, "name": "\u4f59\u59da\u5e02\u987a\u5229\u77f3\u5316\u6709\u9650\u516c\u53f8", "property": "\u5c0f\u5fae\u4f01\u4e1a"}, {"address": "\u6d59\u6c5f\u7701\u5b81\u6ce2\u5e02\u4f59\u59da\u5e02\u65b0\u5efa\u5317\u8def440-1\u53f7(\u5851\u6599\u57ce\u4fe1\u7528\u793e\u65c1)", "category": "\u7535\u997c\u94db", "ground": "PVC,ABS,PP,PC/ABS", "money": 100, "name": "\u4f59\u59da\u5e02\u946b\u4e3d\u6d77\u5851\u6599\u6709\u9650\u516c\u53f8", "property": "\u5c0f\u5fae\u4f01\u4e1a"}, {"address": "\u6d59\u6c5f\u7701\u5b81\u6ce2\u5e02\u4f59\u59da\u5e02\u4e2d\u56fd\u5851\u6599\u57ceA-100\u53f7", "category": "\u7535\u997c\u94db", "ground": "PMMA,PA,POM,MBS,PC,ABS", "money": 100, "name": "\u4f59\u59da\u5e02\u695a\u8363\u5851\u5316\u6709\u9650\u516c\u53f8", "property": "\u5c0f\u5fae\u4f01\u4e1a"}, {"address": "\u6d59\u6c5f\u7701\u5b81\u6ce2\u5e02\u4f59\u59da\u5e02\u4e2d\u56fd\u5851\u6599\u57ce\u4e2d\u5851\u4e16\u7eaa\u5927\u53a62\u53f7\u697c1103-1104\u5ba4(\u6167\u806a\u5bb6\u7535\u57ce\u697c\u4e0a\uff09A-50", "category": "\u7535\u997c\u94db", "ground": "GPPS,PP,ABS,PA6,66,POM", "money": 100, "name": "\u5b81\u6ce2\u65b0\u94ed\u822a\u5851\u6599\u5de5\u8d38\u6709\u9650\u516c\u53f8", "property": "\u5c0f\u5fae\u4f01\u4e1a"}, {"address": "\u6d59\u6c5f\u7701\u5b81\u6ce2\u5e02\u4f59\u59da\u5e02\u821c\u6c47\u4e1c\u8def65\u5f0432\u53f7", "category": "\u7535\u997c\u94db", "ground": "PA6,PA66,PC/ABS,ABS,POM,PC,PPS,POK", "money": 100, "name": "\u4f59\u59da\u5e02\u5851\u7c73\u5851\u5316\u6709\u9650\u516c\u53f8", "property": "\u5c0f\u5fae\u4f01\u4e1a"}, {"address": "\u6d59\u6c5f\u7701\u5b81\u6ce2\u5e02\u4f59\u59da\u5e02\u65b0\u5efa\u5317\u8def492-3", "category": "\u7535\u997c\u94db", "ground": "ABS,PS,PP,POE,POM", "money": 100, "name": "\u5b81\u6ce2\u79d1\u592a\u5851\u5316\u6709\u9650\u516c\u53f8", "property": "\u5c0f\u5fae\u4f01\u4e1a"}, {"address": "\u6d59\u6c5f\u7701\u5b81\u6ce2\u5e02\u4f59\u59da\u5e02\u5851\u6599\u57ceF4-217", "category": "\u7535\u997c\u94db", "ground": "PP,PE,PS,ABS", "money": 100, "name": "\u5b81\u6ce2\u817e\u745e\u65b0\u6750\u6599\u6709\u9650\u516c\u53f8", "property": "\u5c0f\u5fae\u4f01\u4e1a"}, {"address": "\u6d59\u6c5f\u7701\u5b81\u6ce2\u5e02\u4f59\u59da\u5e02\u65b0\u5efa\u5317\u8def425\u53f7\u4e2d\u5851\u4e16\u7eaa\u5927\u53a61\u5e62906", "category": "\u7535\u997c\u94db", "ground": "ABS,POM,PC", "money": 100, "name": "\u5b81\u6ce2\u8d62\u5609\u65b0\u6750\u6599\u6709\u9650\u516c\u53f8", "property": "\u5c0f\u5fae\u4f01\u4e1a"}, {"address": "\u6d59\u6c5f\u7701\u5b81\u6ce2\u5e02\u4f59\u59da\u5e02\u65b0\u5efa\u5317\u8def1102\u53f7\u4e2d\u5851\u4e16\u7eaa\u5927\u53a61\u53f7\u697c1102\u5ba4", "category": "\u7535\u997c\u94db", "ground": "\u963b\u71c3ABS,\u963b\u71c3PC/ABS,\u5404\u79cd\u6539\u6027\u6599", "money": 100, "name": "\u5b81\u6ce2\u6da6\u5b87\u65b0\u6750\u6599\u6709\u9650\u516c\u53f8", "property": "\u5c0f\u5fae\u4f01\u4e1a"}, {"address": "\u6d59\u6c5f\u7701\u5b81\u6ce2\u5e02\u4f59\u59da\u5e02\u4e2d\u56fd\u5851\u6599\u57ce\u56fd\u9645\u5546\u52a1\u4e2d\u5fc33\u53f7\u697c802-1", "category": "\u7535\u997c\u94db", "ground": "\u79d1\u601d\u521bCOVESTRO,PC/ABS\u548cPC,\u82f1\u529b\u58eb\u82ef\u9886,INEOS,ABS,AS,\u5965\u5347\u5fb7\u6cdb\u8fbevydyne,PA66\u82cf\u5a01PPS,\u585e\u62c9\u5c3c\u65afCelanese,PPS,\u675c\u90a6DOUPONT,PA66,POM", "money": 100, "name": "\u5b81\u6ce2\u4e2d\u68e0\u8d38\u6613\u6709\u9650\u516c\u53f8", "property": "\u5c0f\u5fae\u4f01\u4e1a"}, {"address": "\u6d59\u6c5f\u7701\u5b81\u6ce2\u5e02\u4f59\u59da\u5e02\u4e2d\u56fd\u5851\u6599\u57ce3-16\u53f7 \u5382\u5740\uff1a\u676d\u5dde\u6e7e\u65b0\u533a\u6653\u5858\u8def116\u53f7", "category": "\u7535\u997c\u94db", "ground": "\u518d\u751f\u6599\u589e\u5f3aPC,\u518d\u751f\u6599PC,\u518d\u751f\u6599PC/ABS", "money": 100, "name": "\u5b81\u6ce2\u5e86\u9a85\u5851\u6599\u6709\u9650\u516c\u53f8", "property": "\u5c0f\u5fae\u4f01\u4e1a"}, {"address": "\u6d59\u6c5f\u7701\u5b81\u6ce2\u5e02\u4f59\u59da\u5e02\u89c2\u57ce\u5851\u6599\u57ce \u5357\u8def16\u53f7", "category": "\u7535\u997c\u94db", "ground": "PP,PC,ABS", "money": 58, "name": "\u4f59\u59da\u6770\u5347\u8fdb\u51fa\u53e3\u6709\u9650\u516c\u53f8", "property": "\u5c0f\u5fae\u4f01\u4e1a"}, {"address": "\u6d59\u6c5f\u7701\u5b81\u6ce2\u5e02\u4f59\u59da\u5e02\u4e2d\u56fd\u5851\u6599\u57ce3-18", "category": "\u7535\u997c\u94db", "ground": "\u5851\u6599ABS,\u5851\u6599PVC,PP", "money": 50, "name": "\u4f59\u59da\u5e02\u5b8f\u6e90\u7269\u8d44\u6709\u9650\u516c\u53f8", "property": "\u5c0f\u5fae\u4f01\u4e1a"}, {"address": "\u6d59\u6c5f\u7701\u5b81\u6ce2\u5e02\u4f59\u59da\u5e02\u4e2d\u56fd\u5851\u6599\u57ceA\u533a\u56db\u697c\u4e1c\u697cA-431", "category": "\u7535\u997c\u94db", "ground": "\u5851\u6599\u539f\u6599,ABS,PS,PP,\u5408\u91d1,PA,\u518d\u751f\u6599,\u6539\u6027\u6599", "money": 50, "name": "\u4f59\u59da\u5e02\u6da6\u8fb0\u5851\u5316\u6709\u9650\u516c\u53f8", "property": "\u5c0f\u5fae\u4f01\u4e1a"}, {"address": "\u6d59\u6c5f\u7701\u5b81\u6ce2\u5e02\u4f59\u59da\u5e02\u4e2d\u56fd\u5851\u6599\u57ceD-10\u53f7", "category": "\u7535\u997c\u94db", "ground": "ABS,PET,AS,PP", "money": 50, "name": "\u4f59\u59da\u5e02\u6d77\u76db\u65b0\u6750\u6599\u79d1\u6280\u6709\u9650\u516c\u53f8", "property": "\u5c0f\u5fae\u4f01\u4e1a"}, {"address": "\u6d59\u6c5f\u7701\u5b81\u6ce2\u5e02\u4f59\u59da\u5e02\u4e2d\u56fd\u5851\u6599\u57ceC\u533a-6\u53f7", "category": "\u7535\u997c\u94db", "ground": "ABS,GPPS,PP,PE", "money": 50, "name": "\u4f59\u59da\u5e02\u4e1c\u4e3d\u5851\u5316\u6709\u9650\u516c\u53f8", "property": "\u5c0f\u5fae\u4f01\u4e1a"}, {"address": "\u6d59\u6c5f\u7701\u5b81\u6ce2\u5e02\u4f59\u59da\u5e02\u4e2d\u56fd\u5851\u6599\u57ceD\u533a06\u53f7", "category": "\u7535\u997c\u94db", "ground": "ABS,LDPE,LLDPE", "money": 50, "name": "\u4f59\u59da\u5e02\u957f\u7ea2\u7269\u8d44\u6709\u9650\u516c\u53f8", "property": "\u5c0f\u5fae\u4f01\u4e1a"}, {"address": "\u6d59\u6c5f\u7701\u5b81\u6ce2\u5e02\u4f59\u59da\u5e02\u4e2d\u56fd\u5851\u6599\u57ceZ\u533a909B\u53f7", "category": "\u7535\u997c\u94db", "ground": "ABS,PS,PP,AS,POM,PC,PBT", "money": 50, "name": "\u4f59\u59da\u5e02\u534e\u640f\u8d38\u6613\u6709\u9650\u516c\u53f8", "property": "\u5c0f\u5fae\u4f01\u4e1a"}, {"address": "\u6d59\u6c5f\u7701\u5b81\u6ce2\u5e02\u4f59\u59da\u5e02\u4e2d\u56fd\u5851\u6599\u57ceD-8\u53f7", "category": "\u7535\u997c\u94db", "ground": "ABS", "money": 50, "name": "\u4f59\u59da\u5e02\u946b\u8fbe\u7269\u8d44\u6709\u9650\u516c\u53f8", "property": "\u5c0f\u5fae\u4f01\u4e1a"}, {"address": "\u6d59\u6c5f\u7701\u5b81\u6ce2\u5e02\u4f59\u59da\u5e02\u5851\u6599\u57ceZ\u533a1817\u53f7", "category": "\u7535\u997c\u94db", "ground": "ABS,PP,PE,PA,PVC,PC", "money": 50, "name": "\u4f59\u59da\u5e02\u4f59\u6210\u65b0\u6750\u6599\u6709\u9650\u516c\u53f8", "property": "\u5c0f\u5fae\u4f01\u4e1a"}, {"address": "\u6d59\u6c5f\u7701\u5b81\u6ce2\u5e02\u4f59\u59da\u5e02\u4e2d\u56fd\u5851\u6599\u57ce\u8def\u4e1c4-14\u53f7", "category": "\u7535\u997c\u94db", "ground": "\u949b\u767d\u805a\u4e19\u70ef,\u805a\u70ef\u70c3\u586b\u5145\u6bcd\u6599,\u6539\u6027PP,PE,ABS,PS,\u7535\u6728\u7c89,\u8010\u5f27\u7c89,\u589e\u767d\u5242", "money": 50, "name": "\u4f59\u59da\u5e02\u5229\u4e1c\u7269\u8d44\u5f00\u53d1\u516c\u53f8", "property": "\u5c0f\u5fae\u4f01\u4e1a"}, {"address": "\u6d59\u6c5f\u7701\u5b81\u6ce2\u5e02\u4f59\u59da\u5e02\u4e2d\u5851\u56fd\u9645\u5546\u52a1\u4e2d\u5fc32\u53f7\u697c", "category": "\u7535\u997c\u94db", "ground": "PC ABS", "money": 50, "name": "\u4f59\u59da\u5e02\u5b87\u7a0b\u5851\u5316\u6709\u9650\u516c\u53f8", "property": "\u5c0f\u5fae\u4f01\u4e1a"}, {"address": "\u6d59\u6c5f\u7701\u5b81\u6ce2\u5e02\u4f59\u59da\u5e02\u4e2d\u56fd\u5851\u6599\u57ceZ\u533a1705\u53f7", "category": "\u7535\u997c\u94db", "ground": "\u5851\u6599\u539f\u6599,ABS,HDPE,LDPE,PP,PVC", "money": 30, "name": "\u4f59\u59da\u5e02\u53cb\u901a\u5851\u5316\u6709\u9650\u516c\u53f8", "property": "\u5c0f\u5fae\u4f01\u4e1a"}, {"address": "\u6d59\u6c5f\u7701\u5b81\u6ce2\u5e02\u4f59\u59da\u5e02\u821c\u6c47\u4e1c\u8def2\u5f04-4\u53f7", "category": "\u7535\u997c\u94db", "ground": "ABS,POM,PC,PP,PE,PS", "money": 20, "name": "\u4f59\u59da\u5e02\u541b\u7fd4\u5851\u5316\u6709\u9650\u516c\u53f8", "property": "\u5c0f\u5fae\u4f01\u4e1a"}, {"address": "\u6d59\u6c5f\u7701\u5b81\u6ce2\u5e02\u4f59\u59da\u5e02\u4e2d\u56fd\u5851\u6599\u57ce\u8def\u4e1c2-69\u53f7", "category": "\u7535\u997c\u94db", "ground": "\u900f\u660eABS,K\u6811\u8102,\u963b\u71c3ABS,PC/ABS,TPR", "money": 10, "name": "\u4f59\u59da\u5e02\u7199\u548c\u5851\u5316\u6709\u9650\u516c\u53f8", "property": "\u5c0f\u5fae\u4f01\u4e1a"}]