[{"address": "\u6d59\u6c5f\u7701\u5b81\u6ce2\u5e02\u4f59\u59da\u5e02\u5851\u6599\u57ce\u8def\u4e1c3-5", "category": "\u8c46\u6d46\u673a", "ground": "ABS,PP,PE,PC", "money": 2800, "name": "\u4f59\u59da\u5e02\u5609\u534e\u5316\u5de5\u6709\u9650\u516c\u53f8", "property": "\u5c0f\u5fae\u4f01\u4e1a"}, {"address": "\u6d59\u6c5f\u7701\u5b81\u6ce2\u5e02\u4f59\u59da\u5e02\u821c\u79d1\u8def23\u53f7", "category": "\u8c46\u6d46\u673a", "ground": "POM,PC,PA,PMMA,ABS,AS,MS,PP,PE,PS\u7b49\u5851\u6599\u539f\u6599", "money": 1780, "name": "\u6d59\u6c5f\u65b0\u957f\u57ce\u9ad8\u5206\u5b50\u6750\u6599\u6709\u9650\u516c\u53f8", "property": "\u5c0f\u5fae\u4f01\u4e1a"}, {"address": "\u6d59\u6c5f\u7701\u5b81\u6ce2\u5e02\u4f59\u59da\u5e02\u4e2d\u56fd\u5851\u6599\u57ce\u56fd\u9645\u5546\u52a1\u4e2d\u5fc33\u5e62603\u5ba4", "category": "\u8c46\u6d46\u673a", "ground": "ABS,AS,PMMA,PC,PA,POM", "money": 1180, "name": "\u6d59\u6c5f\u5353\u8000\u8fdb\u51fa\u53e3\u6709\u9650\u516c\u53f8", "property": "\u5c0f\u5fae\u4f01\u4e1a"}, {"address": "\u6d59\u6c5f\u7701\u5b81\u6ce2\u5e02\u4f59\u59da\u5e02\u5851\u6599\u57ce\u65b0\u5efa\u5317\u8def388-1\u53f7", "category": "\u8c46\u6d46\u673a", "ground": "ABS\u518d\u751f\u6599,PC/ABS", "money": 1000, "name": "\u5b81\u6ce2\u660a\u5e06\u8fdb\u51fa\u53e3\u6709\u9650\u516c\u53f8", "property": "\u5c0f\u5fae\u4f01\u4e1a"}, {"address": "\u6d59\u6c5f\u7701\u5b81\u6ce2\u5e02\u4f59\u59da\u5e02\u6d59\u6c5f\u4f59\u59da\u4e2d\u56fd\u5851\u6599\u57ceB-8", "category": "\u8c46\u6d46\u673a", "ground": "PPPEEVAPSABS", "money": 1000, "name": "\u6d59\u6c5f\u5851\u7279\u5316\u5de5\u6709\u9650\u516c\u53f8", "property": "\u5c0f\u5fae\u4f01\u4e1a"}, {"address": "\u6d59\u6c5f\u7701\u5b81\u6ce2\u5e02\u4f59\u59da\u5e02\u6c5f\u5317\u533a\u957f\u5174\u8def689\u5f0421\u53f710\u5e62112\u5ba4\u6258\u7ba17729\uff08\u5546\u52a1\u6258\u7ba1\uff09", "category": "\u8c46\u6d46\u673a", "ground": "PC,ABS,PC/ABS", "money": 1000, "name": "\u6d59\u6c5f\u5b87\u548c\u65b0\u6750\u6599\u6709\u9650\u516c\u53f8", "property": "\u5c0f\u5fae\u4f01\u4e1a"}, {"address": "\u6d59\u6c5f\u7701\u5b81\u6ce2\u5e02\u4f59\u59da\u5e02\u65b0\u5efa\u5317\u8def425\u53f7\u4e2d\u5851\u4e16\u7eaa\u5927\u53a61\u53f7\u697c1502\u5ba4", "category": "\u8c46\u6d46\u673a", "ground": "PP,PE,PET,ABS,\u7b49\u5851\u80f6\u539f\u6599", "money": 500, "name": "\u5b81\u6ce2\u4ec1\u5ba3\u8d38\u6613\u6709\u9650\u516c\u53f8", "property": "\u5c0f\u5fae\u4f01\u4e1a"}, {"address": "\u6d59\u6c5f\u7701\u5b81\u6ce2\u5e02\u4f59\u59da\u5e02\u65b0\u5efa\u5317\u8def388-7\u53f7", "category": "\u8c46\u6d46\u673a", "ground": "ABS,PP,PA,PC", "money": 500, "name": "\u5b81\u6ce2\u4f70\u81e3\u79d1\u6280\u6709\u9650\u516c\u53f8", "property": "\u5c0f\u5fae\u4f01\u4e1a"}, {"address": "\u6d59\u6c5f\u7701\u5b81\u6ce2\u5e02\u4f59\u59da\u5e02\u4e2d\u56fd\u5851\u6599\u57ce\u4e2d\u5851\u4e16\u7eaa\u5927\u53a61\u5e622003\u5ba4", "category": "\u8c46\u6d46\u673a", "ground": "\u5851\u6599PC,ABS,\u6539\u6027\u5851\u6599PA6,PA66", "money": 200, "name": "\u5b81\u6ce2\u9ad8\u6cf0\u8d38\u6613\u6709\u9650\u516c\u53f8", "property": "\u5c0f\u5fae\u4f01\u4e1a"}, {"address": "\u6d59\u6c5f\u7701\u5b81\u6ce2\u5e02\u4f59\u59da\u5e02\u4e2d\u56fd\u5851\u6599\u57ceB-3\u53f7", "category": "\u8c46\u6d46\u673a", "ground": "PP,ABS,PS,PE", "money": 158, "name": "\u4f59\u59da\u5e02\u8c6a\u65af\u7279\u5316\u5de5\u6709\u9650\u516c\u53f8", "property": "\u5c0f\u5fae\u4f01\u4e1a"}, {"address": "\u6d59\u6c5f\u7701\u5b81\u6ce2\u5e02\u4f59\u59da\u5e02\u821c\u8fbe\u897f\u8def285\u53f7\u4e2d\u56fd\u5851\u6599\u57ce\u5546\u52a1\u4e2d\u5fc31\u5e62104\u5ba4", "category": "\u8c46\u6d46\u673a", "ground": "pc,pp,abs,ps,ms,as,pom", "money": 128, "name": "\u6148\u6eaa\u5e02\u9ad8\u665f\u5408\u6210\u6750\u6599\u6709\u9650\u516c\u53f8", "property": "\u5c0f\u5fae\u4f01\u4e1a"}, {"address": "\u6d59\u6c5f\u7701\u5b81\u6ce2\u5e02\u4f59\u59da\u5e02\u5851\u6599\u57ceA1-106\u53f7", "category": "\u8c46\u6d46\u673a", "ground": "PPS,PC,PPO,PBT,PA6,PA66,PP,PE,PC/ABS,PU,ABS,PS,\u589e\u5f3a\u963b\u71c3,\u5404\u7c7b\u6c7d\u8f66\u5bb6\u7528\u7535\u5668\u4e13\u7528\u5851\u6599,301,220,9,223,89", "money": 100, "name": "\u5b81\u6ce2\u79d1\u8fdc\u5851\u5316\u6709\u9650\u516c\u53f8", "property": "\u5c0f\u5fae\u4f01\u4e1a"}, {"address": "\u6d59\u6c5f\u7701\u5b81\u6ce2\u5e02\u4f59\u59da\u5e02\u4f59\u59da\u5851\u6599\u57ceF1-302\u5ba4", "category": "\u8c46\u6d46\u673a", "ground": "\u5851\u6599\u539f\u6599,ABS,ASA,LDPE,PP", "money": 100, "name": "\u5b81\u6ce2\u5e7f\u5ddd\u5851\u6599\u6709\u9650\u516c\u53f8", "property": "\u5c0f\u5fae\u4f01\u4e1a"}, {"address": "\u6d59\u6c5f\u7701\u5b81\u6ce2\u5e02\u4f59\u59da\u5e02\u821c\u6c47\u4e1c\u8def105\u53f7401\u5ba4", "category": "\u8c46\u6d46\u673a", "ground": "ABS,PA", "money": 100, "name": "\u5b81\u6ce2\u4fca\u4e00\u56fd\u9645\u8d38\u6613\u6709\u9650\u516c\u53f8", "property": "\u5c0f\u5fae\u4f01\u4e1a"}, {"address": "\u6d59\u6c5f\u7701\u5b81\u6ce2\u5e02\u4f59\u59da\u5e02\u4e2d\u56fd\u5851\u6599\u57ce\u821c\u6c47\u4e1c\u8def83\u53f7", "category": "\u8c46\u6d46\u673a", "ground": "PP,PE,ABS,PC,POM", "money": 100, "name": "\u4f59\u59da\u5e02\u6e90\u7389\u946b\u5851\u5316\u6709\u9650\u516c\u53f8", "property": "\u5c0f\u5fae\u4f01\u4e1a"}, {"address": "\u6d59\u6c5f\u7701\u5b81\u6ce2\u5e02\u4f59\u59da\u5e02\u5851\u6599\u57ceF\u533a3\u5e62201\u5ba4", "category": "\u8c46\u6d46\u673a", "ground": "\u805a\u7532\u919b,\u5c3c\u9f99,PPS,ABS,PC", "money": 100, "name": "\u4f59\u59da\u5e02\u6c38\u7131\u8d38\u6613\u6709\u9650\u516c\u53f8", "property": "\u5c0f\u5fae\u4f01\u4e1a"}, {"address": "\u6d59\u6c5f\u7701\u5b81\u6ce2\u5e02\u4f59\u59da\u5e02\u4e2d\u56fd\u5851\u6599\u57ceZ-1809", "category": "\u8c46\u6d46\u673a", "ground": "ABS,PP,PE", "money": 100, "name": "\u5b81\u6ce2\u8d64\u8bda\u5851\u6599\u6709\u9650\u516c\u53f8", "property": "\u5c0f\u5fae\u4f01\u4e1a"}, {"address": "\u6d59\u6c5f\u7701\u5b81\u6ce2\u5e02\u4f59\u59da\u5e02\u4e2d\u5851\u4e16\u7eaa\u5927\u53a61\u5e621718\u5ba4", "category": "\u8c46\u6d46\u673a", "ground": "PP,ABS,PC,PA66,HDPE", "money": 100, "name": "\u4f59\u59da\u5e02\u610f\u946b\u5851\u5316\u6709\u9650\u516c\u53f8", "property": "\u5c0f\u5fae\u4f01\u4e1a"}, {"address": "\u6d59\u6c5f\u7701\u5b81\u6ce2\u5e02\u4f59\u59da\u5e02\u821c\u8fbe\u897f\u8def285\u53f73\u5e622602", "category": "\u8c46\u6d46\u673a", "ground": "\u65e5\u672c\u97e9\u56fd\u5404\u7c7b\u65b0\u6599,\u518d\u751f\u6599,\u526f\u724c,\u5185\u5bb9\u6db5\u76d6PP,PE,ABS,PS,PC,MS,SAN,PA,PBT,PET,ETFE\u5404\u7c7b", "money": 100, "name": "\u70fd\u5ddd\u8fbe\uff08\u5b81\u6ce2\uff09\u8d38\u6613\u6709\u9650\u516c\u53f8", "property": "\u5c0f\u5fae\u4f01\u4e1a"}, {"address": "\u6d59\u6c5f\u7701\u5b81\u6ce2\u5e02\u4f59\u59da\u5e02\u4e2d\u56fd\u5851\u6599\u57ce\u65b0\u5efa\u5317\u8def492-12\u53f7", "category": "\u8c46\u6d46\u673a", "ground": "PC,PA,PP,ABS\u53ca\u5176\u5408\u91d1", "money": 100, "name": "\u5b81\u6ce2\u5408\u952e\u5851\u5316\u6709\u9650\u516c\u53f8", "property": "\u5c0f\u5fae\u4f01\u4e1a"}, {"address": "\u6d59\u6c5f\u7701\u5b81\u6ce2\u5e02\u4f59\u59da\u5e02\u4e2d\u56fd\u5851\u6599\u57ceA1-97", "category": "\u8c46\u6d46\u673a", "ground": "PA66,PA6,POM,PC,PMMA,PBT,PA12,PPS,ABS", "money": 100, "name": "\u4f59\u59da\u5e02\u5851\u661f\u65b0\u6750\u6599\u6709\u9650\u516c\u53f8", "property": "\u5c0f\u5fae\u4f01\u4e1a"}, {"address": "\u6d59\u6c5f\u7701\u5b81\u6ce2\u5e02\u4f59\u59da\u5e02\u4e2d\u56fd\u5851\u6599\u57ce\u56fd\u9645\u5546\u52a1\u4e2d\u5fc32\u5e62206\u5ba4", "category": "\u8c46\u6d46\u673a", "ground": "\u53f0\u5316PC/ABS,ASA,\u56fd\u4e54\u963b\u71c3ABS,\u56fd\u4e54\u9ad8\u80f6\u7c89,\u53f0\u5316PC/ASA", "money": 100, "name": "\u5b81\u6ce2\u6b23\u4ef0\u65b0\u6750\u6599\u6709\u9650\u516c\u53f8", "property": "\u5c0f\u5fae\u4f01\u4e1a"}, {"address": "\u6d59\u6c5f\u7701\u5b81\u6ce2\u5e02\u4f59\u59da\u5e02\u4e2d\u8fbe\u5546\u52a1\u697c\u56db\u697cA-470", "category": "\u8c46\u6d46\u673a", "ground": "\u8fdb\u51fa\u53e3\u539f\u6599POM,PP,PC,PA6/66,ABS,\u9632\u9759\u7535\u5851\u80f6", "money": 100, "name": "\u5b81\u6ce2\u9e3f\u714a\u5851\u5316\u6709\u9650\u516c\u53f8", "property": "\u5c0f\u5fae\u4f01\u4e1a"}, {"address": "\u6d59\u6c5f\u7701\u5b81\u6ce2\u5e02\u4f59\u59da\u5e02\u4e2d\u56fd\u5851\u6599\u57ceZ\u533a502", "category": "\u8c46\u6d46\u673a", "ground": "ABS,PC,PC/ABS,PA,PS", "money": 100, "name": "\u5b81\u6ce2\u535a\u6676\u65b0\u6750\u6599\u79d1\u6280\u6709\u9650\u516c\u53f8", "property": ""}, {"address": "\u6d59\u6c5f\u7701\u5b81\u6ce2\u5e02\u5b81\u6d77\u53bf\u6865\u5934\u80e1\u8857\u9053\u4e09\u7701\u4e1c\u8def15\u53f7\u6885\u6865\u5de5\u4e1a\u56ed\u533a12C (\u81ea\u4e3b\u7533\u62a5\u5de5\u6539\u5546)", "category": "\u8c46\u6d46\u673a", "ground": "ABS,AS,PS,PP,PE,PET,EVA,PC,POM,PA6", "money": 100, "name": "\u5b81\u6ce2\u88d5\u548c\u8fdb\u51fa\u53e3\u6709\u9650\u516c\u53f8", "property": "\u5c0f\u5fae\u4f01\u4e1a"}, {"address": "\u6d59\u6c5f\u7701\u5b81\u6ce2\u5e02\u4f59\u59da\u5e02\u5851\u6599\u57ce6\u531727-28\u53f7", "category": "\u8c46\u6d46\u673a", "ground": "PP,AS,HIPS,GPPS,PC,PA,PMMA,HDPE,ABS", "money": 50, "name": "\u4f59\u59da\u5e02\u5efa\u658c\u5851\u5316\u6709\u9650\u516c\u53f8", "property": "\u5c0f\u5fae\u4f01\u4e1a"}, {"address": "\u6d59\u6c5f\u7701\u5b81\u6ce2\u5e02\u4f59\u59da\u5e02\u4e2d\u56fd\u5851\u6599\u57ceA-40", "category": "\u8c46\u6d46\u673a", "ground": "\u589e\u5f3a\u805a\u4e19\u7a00,PA,\u963b\u71c3\u5404\u8272ABS,\u9ed1\u8272ABS,\u963b\u71c3\u805a\u4e19\u7a00,PC,\u5404\u8272\u65b0\u6599", "money": 50, "name": "\u4f59\u59da\u5e02\u7acb\u91d1\u5851\u4e1a\u6709\u9650\u516c\u53f8", "property": "\u5c0f\u5fae\u4f01\u4e1a"}, {"address": "\u6d59\u6c5f\u7701\u5b81\u6ce2\u5e02\u4f59\u59da\u5e02\u4e2d\u56fd\u5851\u6599\u57ceF\u533a4\u5e62105\u53f7", "category": "\u8c46\u6d46\u673a", "ground": "\u73af\u4fdd\u963b\u71c3HIPS\u65b0\u6599,\u672c\u8272HIPS,\u949b\u767dHIPS\u7b49,\u5b9a\u62c9\u5404\u79cdHIPS,\u672c\u8272ABS", "money": 50, "name": "\u4f59\u59da\u5e02\u91d1\u6210\u5316\u5de5\u6709\u9650\u516c\u53f8", "property": "\u5c0f\u5fae\u4f01\u4e1a"}, {"address": "\u6d59\u6c5f\u7701\u5b81\u6ce2\u5e02\u4f59\u59da\u5e02\u4e2d\u56fd\u5851\u6599\u57ce\u5546\u52a1\u697c116\u5ba4", "category": "\u8c46\u6d46\u673a", "ground": "ABS,PP,PE,PA", "money": 50, "name": "\u4f59\u59da\u5e02\u4e45\u6b23\u5851\u5316\u6709\u9650\u516c\u53f8", "property": "\u5c0f\u5fae\u4f01\u4e1a"}, {"address": "\u6d59\u6c5f\u7701\u5b81\u6ce2\u5e02\u4f59\u59da\u5e02\u5851\u6599\u57ceA24\uff08\u65b0\u5947\u7f8e\u5bf9\u9762\uff09", "category": "\u8c46\u6d46\u673a", "ground": "ABS,PP,PC", "money": 50, "name": "\u4f59\u59da\u5e02\u6377\u4f73\u8d38\u6613\u6709\u9650\u516c\u53f8", "property": "\u5c0f\u5fae\u4f01\u4e1a"}, {"address": "\u6d59\u6c5f\u7701\u5b81\u6ce2\u5e02\u4f59\u59da\u5e02\u4e2d\u56fd\u5851\u6599\u57ce\u56fd\u9645\u5546\u52a1\u4e2d\u5fc31\u53f7\u697c352\u53f7", "category": "\u8c46\u6d46\u673a", "ground": "PPO,PBT,PC,PC/ABS", "money": 50, "name": "\u4f59\u59da\u5e02\u5353\u701a\u5851\u5316\u6709\u9650\u516c\u53f8", "property": "\u5c0f\u5fae\u4f01\u4e1a"}, {"address": "\u6d59\u6c5f\u7701\u5b81\u6ce2\u5e02\u4f59\u59da\u5e02\u65b0\u5efa\u5317\u8def425\u53f7\u4e2d\u5851\u4e16\u7eaa\u5927\u53a61\u5e62716\u5ba4", "category": "\u8c46\u6d46\u673a", "ground": "PPS,PA6,ABS", "money": 50, "name": "\u4f59\u59da\u5e02\u5de8\u6e90\u5851\u5316\u6709\u9650\u516c\u53f8", "property": "\u5c0f\u5fae\u4f01\u4e1a"}, {"address": "\u6d59\u6c5f\u7701\u5b81\u6ce2\u5e02\u4f59\u59da\u5e02\u4f59\u59da\u4e2d\u56fd\u5851\u6599\u57ceZ-902B", "category": "\u8c46\u6d46\u673a", "ground": "PC,PC/ABS,PCTA,PA,PET", "money": 50, "name": "\u4f59\u59da\u5e02\u4f73\u8054\u5851\u5316\u6709\u9650\u516c\u53f8", "property": "\u5c0f\u5fae\u4f01\u4e1a"}, {"address": "\u6d59\u6c5f\u7701\u5b81\u6ce2\u5e02\u4f59\u59da\u5e02\u4e2d\u56fd\u5851\u6599\u57ce\u5851\u673a\u4ea4\u6613\u533a\u516d\u53f7\u697c\u5317-30\u53f7", "category": "\u8c46\u6d46\u673a", "ground": "PP\u963b\u71c3\u5242,PP\u963b\u71c3\u6bcd\u7c92,PP\u963b\u71c3\u6599,PC\u963b\u71c3\u6bcd\u7c92,PS\u963b\u71c3\u6bcd\u7c92,ABS\u963b\u71c3\u6bcd\u7c92,PE\u963b\u71c3\u6bcd\u7c92,PA\u963b\u71c3\u6bcd\u7c92,PP\u589e\u5f3a\u589e\u97e7\u6599,\u8272\u6bcd\u7c92,\u5851\u80f6\u539f\u6750\u6599", "money": 50, "name": "\u4f59\u59da\u5e02\u6c38\u6d69\u5851\u80f6\u6709\u9650\u516c\u53f8", "property": "\u5c0f\u5fae\u4f01\u4e1a"}, {"address": "\u6d59\u6c5f\u7701\u5b81\u6ce2\u5e02\u4f59\u59da\u5e02\u4f59\u59da\u4e2d\u56fd\u5851\u6599\u57ce\u56fd\u9645\u5546\u52a1\u4e2d\u5fc31\u53f7\u697c206\u5ba4\uff08\u4f1a\u5c55\u4e2d\u5fc3\u5bf9\u9762\uff09", "category": "\u8c46\u6d46\u673a", "ground": "PE,PP,ABS,PS\u7b49", "money": 40, "name": "\u4f59\u59da\u5e02\u529b\u6052\u5851\u5316\u6709\u9650\u516c\u53f8", "property": "\u5c0f\u5fae\u4f01\u4e1a"}, {"address": "\u6d59\u6c5f\u7701\u5b81\u6ce2\u5e02\u4f59\u59da\u5e02\u5851\u6599\u57ceZ\u533a708A(\u82b1\u575b\u65c1)", "category": "\u8c46\u6d46\u673a", "ground": "hdpe,ldpe,abs,pp", "money": 20, "name": "\u4f59\u59da\u5e02\u6df1\u62d3\u5851\u5316\u6709\u9650\u516c\u53f8", "property": "\u5c0f\u5fae\u4f01\u4e1a"}]