[{"address": "\u6c5f\u82cf\u7701\u5357\u4eac\u5e02\u6c5f\u5b81\u533a\u6e56\u719f\u5de5\u4e1a\u56ed337\u7701\u9053", "category": "\u65e9\u9910\u673a", "ground": "\u6539\u6027PP,ABS,PA,PC/ABS,PS\u7b49", "money": 500, "name": "\u5357\u4eac\u5851\u714c\u65b0\u6750\u6599\u79d1\u6280\u6709\u9650\u516c\u53f8", "property": "\u5c0f\u5fae\u4f01\u4e1a \u521b\u65b0\u578b\u4e2d\u5c0f\u4f01\u4e1a"}, {"address": "\u6c5f\u82cf\u7701\u5357\u4eac\u5e02\u6816\u971e\u533a\u71d5\u57ce\u5927\u90531\u53f7\u4f9d\u4e91\u534e\u5e9cA-03\u5e621602\u5ba4", "category": "\u65e9\u9910\u673a", "ground": "ABS,PP,HIPS,PC,GPPS", "money": 500, "name": "\u5357\u4eac\u7ef4\u4eac\u5851\u4e1a\u6709\u9650\u516c\u53f8", "property": "\u5c0f\u5fae\u4f01\u4e1a"}, {"address": "\u6c5f\u82cf\u7701\u5357\u4eac\u5e02\u9ad8\u65b0\u6280\u672f\u5f00\u53d1\u533a\u521b\u4e1a\u8def6\u53f7", "category": "\u65e9\u9910\u673a", "ground": "PA66,PA6,PP,PBT,PC,ABS", "money": 0, "name": "\u5357\u4eac\u805a\u9686\u79d1\u6280\u80a1\u4efd\u6709\u9650\u516c\u53f8", "property": ""}]