[{"address": "\u6c5f\u82cf\u7701\u5357\u4eac\u5e02\u6c5f\u5b81\u533a\u6e56\u719f\u5de5\u4e1a\u533a", "category": "\u8c46\u6d46\u673a", "ground": "\u6ce8\u5851\u52a0\u5de5", "money": 2400, "name": "\u5357\u4eac\u91d1\u57ce\u5851\u80f6\u6709\u9650\u516c\u53f8", "property": "\u5c0f\u5fae\u4f01\u4e1a \u56fd\u6709\u63a7\u80a1\u4f01\u4e1a"}, {"address": "\u6c5f\u82cf\u7701\u5357\u4eac\u5e02\u6ea7\u6c34\u53bf\u4e1c\u5c4f\u9547", "category": "\u8c46\u6d46\u673a", "ground": "\u5851\u6599\u52a0\u5de5,\u6ce8\u5851\u52a0\u5de5", "money": 51, "name": "\u5357\u4eac\u7a0b\u82b3\u5851\u4e1a\u6709\u9650\u516c\u53f8", "property": "\u5c0f\u5fae\u4f01\u4e1a"}, {"address": "\u6c5f\u82cf\u7701\u5357\u4eac\u5e02\u767e\u6c34\u6865\u5de5\u4e1a\u56ed", "category": "\u8c46\u6d46\u673a", "ground": "\u6ce8\u5851\u52a0\u5de5", "money": 51, "name": "\u5357\u4eac\u52b3\u6765\u798f\u5851\u6599\u5236\u54c1\u6709\u9650\u516c\u53f8", "property": "\u5c0f\u5fae\u4f01\u4e1a"}]