[{"address": "\u6d59\u6c5f\u7701\u5b81\u6ce2\u5e02\u6d77\u66d9\u533a\u836f\u884c\u885742\u53f7\u94f6\u4ebf\u73af\u7403\u4e2d\u5fc3B\u5ea71004\u5ba4", "category": "\u7a7a\u6c14\u70b8\u9505", "ground": "PS,ABS,PP", "money": 3000, "name": "\u5b81\u6ce2\u5e02\u6caa\u534e\u7269\u4ea7\u6709\u9650\u516c\u53f8", "property": "\u5c0f\u5fae\u4f01\u4e1a"}, {"address": "\u6d59\u6c5f\u7701\u5b81\u6ce2\u5e02\u4f59\u59da\u5e02\u4e2d\u56fd\u5851\u6599\u57ce\u821c\u8fbe\u897f\u8def285\u53f7\u56fd\u9645\u5546\u52a1\u4e2d\u5fc31\u5e62213-1-2", "category": "\u7a7a\u6c14\u70b8\u9505", "ground": "ABS,ASA,AS,PS,PP,PMMA,PC,POM,Q\u80f6,MS\u7b49\u5851\u6599\u7684\u8fdb\u53e3\u53ca\u9500\u552e", "money": 1000, "name": "\u6d59\u6c5f\u524d\u6d6a\u8fdb\u51fa\u53e3\u6709\u9650\u516c\u53f8", "property": ""}, {"address": "\u6d59\u6c5f\u7701\u5b81\u6ce2\u5e02\u4f59\u59da\u5e02\u56fd\u9645\u5546\u52a1\u4e2d\u5fc3\u4e8c\u53f7\u697c1703", "category": "\u7a7a\u6c14\u70b8\u9505", "ground": "ABS,PP,PE,POM,PMMA", "money": 1000, "name": "\u6d59\u6c5f\u4ebf\u5954\u65b0\u6750\u6599\u6709\u9650\u516c\u53f8", "property": "\u5c0f\u5fae\u4f01\u4e1a"}, {"address": "\u6d59\u6c5f\u7701\u5b81\u6ce2\u5e02\u6148\u6eaa\u5e02\u5321\u5830\u9547\u5c55\u817e\u8def239\u53f7", "category": "\u7a7a\u6c14\u70b8\u9505", "ground": "PC\u518d\u751f\u7c92\u5b50,\u526f\u724c\u7c92\u5b50,ABS\u518d\u751f\u7c92\u5b50", "money": 1000, "name": "\u5b81\u6ce2\u8fdc\u6c5f\u65b0\u6750\u6599\u6709\u9650\u516c\u53f8", "property": "\u5c0f\u5fae\u4f01\u4e1a"}, {"address": "\u6d59\u6c5f\u7701\u5b81\u6ce2\u5e02\u4f59\u59da\u5e02\u4e2d\u56fd\u5851\u6599\u57ceE-28", "category": "\u7a7a\u6c14\u70b8\u9505", "ground": "ABS,PP,PE,PS,PC", "money": 500, "name": "\u5b81\u6ce2\u5929\u4f73\u65f6\u8fdb\u51fa\u53e3\u6709\u9650\u516c\u53f8", "property": "\u5c0f\u5fae\u4f01\u4e1a"}, {"address": "\u6d59\u6c5f\u7701\u5b81\u6ce2\u5e02\u4f59\u59da\u5e02\u4e2d\u56fd\u5851\u6599\u57ce\u56fd\u9645\u5546\u52a1\u4e2d\u5fc31\u5e62309", "category": "\u7a7a\u6c14\u70b8\u9505", "ground": "ABS,PP,PE,PVC,PC,PA", "money": 500, "name": "\u5b81\u6ce2\u6c38\u7ef4\u8fdb\u51fa\u53e3\u6709\u9650\u516c\u53f8", "property": "\u5c0f\u5fae\u4f01\u4e1a"}, {"address": "\u6d59\u6c5f\u7701\u5b81\u6ce2\u5e02\u4f59\u59da\u5e02\u4e2d\u56fd\u5851\u6599\u57ce\u65b0\u5efa\u5317\u8def304\u53f7", "category": "\u7a7a\u6c14\u70b8\u9505", "ground": "TPU,TPE,PC/ABS,PC\u5408\u91d1", "money": 291, "name": "\u5b81\u6ce2\u660a\u4e1a\u9ad8\u5206\u5b50\u6750\u6599\u6709\u9650\u516c\u53f8", "property": "\u5c0f\u5fae\u4f01\u4e1a"}, {"address": "\u6d59\u6c5f\u7701\u5b81\u6ce2\u5e02\u4f59\u59da\u5e02\u4e2d\u56fd\u5851\u6599\u57ceZ\u533a322\u53f7", "category": "\u7a7a\u6c14\u70b8\u9505", "ground": "ABS,AS,PA,PC,PS,PP,PE", "money": 280, "name": "\u4f59\u59da\u5e02\u4e2d\u76ca\u7f8e\u5851\u5316\u6709\u9650\u516c\u53f8", "property": ""}, {"address": "\u6d59\u6c5f\u7701\u5b81\u6ce2\u5e02\u4f59\u59da\u5e02\u4e2d\u56fd\u5851\u6599\u57ceA1-55\u53f7", "category": "\u7a7a\u6c14\u70b8\u9505", "ground": "\u589e\u5f3aPC,\u900f\u660e\u963b\u71c3PC,\u963b\u71c3\u5408\u91d1,\u589e\u5f3a\u963b\u71c3PC,\u589e\u5f3a\u963b\u71c3PET,\u914d\u8272PC,\u9ad8\u6e29PC,\u8010\u4f4e\u6e29PC,\u7ea2\u5916\u7ebf\u7a7f\u900fPC,\u677f\u6750\u7ea7PC,\u539f\u5382\u6807\u51c6\u9ed1PC,PC/PBT,PC/PET,PC/ASA,PMMA/ABS\u9ad8\u5149,\u5149\u6269\u6563PMMA,\u900f\u660eABS,MS,ABS\u7b49\u5de5\u7a0b\u5851\u6599", "money": 200, "name": "\u5b81\u6ce2\u660a\u96f7\u8fdb\u51fa\u53e3\u6709\u9650\u516c\u53f8", "property": "\u5c0f\u5fae\u4f01\u4e1a"}, {"address": "\u6d59\u6c5f\u7701\u5b81\u6ce2\u5e02\u4f59\u59da\u5e02\u51e4\u5c71\u8857\u9053\u65b0\u5efa\u5317\u8def515-6\u53f7", "category": "\u7a7a\u6c14\u70b8\u9505", "ground": "ABS,PP,PE,PA,POM,PC", "money": 200, "name": "\u5b81\u6ce2\u9526\u5448\u65b0\u6750\u6599\u6709\u9650\u516c\u53f8", "property": "\u5c0f\u5fae\u4f01\u4e1a"}, {"address": "\u6d59\u6c5f\u7701\u5b81\u6ce2\u5e02\u4f59\u59da\u5e02\u4e2d\u5851\u56fd\u9645\u5546\u52a1\u4e2d\u5fc32\u53f7\u697c1102\u5ba4", "category": "\u7a7a\u6c14\u70b8\u9505", "ground": "LDPE,HDPE,LLDPE,PP,ABS", "money": 100, "name": "\u4f59\u59da\u5e02\u5f00\u805a\u8d38\u6613\u6709\u9650\u516c\u53f8", "property": "\u5c0f\u5fae\u4f01\u4e1a"}, {"address": "\u6d59\u6c5f\u7701\u5b81\u6ce2\u5e02\u4f59\u59da\u5e02\u4e2d\u56fd\u5851\u6599\u57ce\u56fd\u9645\u5546\u52a1\u4e2d\u5fc33\u53f7\u697c402-1\u5ba4", "category": "\u7a7a\u6c14\u70b8\u9505", "ground": "HDPE,PP,LLDPE,ABS,GPPS", "money": 100, "name": "\u5b81\u6ce2\u5e0c\u71c3\u8d38\u6613\u6709\u9650\u516c\u53f8", "property": "\u5c0f\u5fae\u4f01\u4e1a"}, {"address": "\u6d59\u6c5f\u7701\u5b81\u6ce2\u5e02\u4f59\u59da\u5e02\u821c\u6c47\u4e1c\u8def188-303", "category": "\u7a7a\u6c14\u70b8\u9505", "ground": "ABS,PE,PP,LDPE,LLDPE", "money": 100, "name": "\u5b81\u6ce2\u6cf0\u535a\u65b0\u6750\u6599\u6709\u9650\u516c\u53f8", "property": "\u5c0f\u5fae\u4f01\u4e1a"}, {"address": "\u6d59\u6c5f\u7701\u5b81\u6ce2\u5e02\u4f59\u59da\u5e02\u4e2d\u56fd\u5851\u6599\u57ce\u4e2d\u5fc3\u4ea4\u6613\u533af2-307", "category": "\u7a7a\u6c14\u70b8\u9505", "ground": "PP,ABS,PE", "money": 100, "name": "\u4f59\u59da\u5e02\u6770\u8d85\u5851\u5316\u5546\u884c", "property": ""}, {"address": "\u6d59\u6c5f\u7701\u5b81\u6ce2\u5e02\u4f59\u59da\u5e02\u51e4\u5c71\u8857\u9053\u5851\u6599\u57ceA\u5e622\u53f7", "category": "\u7a7a\u6c14\u70b8\u9505", "ground": "PA6,PA66,\u589e\u5f3aPA6,PA66,\u963b\u71c3PA6,PA66,\u589e\u5f3a\u6539\u6027PP,ABS,PP", "money": 100, "name": "\u5b81\u6ce2\u6717\u9e23\u5851\u5316\u6709\u9650\u516c\u53f8", "property": "\u5c0f\u5fae\u4f01\u4e1a"}, {"address": "\u6d59\u6c5f\u7701\u5b81\u6ce2\u5e02\u6148\u6eaa\u5e02\u89c2\u6d77\u536b\u5851\u6599\u57ce\u5851\u6599\u57ce\u5357\u8def19\u53f7", "category": "\u7a7a\u6c14\u70b8\u9505", "ground": "ABS,AS,PS,PP,PC,PE", "money": 100, "name": "\u6148\u6eaa\u5e02\u60e0\u76db\u5546\u8d38\u6709\u9650\u516c\u53f8", "property": "\u5c0f\u5fae\u4f01\u4e1a"}, {"address": "\u6d59\u6c5f\u7701\u5b81\u6ce2\u5e02\u4f59\u59da\u5e02\u4e2d\u56fd\u5851\u6599\u57ce\u8def\u4e1c1-16-5\u53f7", "category": "\u7a7a\u6c14\u70b8\u9505", "ground": "PP,HDPE,ABS,AS,POE,POM,PC/KJ,LDPE,PVC", "money": 50, "name": "\u4f59\u59da\u5e02\u65b9\u821f\u5851\u5316\u6709\u9650\u516c\u53f8", "property": "\u5c0f\u5fae\u4f01\u4e1a"}, {"address": "\u6d59\u6c5f\u7701\u5b81\u6ce2\u5e02\u4f59\u59da\u5e02\u4e2d\u56fd\u5851\u6599\u57ce\u65b0\u5efa\u5317\u8def438-1\u53f7", "category": "\u7a7a\u6c14\u70b8\u9505", "ground": "ABS,PP,PE", "money": 50, "name": "\u4f59\u59da\u5e02\u65b0\u4e00\u4ee3\u91d1\u6865\u5851\u6599\u6709\u9650\u516c\u53f8", "property": "\u5c0f\u5fae\u4f01\u4e1a"}, {"address": "\u6d59\u6c5f\u7701\u5b81\u6ce2\u5e02\u4f59\u59da\u5e02\u4e2d\u56fd\u5851\u6599\u57ce\u4e2d\u5fc3\u4ea4\u6613\u533aF\u533a1\u5e62201\u5ba4", "category": "\u7a7a\u6c14\u70b8\u9505", "ground": "PPS,PA66,POM,PET,PBT,PSU,PPA,PMMA,ABS\u7b49", "money": 50, "name": "\u4f59\u59da\u5e02\u6052\u8fdc\u5851\u5316\u6709\u9650\u516c\u53f8", "property": "\u5c0f\u5fae\u4f01\u4e1a"}, {"address": "\u6d59\u6c5f\u7701\u5b81\u6ce2\u5e02\u4f59\u59da\u5e02\u4e2d\u56fd\u5851\u6599\u57ceC-12\u53f7 (\u4ed3\u5e93\u56db\u6d773\u53f7\uff09", "category": "\u7a7a\u6c14\u70b8\u9505", "ground": "ABS\uff0cPC", "money": 50, "name": "\u4f59\u59da\u5e02\u5e7f\u5e86\u8d38\u6613\u6709\u9650\u516c\u53f8", "property": "\u5c0f\u5fae\u4f01\u4e1a"}, {"address": "\u6d59\u6c5f\u7701\u5b81\u6ce2\u5e02\u4f59\u59da\u5e02\u4e2d\u56fd\u5851\u6599\u57ceF4-121\u53f7", "category": "\u7a7a\u6c14\u70b8\u9505", "ground": "ABS", "money": 50, "name": "\u4f59\u59da\u5e02\u6c38\u8fbe\u5851\u5316\u6709\u9650\u516c\u53f8", "property": "\u5c0f\u5fae\u4f01\u4e1a"}, {"address": "\u6d59\u6c5f\u7701\u5b81\u6ce2\u5e02\u4f59\u59da\u5e02\u4f59\u59da\u4e2d\u56fd\u5851\u6599\u57ce2-47\u53f7", "category": "\u7a7a\u6c14\u70b8\u9505", "ground": "ABS,PP,PE,PC,PA", "money": 50, "name": "\u4f59\u59da\u5e02\u821c\u7fd4\u8d38\u6613\u6709\u9650\u516c\u53f8", "property": "\u5c0f\u5fae\u4f01\u4e1a"}, {"address": "\u6d59\u6c5f\u7701\u5b81\u6ce2\u5e02\u4f59\u59da\u5e02\u5851\u6599\u57ceZ\u533a1201\u53f7 \u5382\u5740\uff1a\u5c0f\u66f9\u5a25\u5de5\u4e1a\u533a\u6ee8\u6d77\u65b0\u57ce", "category": "\u7a7a\u6c14\u70b8\u9505", "ground": "ABS,PP,HIPS,GPPS,AS", "money": 50, "name": "\u4f59\u59da\u5e02\u987a\u5149\u5851\u5316\u6709\u9650\u516c\u53f8", "property": "\u5c0f\u5fae\u4f01\u4e1a"}, {"address": "\u6d59\u6c5f\u7701\u5b81\u6ce2\u5e02\u4f59\u59da\u5e02\u5851\u6599\u57ceA1\u5e6222\u53f7(\u81ea\u4e3b\u7533\u62a5)", "category": "\u7a7a\u6c14\u70b8\u9505", "ground": "PC,ABS,PP", "money": 50, "name": "\u4f59\u59da\u5e02\u91d1\u6cc9\u5851\u5316\u6709\u9650\u516c\u53f8", "property": "\u5c0f\u5fae\u4f01\u4e1a"}, {"address": "\u6d59\u6c5f\u7701\u5b81\u6ce2\u5e02\u4f59\u59da\u5e02\u4e2d\u56fd\u5851\u6599\u57ceA1-10\u53f7", "category": "\u7a7a\u6c14\u70b8\u9505", "ground": "ABS,PP,PS,PC,PE", "money": 50, "name": "\u4f59\u59da\u5e02\u91d1\u6cf0\u5851\u6599\u7269\u8d44\u6709\u9650\u516c\u53f8", "property": "\u5c0f\u5fae\u4f01\u4e1a"}, {"address": "\u6d59\u6c5f\u7701\u5b81\u6ce2\u5e02\u4f59\u59da\u5e02\u5851\u6599\u57ceF2-109\u53f7", "category": "\u7a7a\u6c14\u70b8\u9505", "ground": "ABS,AS,PP,PE,PS,EVA,PA\u7b49\u5851\u6599\u539f\u6599\u53ca\u518d\u751f\u6599", "money": 30, "name": "\u4f59\u59da\u5e02\u805a\u6052\u8d38\u6613\u6709\u9650\u516c\u53f8", "property": "\u5c0f\u5fae\u4f01\u4e1a"}, {"address": "\u6d59\u6c5f\u7701\u5b81\u6ce2\u5e02\u4f59\u59da\u5e02\u4e2d\u56fd\u5851\u6599\u57ce\u821c\u8fbe\u897f\u8def285\u53f7\u30101\u53f7\u697c\u30112\u697c203\u5ba4\u3010\u5c55\u89c8\u9986\u5bf9\u9762\u3011", "category": "\u7a7a\u6c14\u70b8\u9505", "ground": "ABS,PA,PC,POM", "money": 20, "name": "\u4f59\u59da\u5e02\u701a\u6d9b\u8d38\u6613\u6709\u9650\u516c\u53f8", "property": "\u5c0f\u5fae\u4f01\u4e1a"}, {"address": "\u6d59\u6c5f\u7701\u5b81\u6ce2\u5e02\u4f59\u59da\u5e02\u5851\u6599\u57ceB-15\u53f7", "category": "\u7a7a\u6c14\u70b8\u9505", "ground": "PP,ABS", "money": 10, "name": "\u4f59\u59da\u5e02\u5c55\u6b23\u5851\u5316\u5546\u884c", "property": "\u5c0f\u5fae\u4f01\u4e1a"}]