[{"address": "\u6d59\u6c5f\u7701\u5b81\u6ce2\u5e02\u4f59\u59da\u5e02\u821c\u6c47\u4e1c\u8def38\u53f7", "category": "\u7535\u84b8\u9505", "ground": "ABS,AS,PS,PP,\u5de5\u7a0b\u5851\u6599", "money": 2000, "name": "\u6d59\u6c5f\u6676\u5706\u6750\u6599\u79d1\u6280\u6709\u9650\u516c\u53f8", "property": "\u5c0f\u5fae\u4f01\u4e1a"}, {"address": "\u6d59\u6c5f\u7701\u5b81\u6ce2\u5e02\u911e\u5dde\u533a\u911e\u53bf\u5927\u9053\u4e0b\u5e94\u6bb51333\u53f7\u911e\u5dde\u6c47\u805a\u7269\u8d44\u4ea4\u6613\u5e02\u573a2-109", "category": "\u7535\u84b8\u9505", "ground": "PP,PE,ABS,LDPE,HDPE", "money": 1000, "name": "\u5b81\u6ce2\u5927\u79cb\u77f3\u5316\u6709\u9650\u516c\u53f8", "property": "\u5c0f\u5fae\u4f01\u4e1a"}, {"address": "\u6d59\u6c5f\u7701\u5b81\u6ce2\u5e02\u4f59\u59da\u5e02\u8fbe\u897f\u8def275\u53f72\u53f7\u697c", "category": "\u7535\u84b8\u9505", "ground": "ABS,PC,POM,PBT,PA6/66,PP,PC/ABS,PEI,PEEK", "money": 1000, "name": "\u6d59\u6c5f\u7701\u6c81\u822a\u8fdb\u51fa\u53e3\u6709\u9650\u516c\u53f8", "property": ""}, {"address": "\u6d59\u6c5f\u7701\u5b81\u6ce2\u5e02\u4f59\u59da\u5e02\u4e2d\u56fd\u5851\u6599\u57ce2-24\u53f7", "category": "\u7535\u84b8\u9505", "ground": "ABS,AS,PS\u7cfb\u5217,PP\u7cfb\u5217,PE\u7cfb\u5217,PC,PVC,EVA,PA6\u7b49", "money": 500, "name": "\u4f59\u59da\u5e02\u5927\u4e30\u77f3\u5316\u6709\u9650\u516c\u53f8", "property": "\u5c0f\u5fae\u4f01\u4e1a"}, {"address": "\u6d59\u6c5f\u7701\u5b81\u6ce2\u5e02\u4f59\u59da\u5e02\u51e4\u5c71\u8857\u9053\u4e2d\u56fd\u5851\u6599\u57ceF2-308", "category": "\u7535\u84b8\u9505", "ground": "ABS,PC,PP,PC/ABS,POK,PFA", "money": 500, "name": "\u6d59\u6c5f\u5b81\u6ce2\u821c\u76ca\u5851\u5316\u6709\u9650\u516c\u53f8", "property": "\u5c0f\u5fae\u4f01\u4e1a"}, {"address": "\u6d59\u6c5f\u7701\u5b81\u6ce2\u5e02\u4f59\u59da\u5e02\u4e2d\u56fd\u5851\u6599\u57ce4-17", "category": "\u7535\u84b8\u9505", "ground": "PP,PE,ABS,PS", "money": 200, "name": "\u5b81\u6ce2\u7eb3\u946b\u56fd\u9645\u8d38\u6613\u6709\u9650\u516c\u53f8", "property": "\u5c0f\u5fae\u4f01\u4e1a"}, {"address": "\u6d59\u6c5f\u7701\u5b81\u6ce2\u5e02\u4f59\u59da\u5e02\u4e2d\u56fd\u5851\u6599\u57ce\u821c\u6c47\u4e1c\u8def160\u53f7", "category": "\u7535\u84b8\u9505", "ground": "PP,PE,ABS", "money": 168, "name": "\u4f59\u59da\u5e02\u540d\u822a\u8d38\u6613\u6709\u9650\u516c\u53f8", "property": "\u5c0f\u5fae\u4f01\u4e1a"}, {"address": "\u6d59\u6c5f\u7701\u5b81\u6ce2\u5e02\u4f59\u59da\u5e02\u4e2d\u56fd\u5851\u6599\u57ce\u4e2d\u5851\u4e16\u7eaa\u5927\u53a61\u5e62105\u5ba4", "category": "\u7535\u84b8\u9505", "ground": "PA6,PA66,PC,ABS,PP,PE\u7b49", "money": 100, "name": "\u4f59\u59da\u5e02\u4e9a\u4e50\u5de5\u7a0b\u5851\u6599\u6709\u9650\u516c\u53f8", "property": "\u5c0f\u5fae\u4f01\u4e1a"}, {"address": "\u6d59\u6c5f\u7701\u5b81\u6ce2\u5e02\u4f59\u59da\u5e02\u4e2d\u5851\u56fd\u9645\u5546\u52a1\u4e2d\u5fc33\u53f7\u697c405\u5ba4", "category": "\u7535\u84b8\u9505", "ground": "ABS,PP,HDPE", "money": 100, "name": "\u5b81\u6ce2\u5e02\u805a\u5854\u8fdb\u51fa\u53e3\u6709\u9650\u516c\u53f8", "property": "\u5c0f\u5fae\u4f01\u4e1a"}, {"address": "\u6d59\u6c5f\u7701\u5b81\u6ce2\u5e02\u4f59\u59da\u5e02\u4e2d\u56fd\u5851\u6599\u57ce\u56fd\u9645\u5546\u52a1\u4e2d\u5fc32\u53f7\u697c903\u5ba4", "category": "\u7535\u84b8\u9505", "ground": "HDPE,LDPE,LLDPE,GPPS,HIPS,ABS\u7b49", "money": 100, "name": "\u4f59\u59da\u5e02\u7279\u5851\u8d38\u6613\u6709\u9650\u516c\u53f8", "property": "\u5c0f\u5fae\u4f01\u4e1a"}, {"address": "\u6d59\u6c5f\u7701\u5b81\u6ce2\u5e02\u4f59\u59da\u5e02\u4e2d\u56fd\u5851\u6599\u57ceF1-209", "category": "\u7535\u84b8\u9505", "ground": "ABS,PC,PBT,PA6,PA66,PP,PE", "money": 100, "name": "\u4f59\u59da\u5e02\u9510\u521b\u5851\u6599\u8d38\u6613\u6709\u9650\u516c\u53f8", "property": "\u5c0f\u5fae\u4f01\u4e1a"}, {"address": "\u6d59\u6c5f\u7701\u5b81\u6ce2\u5e02\u6148\u6eaa\u5e02\u5b97\u6c49\u8857\u9053\u767e\u4e24\u6751\u5b97\u5174\u897f\u8def11\u53f7", "category": "\u7535\u84b8\u9505", "ground": "ABS,PC,PC+ABS,PBT,AS,POM,PP,PPS,PS,COP,WeChat\uff1a15988664400,PBAT,TPEE,PBS,PA,HIPS,GPPS,ASA,PMMA", "money": 100, "name": "\u5b81\u6ce2\u827e\u8d5b\u5a1c\u9632\u62a4\u79d1\u6280\u6709\u9650\u516c\u53f8", "property": "\u5c0f\u5fae\u4f01\u4e1a"}, {"address": "\u6d59\u6c5f\u7701\u5b81\u6ce2\u5e02\u4f59\u59da\u5e02\u4e2d\u56fd\u5851\u6599\u57ceF\u533aF2-203", "category": "\u7535\u84b8\u9505", "ground": "PP,PE,ABS,AS,PC,PA,PCTG", "money": 100, "name": "\u5b81\u6ce2\u91d1\u6052\u76db\u8fdb\u51fa\u53e3\u6709\u9650\u516c\u53f8", "property": "\u5c0f\u5fae\u4f01\u4e1a"}, {"address": "\u6d59\u6c5f\u7701\u5b81\u6ce2\u5e02\u4f59\u59da\u5e02\u4e2d\u56fd\u5851\u6599\u57ceZ-203-A\u53f7", "category": "\u7535\u84b8\u9505", "ground": "PA6,PA66,PVC,PP,PPR,ABS\u7b49\u5404\u79cd\u539f\u6599\u53ca\u518d\u751f\u6599", "money": 100, "name": "\u4f59\u59da\u5e02\u5353\u5c14\u5851\u5316\u6709\u9650\u516c\u53f8", "property": "\u5c0f\u5fae\u4f01\u4e1a"}, {"address": "\u6d59\u6c5f\u7701\u5b81\u6ce2\u5e02\u4f59\u59da\u5e02\u4e2d\u56fd\u5851\u6599\u57ceZ\u533a321\u53f7", "category": "\u7535\u84b8\u9505", "ground": "ABS", "money": 100, "name": "\u4f59\u59da\u9879\u5c1a\u8d38\u6613\u6709\u9650\u516c\u53f8", "property": "\u5c0f\u5fae\u4f01\u4e1a"}, {"address": "\u6d59\u6c5f\u7701\u5b81\u6ce2\u5e02\u4f59\u59da\u5e02\u5851\u6599\u57ceA-109", "category": "\u7535\u84b8\u9505", "ground": "PLA,PBAT,\u5168\u751f\u7269\u964d\u89e3\u6750\u6599,\u805a\u4e19\u70ef\u6210\u6838\u5242,\u589e\u5f3a,\u963b\u71c3\uff08ABS/PC/PP/PBT/PA)PC/ABS,ABS,PE,PP,PC", "money": 100, "name": "\u5b81\u6ce2\u535a\u805a\u65b0\u6750\u6599\u79d1\u6280\u6709\u9650\u516c\u53f8", "property": "\u5c0f\u5fae\u4f01\u4e1a"}, {"address": "\u6d59\u6c5f\u7701\u5b81\u6ce2\u5e02\u6d77\u66d9\u533a\u9ad8\u6865\u9547\u671b\u6c5f\u6751\u5de5\u4e1a\u533a\u7cbe\u8d85\u5851\u6599\u5382", "category": "\u7535\u84b8\u9505", "ground": "ABS,AS,\u9ad8\u80f6\u7c89", "money": 60, "name": "\u5b81\u6ce2\u5e02\u6c5f\u4e1c\u7965\u6d77\u5851\u5316\u6709\u9650\u516c\u53f8", "property": "\u5c0f\u5fae\u4f01\u4e1a"}, {"address": "\u6d59\u6c5f\u7701\u5b81\u6ce2\u5e02\u4f59\u59da\u5e02\u4e2d\u56fd\u5851\u6599\u57ceA1-105\u53f7", "category": "\u7535\u84b8\u9505", "ground": "ABS,POM,PC", "money": 50, "name": "\u4f59\u59da\u5e02\u7acb\u53d1\u5851\u5316\u6709\u9650\u516c\u53f8", "property": "\u5c0f\u5fae\u4f01\u4e1a"}, {"address": "\u6d59\u6c5f\u7701\u5b81\u6ce2\u5e02\u4f59\u59da\u5e02\u4f59\u59da\u4e2d\u56fd\u5851\u6599\u57ceA-48\u53f7", "category": "\u7535\u84b8\u9505", "ground": "ABS,PP", "money": 50, "name": "\u4f59\u59da\u5e02\u79d1\u9756\u5851\u5316\u6709\u9650\u516c\u53f8", "property": "\u5c0f\u5fae\u4f01\u4e1a"}, {"address": "\u6d59\u6c5f\u7701\u5b81\u6ce2\u5e02\u4f59\u59da\u5e02\u4e2d\u56fd\u5851\u6599\u57ceA-115\u53f7", "category": "\u7535\u84b8\u9505", "ground": "ABS", "money": 50, "name": "\u4f59\u59da\u5e02\u4e09\u5f3a\u5851\u5316\u6709\u9650\u516c\u53f8", "property": "\u5c0f\u5fae\u4f01\u4e1a"}, {"address": "\u6d59\u6c5f\u7701\u5b81\u6ce2\u5e02\u4f59\u59da\u5e02\u4e2d\u56fd\u5851\u6599\u57ceZ-1800\u53f7", "category": "\u7535\u84b8\u9505", "ground": "ABS,PC,PP,PE,PMMA", "money": 50, "name": "\u4f59\u59da\u5e02\u6fb3\u4f73\u8d38\u6613\u6709\u9650\u516c\u53f8", "property": "\u5c0f\u5fae\u4f01\u4e1a"}, {"address": "\u6d59\u6c5f\u7701\u5b81\u6ce2\u5e02\u4f59\u59da\u5e02\u4e2d\u56fd\u5851\u6599\u57ceA-72\u53f7", "category": "\u7535\u84b8\u9505", "ground": "ABS,PP,PC,HIPS,GPPS", "money": 50, "name": "\u4f59\u59da\u5e02\u7f8e\u665f\u5851\u5316\u6709\u9650\u516c\u53f8", "property": "\u5c0f\u5fae\u4f01\u4e1a"}, {"address": "\u6d59\u6c5f\u7701\u5b81\u6ce2\u5e02\u4f59\u59da\u5e02\u51e4\u5c71\u8857\u9053\u5851\u6599\u57ceA1-103\u53f7.", "category": "\u7535\u84b8\u9505", "ground": "ABS,PA\u65b0\u6750\u6599,PA\u6539\u6027\u5851\u6599,PP,PPS,PS,PPO,POM,PBT,PVC,TPR,PC", "money": 50, "name": "\u4f59\u59da\u5e02\u91d1\u4e5d\u5851\u5316\u6709\u9650\u516c\u53f8", "property": "\u5c0f\u5fae\u4f01\u4e1a"}, {"address": "\u6d59\u6c5f\u7701\u5b81\u6ce2\u5e02\u4f59\u59da\u5e02\u4e2d\u56fd\u5851\u6599\u57ce\u56fd\u9645\u5546\u52a1\u4e2d\u5fc32\u5e6222B02\u5ba4", "category": "\u7535\u84b8\u9505", "ground": "\u963b\u71c3PP,\u963b\u71c3PC,\u963b\u71c3PC/ABS,\u963b\u71c3ABS", "money": 50, "name": "\u4f59\u59da\u5e02\u9876\u597d\u5fb7\u8bfa\u5851\u5316\u6709\u9650\u516c\u53f8", "property": "\u5c0f\u5fae\u4f01\u4e1a"}, {"address": "\u6d59\u6c5f\u7701\u5b81\u6ce2\u5e02\u4f59\u59da\u5e02\u4f59\u59da\u4e2d\u56fd\u5851\u6599\u57ce\u56fd\u9645\u5546\u52a1\u4e2d\u5fc31\u5e62240\u5ba4", "category": "\u7535\u84b8\u9505", "ground": "ABS,PP,PE,PA,PC,PVC", "money": 50, "name": "\u4f59\u59da\u5e02\u7ea2\u8bfa\u5851\u5316\u6709\u9650\u516c\u53f8", "property": "\u5c0f\u5fae\u4f01\u4e1a"}, {"address": "\u6d59\u6c5f\u7701\u5b81\u6ce2\u5e02\u4f59\u59da\u5e02\u4e2d\u56fd\u5851\u6599\u57ceZ\u533a1406B\u53f7", "category": "\u7535\u84b8\u9505", "ground": "ABS,PP,PE,PC,PS,PVC", "money": 50, "name": "\u4f59\u59da\u5e02\u90a6\u677e\u5851\u5316\u6709\u9650\u516c\u53f8", "property": "\u5c0f\u5fae\u4f01\u4e1a"}, {"address": "\u6d59\u6c5f\u7701\u5b81\u6ce2\u5e02\u4f59\u59da\u5e02\u4e2d\u56fd\u5851\u6599\u57ceB-42", "category": "\u7535\u84b8\u9505", "ground": "\u5851\u6599\u539f\u6599,ABS,\u5851\u6599\u52a9\u5242", "money": 50, "name": "\u4f59\u59da\u5e02\u5fb7\u5ead\u5316\u5de5\u8d38\u6613\u6709\u9650\u516c\u53f8", "property": "\u5c0f\u5fae\u4f01\u4e1a"}, {"address": "\u6d59\u6c5f\u7701\u5b81\u6ce2\u5e02\u4f59\u59da\u5e02\u4e2d\u56fd\u5851\u6599\u57ceZ-420\u53f7", "category": "\u7535\u84b8\u9505", "ground": "PA6,PA66,PA1010,ABS,POM", "money": 50, "name": "\u4f59\u59da\u5e02\u8bda\u8d24\u5851\u5316\u6709\u9650\u516c\u53f8", "property": "\u5c0f\u5fae\u4f01\u4e1a"}, {"address": "\u6d59\u6c5f\u7701\u5b81\u6ce2\u5e02\u4f59\u59da\u5e02\u4f59\u59da\u4e2d\u56fd\u5851\u6599\u57ceZ\u533a106A", "category": "\u7535\u84b8\u9505", "ground": "\u6539\u6027PBT,\u6539\u6027PC/PBT,\u6297\u522e\u82b1PC,\u6539\u6027PC/ABS", "money": 50, "name": "\u5b81\u6ce2\u745e\u94b0\u65b0\u6750\u6599\u6709\u9650\u516c\u53f8", "property": "\u5c0f\u5fae\u4f01\u4e1a"}, {"address": "\u6d59\u6c5f\u7701\u5b81\u6ce2\u5e02\u4f59\u59da\u5e02\u4f59\u59da\u5851\u6599\u57ceA1-127", "category": "\u7535\u84b8\u9505", "ground": "PP,PE,ABS\u7b49\u56de\u6599", "money": 30, "name": "\u4f59\u59da\u5e02\u8363\u5b87\u5851\u6599\u6709\u9650\u516c\u53f8", "property": "\u5c0f\u5fae\u4f01\u4e1a"}, {"address": "\u6d59\u6c5f\u7701\u5b81\u6ce2\u5e02\u4f59\u59da\u5e02\u65b0\u5efa\u5317\u8def438\u53f7-35", "category": "\u7535\u84b8\u9505", "ground": "PVC,PBT,ABS", "money": 28, "name": "\u4f59\u59da\u5e02\u79d1\u98a2\u5851\u5316\u5546\u884c", "property": ""}]