[{"address": "\u6c5f\u82cf\u7701\u5e38\u5dde\u5e02\u65b0\u5317\u533a\u901a\u6c5f\u4e2d\u8def600\u53f75\u5e62123\u53f7", "category": "\u7a7a\u6c14\u70b8\u9505", "ground": "\u5c3c\u9f99,ABS,PP", "money": 51, "name": "\u5e38\u5dde\u5e02\u6625\u5c71\u5851\u6599\u6709\u9650\u516c\u53f8", "property": "\u5c0f\u5fae\u4f01\u4e1a"}, {"address": "\u6c5f\u82cf\u7701\u5e38\u5dde\u5e02\u949f\u697c\u533a\u5e38\u5dde\u65b0\u95f8\u9547\u65b0\u660c\u8def501\u53f7", "category": "\u7a7a\u6c14\u70b8\u9505", "ground": "ABS,PP,PC,PS,PMMA", "money": 50, "name": "\u5e38\u5dde\u7f57\u6797\u5851\u6599\u5236\u54c1\u6709\u9650\u516c\u53f8", "property": "\u5c0f\u5fae\u4f01\u4e1a"}, {"address": "\u6c5f\u82cf\u7701\u5e38\u5dde\u5e02\u65b0\u5317\u533a[\u6c5f\u82cf\u56fd\u9645\u5851\u5316\u57ce]\u5851\u5316\u8def25-7-127-119\u53f7", "category": "\u7a7a\u6c14\u70b8\u9505", "ground": "ABS,AS,PP,PE,PMMA,PC,\u7b49", "money": 0, "name": "\u5e38\u5dde\u5e02\u534e\u5965\u5eb7\u5851\u6599\u6709\u9650\u516c\u53f8", "property": ""}, {"address": "\u6c5f\u82cf\u7701\u5e38\u5dde\u5e02\u65b0\u5317\u533a\u5e38\u5dde\u957f\u6c5f\u5851\u5316\u5e02\u573a12-42\u53f7", "category": "\u7a7a\u6c14\u70b8\u9505", "ground": "PPS,PA6,PA66,PA12,PA6T,PPO,POM,PC/ABS", "money": 0, "name": "\u5e38\u5dde\u8fea\u9f99\u5851\u6599\u6709\u9650\u516c\u53f8", "property": ""}, {"address": "\u6c5f\u82cf\u7701\u5e38\u5dde\u5e02\u65b0\u5317\u533a\u901a\u6c5f\u4e2d\u8def600\u53f711\u5e62158\u53f7", "category": "\u7a7a\u6c14\u70b8\u9505", "ground": "PA6,PA66,PC,ABS,PP", "money": 0, "name": "\u6c5f\u82cf\u5b89\u4e1c\u5c3c\u65b0\u6750\u6599\u79d1\u6280\u6709\u9650\u516c\u53f8", "property": ""}]