[
    {
        "category":"早餐机",
        "ground":"高铁塑模,市政塑模,高速公路塑模,水利塑模,塑料模具",
        "money":500,
        "name":"嘉兴市海创塑料模具有限公司",
        "people":"张晓希"
    },
    {
        "category":"榨汁机",
        "ground":"塑料模具",
        "money":1000,
        "name":"嘉兴华丰塑业股份有限公司",
        "people":"郑雪华"
    },
    {
        "category":"电蒸锅",
        "ground":"塑料模具",
        "money":10,
        "name":"海盐飞凡塑料模具厂",
        "people":"顾克勤"
    },
    {
        "category":"电炖锅",
        "ground":"塑料模具",
        "money":2000,
        "name":"嘉兴市志华科技股份有限公司",
        "people":"王林华"
    },
    {
        "category":"料理机",
        "ground":"塑料模具,塑模,塑料模型",
        "money":10,
        "name":"海盐流通塑料模具厂",
        "people":"顾克勤"
    },
    {
        "category":"料理机",
        "ground":"塑料制品",
        "money":10,
        "name":"海盐亿威塑料模具厂",
        "people":"陈晓妮"
    },
    {
        "category":"电炖锅",
        "ground":"模具的研发、制造、加工；智能毛巾架、烘干器、散热器、暖气片、窗帘机、配电开关控制设备、空气净化器",
        "money":1680,
        "name":"浙江丽臣科技股份有限公司",
        "people":"倪林峰"
    },
    {
        "category":"料理机",
        "ground":"模具、塑料制品的生产、销售",
        "money":3507,
        "name":"月塑模具（嘉兴）有限公司",
        "people":"张亚菲"
    },
    {
        "category":"豆浆机",
        "ground":"塑料模具,塑料模具",
        "money":500,
        "name":"浙江昌达塑业有限公司",
        "people":"冯超"
    },
    {
        "category":"早餐机",
        "ground":"生产和销售非金属制品模具、电动工具塑料箱及配件、其他塑料制品、家用空气调节器",
        "money":7220,
        "name":"瑞塑精密模具(嘉兴)有限公司",
        "people":"\t约尔格·弗雷"
    },
    {
        "category":"电饼铛",
        "ground":"模具的研发、生产、维修、销售",
        "money":1000,
        "name":"嘉兴嘉联盛模塑科技有限公司",
        "people":"于永"
    },
    {
        "category":"榨汁机",
        "ground":"塑料制品（不含废塑料造粒）、五金制品、厨卫电器的制造、加工",
        "money":50,
        "name":"嘉兴九方格塑业有限公司",
        "people":"顾云峰"
    },
    {
        "category":"榨汁机",
        "ground":"模具的生产与销售",
        "money":50,
        "name":"嘉兴市精多胜五金模具有限公司",
        "people":"陈坤辉"
    },
    {
        "category":"榨汁机",
        "ground":"模具、塑料制品、净化设备",
        "money":500,
        "name":"嘉兴市依艾达塑胶模具有限公司",
        "people":"吴利明"
    },
    {
        "category":"早餐机",
        "ground":"模具、光学仪器、测温仪器的研发、设计;模具、光学仪器、",
        "money":3000,
        "name":"浙江精伦模具科技有限公司",
        "people":"方顺军"
    },
    {
        "category":"空气炸锅",
        "ground":"模具",
        "money":50,
        "name":"嘉善合富塑胶制品有限公司",
        "people":"徐中成"
    },
    {
        "category":"电蒸锅",
        "ground":"模具、塑料制品、五金配件、电器配件的制造、加工",
        "money":30,
        "name":"嘉兴市良君模具有限公司",
        "people":"王志良"
    },
    {
        "category":"电蒸锅",
        "ground":"塑料制品、五金制品的制造；模具的制造、加工",
        "money":50,
        "name":"嘉兴市华普塑业有限公司",
        "people":"胡刚华"
    },
    {
        "category":"豆浆机",
        "ground":"塑料制品、五金模具制造、加工",
        "money":30,
        "name":"嘉兴市南湖区世纪塑料模具厂",
        "people":"张亚明"
    },
    {
        "category":"空气炸锅",
        "ground":"塑胶制品、模具、五金机械制造、加工",
        "money":90,
        "name":"嘉兴市南湖区风火模具厂",
        "people":"俞夫根"
    },
    {
        "category":"早餐机",
        "ground":"塑料模具、塑料零部件、通用零部件",
        "money":200,
        "name":"嘉兴市宏昌塑业有限公司",
        "people":"傅君明"
    },
    {
        "category":"豆浆机",
        "ground":"塑料制品、模具五金制造、加工",
        "money":36,
        "name":"嘉兴市南湖区金松塑料模具厂",
        "people":"金松泉"
    },
    {
        "category":"电炖锅",
        "ground":"塑料模具,塑料制品,注塑模具",
        "money":10,
        "name":"嘉兴市宋氏塑业有限公司",
        "people":"余传轩"
    },
    {
        "category":"早餐机",
        "ground":"塑料制品、金属制品、模具制品、电器的制造、加工",
        "money":160,
        "name":"嘉兴市捷亨塑料制品有限公司",
        "people":"万志祥"
    },
    {
        "category":"料理机",
        "ground":"塑料制品制造、加工",
        "money":500,
        "name":"嘉兴市海创塑料模具有限公司",
        "people":"张晓希"
    },
    {
        "category":"空气炸锅",
        "ground":"塑料模具",
        "money":1000,
        "name":"嘉兴华丰塑业股份有限公司",
        "people":"郑雪华"
    },
    {
        "category":"电饼铛",
        "ground":"塑料模具制造、加工",
        "money":10,
        "name":"海盐飞凡塑料模具厂",
        "people":"顾克勤"
    },
    {
        "category":"电饼铛",
        "ground":"塑料模具",
        "money":2000,
        "name":"嘉兴市志华科技股份有限公司",
        "people":"王林华"
    },
    {
        "category":"榨汁机",
        "ground":"塑料模具,塑模,塑料模型",
        "money":10,
        "name":"海盐流通塑料模具厂",
        "people":"顾克勤"
    },
    {
        "category":"豆浆机",
        "ground":"塑料制品、塑料模具制造、加工",
        "money":10,
        "name":"海盐亿威塑料模具厂",
        "people":"陈晓妮"
    },
    {
        "category":"早餐机",
        "ground":"塑料模具、塑料制品（不含废旧塑料）、集成吊顶及配件、LED灯、制冷电器具、通风换气设备、取暖设备、太阳能热水器、燃气灶、油烟机、风扇制造、加工",
        "money":100,
        "name":"嘉兴名王塑业有限公司",
        "people":"王中林"
    },
    {
        "category":"料理机",
        "ground":"模具、塑料制品、家用电器及其配件的制造、加工",
        "money":5310,
        "name":"大雄模具（嘉兴）有限公司",
        "people":"严雄文"
    },
    {
        "category":"料理机",
        "ground":"模具制造;模具销售;塑料制品制造;塑料制品销售;工业设计服务",
        "money":100,
        "name":"平湖市八骏模具制造有限公司",
        "people":"赵僧文"
    },
    {
        "category":"料理机",
        "ground":"塑料模具、五金模具、箱包配件",
        "money":10,
        "name":"平湖市进观塑料五金模具厂",
        "people":"陆晓平"
    },
    {
        "category":"电炖锅",
        "ground":"模具、自动化设备的设计、制造、加工、销售;塑料制品、冲压件的制造",
        "money":500,
        "name":"平湖中源精密模具有限公司",
        "people":"陈跃军"
    },
    {
        "category":"空气炸锅",
        "ground":"儿童用品,童车,工业用品",
        "money":25,
        "name":"嘉善伟昌模具厂",
        "people":"袁宏伟"
    },
    {
        "category":"电炖锅",
        "ground":"塑料模具",
        "money":50,
        "name":"嘉善求精五金塑料模具有限公司",
        "people":"何先生"
    },
    {
        "category":"榨汁机",
        "ground":"模具、橡塑制品、五金制品、汽车零配件、汽车清洁用品",
        "money":50,
        "name":"嘉善合富塑胶制品有限公司",
        "people":"丁诗音"
    },
    {
        "category":"电炖锅",
        "ground":"生产销售,加工:模具;线切割加工",
        "money":10,
        "name":"嘉善屹智模具厂",
        "people":"王春峰"
    },
    {
        "category":"料理机",
        "ground":"模具,塑胶产品",
        "money":10,
        "name":"嘉善县恰立日精密模具有限公司",
        "people":"洪 芸"
    },
    {
        "category":"电蒸锅",
        "ground":"模具,塑胶制品,塑料机械",
        "money":300,
        "name":"嘉兴拓晟塑胶五金有限公司",
        "people":"潘建华"
    },
    {
        "category":"电饼铛",
        "ground":"模具及零配件、夹具、五金冲件、注塑件、电声配件",
        "money":1000,
        "name":"嘉善俊宇精密模具有限公司",
        "people":"邓岚"
    },
    {
        "category":"早餐机",
        "ground":"模具、塑料制品、五金配件、电器配件的制造、加工",
        "money":30,
        "name":"嘉兴市良君模具有限公司",
        "people":"王君"
    },
    {
        "category":"料理机",
        "ground":"模具销售，模具制造，塑料制品销售，塑料制品制造，金属制品销售",
        "money":500,
        "name":"慈溪市鲁工模具有限公司",
        "people":""
    },
    {
        "category":"电饼铛",
        "ground":"",
        "money":50,
        "name":"慈溪市金太阳模具有限公司",
        "people":"孙嘉阳"
    },
    {
        "category":"料理机",
        "ground":"模具，汽车部件，汽车电器，车身附件，塑料制品，家用电器，五金配件",
        "money":2880,
        "name":"宁波誉立精密模具有限公司",
        "people":""
    },
    {
        "category":"空气炸锅",
        "ground":"模具",
        "money":580,
        "name":"慈溪市精诚模具有限公司",
        "people":"任志强"
    },
    {
        "category":"榨汁机",
        "ground":"塑料助剂,塑料制品,塑料玩具,车用塑料配件,家用塑料制品,电子电工塑料件",
        "money":50,
        "name":"慈溪市观海卫镇龙海模具厂",
        "people":"郑立忠"
    },
    {
        "category":"早餐机",
        "ground":"塑料原料",
        "money":10,
        "name":"慈溪市周巷镇煜瀚模具厂",
        "people":"林国华"
    },
    {
        "category":"电蒸锅",
        "ground":"",
        "money":10,
        "name":"虞帆模具公司",
        "people":"汪"
    },
    {
        "category":"早餐机",
        "ground":"模具技术的研究和开发;模具、塑料制品、电子元器件、照明器具、家用电器制造",
        "money":2880,
        "name":"宁波新登辉模具科技有限公司",
        "people":"徐希特"
    },
    {
        "category":"榨汁机",
        "ground":"模具制造，塑料制品制造，电子元器件制造，五金产品制造，家用电器制造，",
        "money":22211,
        "name":"宁波横河精密工业股份有限公司",
        "people":"胡志军"
    },
    {
        "category":"料理机",
        "ground":"各类塑料模具",
        "money":10,
        "name":"慈溪市励诚模具加工厂",
        "people":"\t沈建跃"
    },
    {
        "category":"早餐机",
        "ground":"模具制造",
        "money":2280,
        "name":"慈溪市盛艺模具有限公司",
        "people":" 景伟德"
    },
    {
        "category":"豆浆机",
        "ground":"制造模具,生产塑料件,生产瓶套,铝压铸",
        "money":10,
        "name":"慈溪市浒山亨通模具厂",
        "people":"干炎昌"
    },
    {
        "category":"电蒸锅",
        "ground":"注塑加工,其他金属加工,支架,淋浴房,淋浴器,模具加工,塑料模",
        "money":12,
        "name":"慈溪市师桥圣火塑料电子厂",
        "people":"杜科狄"
    },
    {
        "category":"空气炸锅",
        "ground":"模具,塑料制品",
        "money":10,
        "name":"慈溪市宗汉新港电子厂",
        "people":"马新弟"
    },
    {
        "category":"早餐机",
        "ground":"塑料加工",
        "money":10,
        "name":"浙江省慈溪市新光塑料模具厂",
        "people":"沈灵方"
    },
    {
        "category":"料理机",
        "ground":"家电制造设备,冰箱,冷柜",
        "money":10,
        "name":"慈溪市庵东镇飞达电塑模具厂",
        "people":"金红军"
    },
    {
        "category":"早餐机",
        "ground":"塑料制品",
        "money":10,
        "name":"慈溪市掌起镇朝霞塑料模具厂",
        "people":"陈新立"
    },
    {
        "category":"料理机",
        "ground":"模具,塑料制品",
        "money":10,
        "name":"慈溪市新浦镇新艺模具塑料厂",
        "people":"岑先生"
    },
    {
        "category":"电炖锅",
        "ground":"模具,塑料,其他家用电力器具制造加工",
        "money":10,
        "name":"慈溪市周巷镇剑波数模厂",
        "people":"劳剑波"
    },
    {
        "category":"豆浆机",
        "ground":"防水壳体,机箱,模具,仪器仪表机箱,机柜,塑料制品,铝制品,金属制品",
        "money":150,
        "name":"宁波科贝壳体有限公司",
        "people":"姚张尔"
    },
    {
        "category":"电饼铛",
        "ground":"滚塑,皮划艇,滚塑模具,滚塑制品,水箱,塑料皮划艇,塑料花盆,风机外壳,全塑担架,油箱,容器,塑料工具箱,围栏水马",
        "money":100,
        "name":"慈溪市菲富利旋塑工程有限公司",
        "people":"丘进兵"
    },
    {
        "category":"电蒸锅",
        "ground":"魔方,注塑加工,定制模具,广告魔方,智力玩具,玩具魔方,三阶魔方,四阶魔方,折叠魔方",
        "money":50,
        "name":"慈溪市春燕电器有限公司",
        "people":"余科"
    },
    {
        "category":"电蒸锅",
        "ground":"吸尘器配件,燃气具配件,模具制造,注塑机加工,塑料制品,塑料原料批发,塑料原料零售",
        "money":50,
        "name":"慈溪市宝莱电子科技有限公司",
        "people":"胡学挺"
    },
    {
        "category":"早餐机",
        "ground":"美发理发用具,夹发板,卷发器,模具制造,注塑成型,旋转式拖把",
        "money":10,
        "name":"慈溪市周巷凯吉电器厂",
        "people":"景权标"
    },
    {
        "category":"电饼铛",
        "ground":"工具箱包,零件盒原材料,美术用品,画筒,调色盘",
        "money":10,
        "name":"慈溪市范市神天模具厂",
        "people":"孙嘉诚"
    },
    {
        "category":"料理机",
        "ground":"",
        "money":10,
        "name":"慈溪市范市鼎盛模具加工厂",
        "people":"丁小燕"
    },
    {
        "category":"豆浆机",
        "ground":"塑料模具,塑料配件,汽车配件,日常用品,压铸模具,家电器用品",
        "money":5,
        "name":"慈溪市观海卫普昌塑料制品厂",
        "people":"付双娥"
    },
    {
        "category":"早餐机",
        "ground":"",
        "money":10,
        "name":"慈溪市范市金欣模具厂",
        "people":"王婵飞"
    },
    {
        "category":"电炖锅",
        "ground":"",
        "money":10,
        "name":"慈溪市天佑电器厂",
        "people":"陈国锋"
    },
    {
        "category":"空气炸锅",
        "ground":"模具,塑胶制品",
        "money":10,
        "name":"慈溪市观海卫腾月模具厂",
        "people":"袁孟建,"
    },
    {
        "category":"早餐机",
        "ground":"过滤器",
        "money":10,
        "name":"慈溪长法模具厂",
        "people":"马长法"
    },
    {
        "category":"料理机",
        "ground":"",
        "money":10,
        "name":"慈溪市横河新豪模具厂",
        "people":"孙建厅"
    },
    {
        "category":"电蒸锅",
        "ground":"",
        "money":10,
        "name":"余姚市誉铭模具厂",
        "people":"吴荣国"
    },
    {
        "category":"榨汁机",
        "ground":"塑料膨胀,模具制造,洁具,接口",
        "money":10,
        "name":"慈溪市海恒塑料制品厂",
        "people":"沈科"
    },
    {
        "category":"早餐机",
        "ground":"暖风机,电风扇,散件,塑料件,模具加工",
        "money":20,
        "name":"慈溪市金木电器厂",
        "people":"蒋新大"
    },
    {
        "category":"豆浆机",
        "ground":"",
        "money":10,
        "name":"慈溪市周巷镇帅科模具塑料厂",
        "people":"吴建科"
    },
    {
        "category":"豆浆机",
        "ground":"塑料制品,模具加工,纸巾盒牙签盒,桌子椅子脚套,封口袋夹,微波炉端碗器",
        "money":10,
        "name":"慈溪市掌起博勇塑料制品厂",
        "people":"王时威"
    },
    {
        "category":"料理机",
        "ground":"电表壳体模具,汽配模具,橡胶模具,浇铸模具",
        "money":500,
        "name":"慈溪市宸佳智能科技有限公司",
        "people":"韩冬煊"
    },
    {
        "category":"电饼铛",
        "ground":"乐器模具,洁具模具,电器模具,管件模具,渔具模具",
        "money":10,
        "name":"慈溪市宗汉浩宇模具厂",
        "people":"许铁丰"
    },
    {
        "category":"豆浆机",
        "ground":"塑料制品,模具开发,金属制品加工",
        "money":10,
        "name":"慈溪市神恩塑料制品厂",
        "people":"徐巨煊"
    },
    {
        "category":"空气炸锅",
        "ground":"橡胶制品,塑料制品,五金件,塑料,橡胶,模具加工,制造",
        "money":10,
        "name":"慈溪市宗汉锦鸿塑料制品厂",
        "people":"陈锦松"
    },
    {
        "category":"早餐机",
        "ground":"塑胶玩具,其他塑料制品,工农业用塑料制品,塑料容器,模具设计,模具加工",
        "money":100,
        "name":"宁波跃洋滚塑模具有限公司",
        "people":"罗宏宇"
    },
    {
        "category":"电炖锅",
        "ground":"塑料件",
        "money":10,
        "name":"慈溪市观海卫镇海卫模具厂",
        "people":"罗建强"
    },
    {
        "category":"电饼铛",
        "ground":"仪表",
        "money":30,
        "name":"慈溪市中佳模具厂",
        "people":"华仕强"
    },
    {
        "category":"电蒸锅",
        "ground":"家电产品系列",
        "money":150,
        "name":"慈溪市德合模具",
        "people":"岑磊勇"
    },
    {
        "category":"电蒸锅",
        "ground":"",
        "money":18,
        "name":"慈溪市横河龙腾模具厂",
        "people":"徐建万"
    },
    {
        "category":"料理机",
        "ground":"塑料制品",
        "money":50,
        "name":"慈溪市安泰模具有限公司",
        "people":"朱敦学"
    },
    {
        "category":"豆浆机",
        "ground":"花洒,花洒,升降架",
        "money":10,
        "name":"慈溪市长河毅记模具塑料厂",
        "people":"张吉锋"
    },
    {
        "category":"电饼铛",
        "ground":"门铃,模具设计制造,花洒,小家电,塑料制品",
        "money":10,
        "name":"慈溪市长河镇方翔模具厂",
        "people":"宋张生"
    },
    {
        "category":"电饼铛",
        "ground":"开关插座,插头,电线,家用电器等,模具加工制造",
        "money":10,
        "name":"慈溪市零点电器有限公司",
        "people":"刘杰锋"
    },
    {
        "category":"电饼铛",
        "ground":"塑料,模具",
        "money":10,
        "name":"慈溪市观海卫安池模具厂",
        "people":"戴学根"
    },
    {
        "category":"早餐机",
        "ground":"塑料模具",
        "money":10,
        "name":"慈溪市周巷益文电器配件厂",
        "people":"劳益文"
    },
    {
        "category":"电炖锅",
        "ground":"塑料模具设计制造  注塑加工",
        "money":10,
        "name":"慈溪市坎墩烁科塑料制品厂",
        "people":"黄科"
    },
    {
        "category":"料理机",
        "ground":"模具,注塑产品",
        "money":50,
        "name":"慈溪市盈科精密机械有限公司",
        "people":"彭平平"
    },
    {
        "category":"早餐机",
        "ground":"塑料模具,塑料盒",
        "money":10,
        "name":"慈溪市横河天浩塑料制品厂",
        "people":"胡国军"
    },
    {
        "category":"空气炸锅",
        "ground":"塑料制品,文具用品,塑料仿真食品,模具设计,模具生产开发,玩具印章,吹塑产品",
        "money":15,
        "name":"慈溪市掌起镇阳光塑料模具厂",
        "people":"洪国恩"
    },
    {
        "category":"电蒸锅",
        "ground":"模具加工,工业用橡胶制品",
        "money":10,
        "name":"慈溪市新之源洁具厂",
        "people":"黄维"
    },
    {
        "category":"豆浆机",
        "ground":"模具设计\\加工,注塑产品加工,挤塑产品加工,各类塑料配件加工,各类塑料管",
        "money":200,
        "name":"慈溪市成源塑料制品有限公司",
        "people":"茅士军"
    },
    {
        "category":"榨汁机",
        "ground":"模具",
        "money":10,
        "name":"慈溪市庵东展鹏模具厂",
        "people":"袁红卫 "
    },
    {
        "category":"电炖锅",
        "ground":"",
        "money":10,
        "name":"慈溪市横河兴豪模具制造厂",
        "people":"施贤江"
    },
    {
        "category":"空气炸锅",
        "ground":"生活日用橡胶制品,农业用橡胶制品,模具,电子用塑胶制品,工业用橡胶制品",
        "money":10,
        "name":"慈溪市长河新汉橡胶制品厂",
        "people":"潘昆昆"
    },
    {
        "category":"空气炸锅",
        "ground":"注塑件,注塑模具,五金车削件,注塑加工,宠物用品,塑料老鼠夹",
        "money":580,
        "name":"慈溪市容大塑料有限公司",
        "people":"彭军伟"
    },
    {
        "category":"料理机",
        "ground":"场地铺设器材,注塑加工,防滑垫,模具加工,家用塑料制品",
        "money":10,
        "name":"慈溪市慈龙电器厂",
        "people":"张百省"
    },
    {
        "category":"电炖锅",
        "ground":"",
        "money":650,
        "name":"慈溪市翔龙模具塑料有限公司",
        "people":"陈生"
    },
    {
        "category":"料理机",
        "ground":"塑料制品",
        "money":10,
        "name":"慈溪市周巷镇精工模具厂",
        "people":"潘旭杰"
    },
    {
        "category":"电炖锅",
        "ground":"",
        "money":18,
        "name":"慈溪市横河龙腾模具厂",
        "people":"俞建意"
    },
    {
        "category":"空气炸锅",
        "ground":"塑料加工,模具钢材",
        "money":50,
        "name":"慈溪市丰艺模具有限公司",
        "people":"方伦刚"
    },
    {
        "category":"早餐机",
        "ground":"塑料模,其他模具,压铸模",
        "money":100,
        "name":"慈溪市远科模具有限公司",
        "people":"农振宇"
    },
    {
        "category":"料理机",
        "ground":"",
        "money":10,
        "name":"慈溪市宗汉维清塑料模具厂",
        "people":"黄维清"
    },
    {
        "category":"空气炸锅",
        "ground":"塑料模具制品,橡胶模具制造,仪表外壳,硅胶仪器外壳外壳",
        "money":10,
        "name":"慈溪市长河水军模具厂",
        "people":"陆水军"
    },
    {
        "category":"电炖锅",
        "ground":"",
        "money":10,
        "name":"慈溪市长河亿立模具厂",
        "people":"杨建立"
    },
    {
        "category":"电蒸锅",
        "ground":"电子打火机,塑料打火机,促销打火机,防风打火机,明火打火机",
        "money":10,
        "name":"慈溪市观海卫镇欣超塑料模具厂",
        "people":"饶焱生"
    },
    {
        "category":"料理机",
        "ground":"模具制造,模具塑料件,塑料制品,五金产品制造,压铸产品,压铸模具制造,注塑",
        "money":10,
        "name":"慈溪市三北水科模具厂",
        "people":"岑维科"
    },
    {
        "category":"料理机",
        "ground":"万向轮冲压件,五金冲床,冲床模具制造,塑料模具加工",
        "money":10,
        "name":"慈溪市观海卫镇宏声五金塑料厂",
        "people":"虞益辉"
    },
    {
        "category":"榨汁机",
        "ground":"吸塑制品包装,塑料配件,模具/加工,五金配件,不干胶制品及制造",
        "money":50,
        "name":"慈溪市裕和吸塑制品有限公司",
        "people":"蒋密波"
    },
    {
        "category":"豆浆机",
        "ground":"塑料制品,汽车附件,模具制造,缝纫配件,五金配件",
        "money":10,
        "name":"慈溪市周巷涌城塑料制品厂",
        "people":"黄忠辉"
    },
    {
        "category":"电饼铛",
        "ground":"塑料制品,模具",
        "money":10,
        "name":"慈溪市晶工塑料制品有限公司",
        "people":"马志明"
    },
    {
        "category":"豆浆机",
        "ground":"塑料模具,塑料制品,塑料原料",
        "money":10,
        "name":"慈溪市科雅电子厂",
        "people":"徐科权"
    },
    {
        "category":"电炖锅",
        "ground":"",
        "money":50,
        "name":"慈溪市祁杰模具有限公司",
        "people":"成隆丰"
    },
    {
        "category":"电蒸锅",
        "ground":"家用电器、电器配件、模具、塑料制品、五金配件制造、加工",
        "money":100,
        "name":"周巷双威模具厂",
        "people":"邵迪威"
    },
    {
        "category":"料理机",
        "ground":"",
        "money":10,
        "name":"慈溪市师桥校前塑料模具厂",
        "people":"沈国平"
    },
    {
        "category":"电蒸锅",
        "ground":"园艺工具,雪铲,草耙,塑料制品,模具制造,园林工具,橡胶制品",
        "money":200,
        "name":"慈溪市华光塑料电器有限公司",
        "people":"娄建挺"
    },
    {
        "category":"空气炸锅",
        "ground":"塑料再生粒,模具开发,荧光增白剂,塑料制品",
        "money":10,
        "name":"慈溪市宗汉洋郑塑料五金厂 ",
        "people":"郑巨林"
    },
    {
        "category":"豆浆机",
        "ground":"各种笔,扭腰健身盘,模具加工",
        "money":10,
        "name":"慈溪市掌起镇恩良塑料模具厂",
        "people":"徐鲁佳"
    },
    {
        "category":"电饼铛",
        "ground":"塑料制品",
        "money":50,
        "name":"宁波东锋模具有限公司",
        "people":"孙锦荣"
    },
    {
        "category":"豆浆机",
        "ground":"各类塑料制品,医疗器械,铝件铸造,和模具开发制造为主",
        "money":138,
        "name":"慈溪市神手电器毛绒厂",
        "people":"林哲峰"
    },
    {
        "category":"早餐机",
        "ground":"塑料制品，电器配件，模具制造，加工，塑料原料，金属材料批发",
        "money":58,
        "name":"慈溪市横河陈山塑料模具有限公司 ",
        "people":"王先生"
    },
    {
        "category":"榨汁机",
        "ground":"正负离子空气净化器,空气净化器",
        "money":10,
        "name":"慈溪市观城新益模具塑料厂",
        "people":"柳新波 "
    },
    {
        "category":"空气炸锅",
        "ground":"注塑模具,注塑制品,模具配件",
        "money":38,
        "name":"慈溪市荣达塑料电器厂",
        "people":"霍蒙"
    },
    {
        "category":"料理机",
        "ground":"家电类",
        "money":10,
        "name":"慈溪市横河莱莱模具厂",
        "people":"胡伯峰"
    },
    {
        "category":"电饼铛",
        "ground":"",
        "money":30,
        "name":"慈溪市佳龙塑料模具厂",
        "people":"陈凯"
    },
    {
        "category":"空气炸锅",
        "ground":"模具制造，塑料制品制造，五金产品制造，家用电器制造，",
        "money":30,
        "name":"慈溪市浩辰模具有限公司",
        "people":"汪先生"
    },
    {
        "category":"早餐机",
        "ground":"塑料模具,打气筒,脚踩充气工具,充气玩具,充气工具,手动打气筒,充气泵,脚踏打气筒,脚踩充气泵,气球打气筒",
        "money":10,
        "name":"慈溪市桥头镇毛三斛塑胶厂",
        "people":"毛迪丰"
    },
    {
        "category":"电饼铛",
        "ground":"创意日用品,模具,玩具,小家电",
        "money":100,
        "name":"宁波沃淋电器有限公司",
        "people":"邵志利"
    },
    {
        "category":"空气炸锅",
        "ground":"接线板,电源转换器,电饭煲插头线,电炉插头线,电烧锅插头线,精密模具",
        "money":50,
        "name":"慈溪市雷盾电器有限公司",
        "people":"余建锋"
    },
    {
        "category":"豆浆机",
        "ground":"电器配件,汽车配件,火花塞塑壳外包装,模具开发和制造,优质火花塞包装盒,吸塑塑料包装盒,pvc塑料包装盒,小型塑料包装盒,圆柱塑料包装盒,汽摩火花塞包装盒,透明火花塞包装盒,4只装火花塞包装盒,方形火花塞包装盒,火花塞包装盒外壳,火花塞塑料包装盒,透明塑料包装盒,火花塞外壳塑料包装盒,精品火花塞包装盒,汽车火花塞包装盒,小型火花塞包装盒",
        "money":16,
        "name":"慈溪市高科电器厂",
        "people":"胡文权"
    },
    {
        "category":"榨汁机",
        "ground":"塑料制品,塑料模具,医疗器械,日用品,汽车用品",
        "money":10,
        "name":"慈溪市观海卫镇宏迪塑料模具厂",
        "people":"翟胜雷"
    },
    {
        "category":"豆浆机",
        "ground":"模具制造;家用电器制造;照明器具制造;塑料制品制造;",
        "money":600,
        "name":"慈溪市日普模具有限公司",
        "people":""
    },
    {
        "category":"电蒸锅",
        "ground":"塑料制品加工,模具制作",
        "money":50,
        "name":"慈溪市库瑞德塑业有限公司",
        "people":"田百冲"
    },
    {
        "category":"电炖锅",
        "ground":"模具，家用电器，塑料制品制造，加工",
        "money":30,
        "name":"慈溪晟源模具有限公司",
        "people":"孙海军"
    },
    {
        "category":"早餐机",
        "ground":"模具、塑料制品加工、制造",
        "money":10,
        "name":"慈溪市庵东聪峰模具厂",
        "people":"丁峰"
    },
    {
        "category":"电炖锅",
        "ground":"模具，塑料制品制造，加工",
        "money":10,
        "name":"慈溪市横河胜展模具厂",
        "people":"任银春"
    },
    {
        "category":"料理机",
        "ground":"模具的开发,设计,制造,加工;叶轮机械,通风设备,电子产品,厨房设备,家用电器,塑料制品的制造,加工;",
        "money":18565,
        "name":"浙江朗迪集团股份有限公司",
        "people":"高炎康"
    },
    {
        "category":"榨汁机",
        "ground":"非金属模具及其它模具设计制造、塑料制品、五金件及家用电器的制造",
        "money":507,
        "name":"宁波美灵塑模制造有限公司",
        "people":"张飞琼"
    },
    {
        "category":"豆浆机",
        "ground":"模具,塑料制品,安全帽,五金件,电器配件,小家电,体育用品,电动工具的制造",
        "money":58,
        "name":"余姚市天余模具塑料厂",
        "people":"施余良"
    },
    {
        "category":"电炖锅",
        "ground":"模具、塑料制品、汽车配件、五金冲件的制造、加工;",
        "money":100,
        "name":"余姚市华隆模具塑料制品有限公司",
        "people":"毛水良"
    },
    {
        "category":"空气炸锅",
        "ground":"变压器骨架,水龙头,塑料制品,电木制品,抽油泵,塑料窗帘钩",
        "money":5,
        "name":"余姚市余姚镇狮墩头塑料模具厂",
        "people":"黄世标"
    },
    {
        "category":"电炖锅",
        "ground":"塑料制品,模具",
        "money":30,
        "name":"余姚市舜西塑料模具厂",
        "people":"宋玉钿"
    },
    {
        "category":"空气炸锅",
        "ground":"模具、塑料制品、五金件、灯具、水暖配件的制造、加工",
        "money":10,
        "name":"余姚市多代模具塑料厂",
        "people":"黄淑芬"
    },
    {
        "category":"榨汁机",
        "ground":"磁铁夹,塑料行李牌,手机座,小拍手,线圈本,药丸盒,放大镜,模具制造,产品注塑加",
        "money":10,
        "name":"余姚市恒达塑料模具厂",
        "people":"韩文煊"
    },
    {
        "category":"豆浆机",
        "ground":"模具设计、制造；卫生洁具、塑料制品、家用电器、五金配件制造、加工；",
        "money":1493,
        "name":"宁波赛特模具有限公司",
        "people":"林希强"
    },
    {
        "category":"电炖锅",
        "ground":"模具的研发;模具电子标签,塑料制品,五金件,小家用电器的制造",
        "money":158,
        "name":"宁波宇润模具成型科技有限公司",
        "people":"蒋幼艺"
    },
    {
        "category":"电炖锅",
        "ground":"模具的制造;塑料制品的加工;第一类医疗器械的制造",
        "money":10,
        "name":"余姚市联盛模塑厂",
        "people":"刘毅虎"
    },
    {
        "category":"电蒸锅",
        "ground":"模具,塑料制品的制造,加工",
        "money":10,
        "name":"余姚市大胜模具厂",
        "people":"熊杨盛"
    },
    {
        "category":"电饼铛",
        "ground":"五金产品研发;五金产品制造;五金产品批发;五金产品零售;模具制造",
        "money":94,
        "name":"丰朴（宁波）精密科技有限公司",
        "people":"董静静"
    },
    {
        "category":"早餐机",
        "ground":"塑料制品、模具、五金件、电器配件、小家电、照明电器的制造、加工",
        "money":10,
        "name":"余姚市城区军意塑料制品厂",
        "people":"鲁军怀"
    },
    {
        "category":"空气炸锅",
        "ground":"塑料制品的研发、制造,模具、五金件的制造、加工",
        "money":10,
        "name":"余姚市鸿州塑料科技有限公司",
        "people":"周军棋"
    },
    {
        "category":"电饼铛",
        "ground":"模具、塑料制品、电器配件的加工",
        "money":10,
        "name":"余姚市泗门镇信达模塑厂",
        "people":"刘惠丰"
    },
    {
        "category":"豆浆机",
        "ground":"模具、塑料制品、机械的制造、加工",
        "money":10,
        "name":"余姚市顺隆模具厂",
        "people":"赵亮亮"
    },
    {
        "category":"空气炸锅",
        "ground":"模具的研发、设计、制造;电子产品的研发、制造、加工、批发、零售",
        "money":100,
        "name":"宁波威航科尼模具科技有限公司",
        "people":"马洋"
    },
    {
        "category":"电炖锅",
        "ground":"仪器仪表、家用电器、塑料制品、五金冲件、模具制造",
        "money":10,
        "name":"余姚市常青塑料模具厂",
        "people":"宋继波"
    },
    {
        "category":"早餐机",
        "ground":"模具设计制造,产品注塑加工",
        "money":50,
        "name":"余姚市精信塑模电器有限公司",
        "people":"唐建渭"
    },
    {
        "category":"电炖锅",
        "ground":"模具制造；塑料制品制造；家用电器制造；",
        "money":200,
        "name":"宁波远东制模有限公司",
        "people":"黄金申"
    },
    {
        "category":"电炖锅",
        "ground":"模具制造；模具销售；五金产品制造；其他电子器件制造；",
        "money":300,
        "name":"余姚市中天塑模有限公司",
        "people":"黄志荣"
    },
    {
        "category":"电饼铛",
        "ground":"模具、塑料制品、交通安全设施的制造、加工",
        "money":30,
        "name":"余姚市腾飞中空塑料模具厂",
        "people":"刘君飞"
    },
    {
        "category":"空气炸锅",
        "ground":"塑胶制品、小家用电器、模具的制造、加工",
        "money":150,
        "name":"余姚市东大塑胶电器厂",
        "people":"刘建栋"
    },
    {
        "category":"料理机",
        "ground":"模具制做　塑料产品的加工",
        "money":10,
        "name":"余姚市立杰模塑厂",
        "people":"毛立波"
    },
    {
        "category":"料理机",
        "ground":"模具,塑料制品的制造、加工",
        "money":50,
        "name":"余姚市世好模具制造有限公司",
        "people":"杨志坚"
    },
    {
        "category":"电饼铛",
        "ground":"模具的加工,家用电器专用配件的制造、加工,机械化农业及园艺机具的制造",
        "money":108,
        "name":"余姚市临海精铸模具厂",
        "people":"姚婉珍"
    },
    {
        "category":"空气炸锅",
        "ground":"塑料制品制造；家用电器制造；风动和电动工具制造；模具制造；金属链条及其他金属制品制造；",
        "money":3000,
        "name":"宁波万盛实业有限公司",
        "people":"陈明杰"
    },
    {
        "category":"榨汁机",
        "ground":"塑料制品，模具加工",
        "money":150,
        "name":"余姚市鑫泉塑业有限公司 ",
        "people":"周军"
    },
    {
        "category":"榨汁机",
        "ground":"专用设备制造（不含许可类专业设备制造）；塑料制品制造；汽车零部件及配件制造；照明器具制造；照明器具销售；智能车载设备制造；",
        "money":5577,
        "name":"宁波舜宇精工股份有限公司",
        "people":"倪文军"
    },
    {
        "category":"豆浆机",
        "ground":"尼龙保持架,塑料滑轮,塑料轴承,塑料模具,各类塑料制品",
        "money":10,
        "name":"余姚市环正塑料制品厂",
        "people":"邵冠军"
    },
    {
        "category":"榨汁机",
        "ground":"园林工具,塑料配件加工,模具设计制造,小五金件加工,工装夹具设计制造,小家电等",
        "money":50,
        "name":"余姚市奥达鑫电子有限公司",
        "people":"钟汉庆"
    },
    {
        "category":"电饼铛",
        "ground":"塑料原料,塑料制品",
        "money":45,
        "name":"余姚市金总塑料模具厂",
        "people":"黄建治"
    },
    {
        "category":"空气炸锅",
        "ground":"塑料制品制造；模具制造；",
        "money":300,
        "name":"余姚市中天塑模有限公司",
        "people":"陈杰"
    },
    {
        "category":"电蒸锅",
        "ground":"模具,注塑",
        "money":10,
        "name":"余姚市贤明模具厂",
        "people":"诸贤明"
    },
    {
        "category":"榨汁机",
        "ground":"注塑模具,塑胶模具,五金件,冲压模具,塑料件加工,冲压件加工,拉伸件,拉伸模具",
        "money":50,
        "name":"余姚市华迪模具制造有限公司",
        "people":"袁理锋"
    },
    {
        "category":"豆浆机",
        "ground":"通信塑料配件,家用电器塑料配件,电源设备的塑料配件,模具制作,五金件",
        "money":30,
        "name":"余姚市远新电子电器厂",
        "people":"黄誉"
    },
    {
        "category":"豆浆机",
        "ground":"仪表塑壳,PLC工控盒,防水盒",
        "money":10,
        "name":"余姚市万腾模具塑料厂",
        "people":"郑洪明"
    },
    {
        "category":"料理机",
        "ground":"塑料模具",
        "money":10,
        "name":"余姚市泗门镇信诚塑模厂",
        "people":"陈国荣"
    },
    {
        "category":"豆浆机",
        "ground":"塑料制品，模具，五金件，冲件的制造加工",
        "money":180,
        "name":"余姚市联通塑模有限公司",
        "people":"彭威"
    },
    {
        "category":"空气炸锅",
        "ground":"模具",
        "money":10,
        "name":"余姚市鑫峰模具塑料厂",
        "people":"陈岳明"
    },
    {
        "category":"早餐机",
        "ground":"塑料制品,模具制造,产品加工",
        "money":10,
        "name":"余姚市低塘蓝翔塑料模具厂",
        "people":"邵建华"
    },
    {
        "category":"电饼铛",
        "ground":"模具制造;模具销售;塑料制品制造;塑料制品销售;家用电器制造",
        "money":190,
        "name":"余姚市金球塑料模具有限公司",
        "people":"唐佳杆"
    },
    {
        "category":"电炖锅",
        "ground":"塑料五金模具制品厂",
        "money":10,
        "name":"余姚市低塘迎松塑料制品厂",
        "people":"茅迎松"
    },
    {
        "category":"空气炸锅",
        "ground":"模具、塑料制品、交通安全设施的制造、加工",
        "money":30,
        "name":"余姚市腾飞中空塑料模具厂",
        "people":"韩秀丽"
    },
    {
        "category":"料理机",
        "ground":"注塑加工",
        "money":10,
        "name":"余姚如达塑料模具厂",
        "people":"冯士军"
    },
    {
        "category":"早餐机",
        "ground":"塑料产品,模具加工",
        "money":30,
        "name":"余姚市鼎天塑模有限公司",
        "people":"俞晓军"
    },
    {
        "category":"豆浆机",
        "ground":"模具设计及制造,电话机系列,汽车配件系列,家用电器系列",
        "money":50,
        "name":"余姚市飞龙塑料模具厂",
        "people":"陈银苗"
    },
    {
        "category":"榨汁机",
        "ground":"塑料模具,仪表壳体,塑料盒,外壳,塑料外壳,模具,收纳箱,塑料箱,小家电外壳,餐",
        "money":30,
        "name":"余姚市三力塑料模具厂",
        "people":"谢向杰"
    },
    {
        "category":"早餐机",
        "ground":"塑料制品,模具,塑料杯,各种模具,吊车遥控器,电话机",
        "money":10,
        "name":"余姚市城区华东塑料模具厂",
        "people":"周育栋"
    },
    {
        "category":"早餐机",
        "ground":"模具加工,橡胶成型加工,塑料模,尾灯,水箱",
        "money":145,
        "name":"宁波精亮模具有限公司",
        "people":"张强"
    },
    {
        "category":"电饼铛",
        "ground":"料料模具",
        "money":30,
        "name":"余姚市勇气塑料模具厂",
        "people":"王先生"
    },
    {
        "category":"豆浆机",
        "ground":"模具的制造、加工",
        "money":10,
        "name":"余姚市凌鑫塑料模具厂",
        "people":"杨伟鑫"
    },
    {
        "category":"榨汁机",
        "ground":"塑料机械,注塑机",
        "money":30,
        "name":"余姚市迪尔佳模具科技有限公司 ",
        "people":"袁建山"
    },
    {
        "category":"料理机",
        "ground":"塑料注塑成型,模具制造,五金件加工,橡塑模具及加工",
        "money":10,
        "name":"余姚市城区胜一塑模厂",
        "people":"楼耀波"
    },
    {
        "category":"榨汁机",
        "ground":"模具、塑料制品、五金件的制造、加工",
        "money":10,
        "name":"余姚市鑫阳塑料模具厂",
        "people":"宋福君"
    },
    {
        "category":"电炖锅",
        "ground":"注塑模具,压铸模",
        "money":10,
        "name":"余姚市华捷模具厂",
        "people":"吴明华"
    },
    {
        "category":"空气炸锅",
        "ground":"塑料制品,车用塑料配件,家用塑料制品,电子电工塑料件",
        "money":80,
        "name":"余姚市嘉诚模具塑料厂",
        "people":"戴钢森"
    },
    {
        "category":"空气炸锅",
        "ground":"模具的制造,塑料制品的加工",
        "money":10,
        "name":"余姚市朋通塑料模具厂",
        "people":"郑朋波"
    },
    {
        "category":"电饼铛",
        "ground":"塑料产品,塑料模具",
        "money":10,
        "name":"余姚丹烨电器厂",
        "people":"戚建夫"
    },
    {
        "category":"料理机",
        "ground":"塑料模具",
        "money":50,
        "name":"余姚市远拓塑模有限公司",
        "people":"周伟亮"
    },
    {
        "category":"电炖锅",
        "ground":"塑料模具",
        "money":10,
        "name":"余姚市余姚镇舜东塑料模具厂",
        "people":"张启锋"
    },
    {
        "category":"电蒸锅",
        "ground":"模具塑料产品加工",
        "money":10,
        "name":"余姚市余姚镇胜一塑料配件厂",
        "people":"朱国斌"
    },
    {
        "category":"料理机",
        "ground":"模具,塑料制品,五金件的制造、加工",
        "money":10,
        "name":"余姚市齐力塑胶模具厂",
        "people":"孙雪峰"
    },
    {
        "category":"空气炸锅",
        "ground":"塑料制品、注塑模、压铸模、冲压模及塑料、五金件的制造,加工",
        "money":10,
        "name":"余姚市天兴塑料制品厂",
        "people":"殷国源"
    },
    {
        "category":"电炖锅",
        "ground":"模具、电器配件、塑料件的制造、加工",
        "money":10,
        "name":"余姚市大河模具厂 ",
        "people":"邵水河"
    },
    {
        "category":"早餐机",
        "ground":"模具、塑料制品、汽摩配件、灯具、小家电、电子元件",
        "money":10,
        "name":"余姚市永浩塑料模具厂",
        "people":"陶承承"
    },
    {
        "category":"电蒸锅",
        "ground":"模具的研究、开发、制造,塑料制品、五金制品的制造,电子元器件",
        "money":50,
        "name":"余姚市昂振模具科技有限公司",
        "people":"罗柏定"
    },
    {
        "category":"电蒸锅",
        "ground":"塑料加工,模具制作",
        "money":50,
        "name":"余姚市铭海模塑制品厂",
        "people":"张建敏"
    },
    {
        "category":"电炖锅",
        "ground":"模具的制造、加工",
        "money":30,
        "name":"余姚市正邑模具厂",
        "people":"王泉标"
    },
    {
        "category":"榨汁机",
        "ground":"模具的制造、加工;塑料产品的加工",
        "money":10,
        "name":"余姚市信基塑料模具厂 ",
        "people":"鲁鑫科"
    },
    {
        "category":"料理机",
        "ground":"塑料模具,压铸模具,橡胶模具",
        "money":10,
        "name":"余姚市建诚模具厂",
        "people":"童建松"
    },
    {
        "category":"早餐机",
        "ground":"模具的制造,五金件、塑胶制品的加工及零售",
        "money":10,
        "name":"余姚市迪优模具五金厂",
        "people":"王运辉"
    },
    {
        "category":"电蒸锅",
        "ground":"塑料制品、模具的制造、加工",
        "money":10,
        "name":"余姚市拓路塑料模具厂",
        "people":"马信光"
    },
    {
        "category":"电饼铛",
        "ground":"模具的制造、加工",
        "money":10,
        "name":"余姚市马渚镇佳美模具雕铣中心",
        "people":"倪建荣"
    },
    {
        "category":"早餐机",
        "ground":"模具的制造、设计,塑胶产品的加工",
        "money":60,
        "name":"余姚市福莱达模塑厂",
        "people":"黄宣廷"
    },
    {
        "category":"电炖锅",
        "ground":"精冲模、精密型腔模、文具、塑胶制品、家用电器、净水器、厨卫及相关产品的生产",
        "money":2241,
        "name":"宁波锦海模具塑胶有限公司",
        "people":"张海振"
    },
    {
        "category":"料理机",
        "ground":"模具、铝塑制品、宠物用品、电子电器的制造、加工",
        "money":30,
        "name":"宁波市北仑区新矸科宇模具厂",
        "people":"贺世君"
    },
    {
        "category":"电蒸锅",
        "ground":"模具、塑料制品、电器制造、加工",
        "money":10,
        "name":"宁波市北仑区大矸华翔模具电器厂",
        "people":"沈炯"
    },
    {
        "category":"电饼铛",
        "ground":"模具,塑料制品,光纤连接器",
        "money":10,
        "name":"宁波市北仑区大矸德鑫精密模具制造厂",
        "people":"李德生"
    },
    {
        "category":"电炖锅",
        "ground":"塑料制品,车用塑料配件",
        "money":10,
        "name":"宁波市北仑区大矸城联模具厂 ",
        "people":"周一泓"
    },
    {
        "category":"早餐机",
        "ground":"塑胶、模具制造、加工,塑料原料批发、零售",
        "money":15,
        "name":"宁波市北仑区霞浦欣欣模具塑胶厂",
        "people":"方琪"
    },
    {
        "category":"早餐机",
        "ground":"模具",
        "money":600,
        "name":"宁波万隆模塑成型有限公司",
        "people":"金珍"
    },
    {
        "category":"榨汁机",
        "ground":"薄壁产品",
        "money":120,
        "name":"宁波北仑明隆塑胶模具有限公司 ",
        "people":"陈裕"
    },
    {
        "category":"早餐机",
        "ground":"模具、塑料制品、橡胶制品、普通机械设备、五金、电器配件、汽车配件",
        "money":350,
        "name":"宁波市北仑钜立精密模具有限公司",
        "people":"张日新"
    },
    {
        "category":"空气炸锅",
        "ground":"注塑加工,塑料模,工艺礼品加工,家居用品加工,家用塑料制品,塑料包装制品",
        "money":12,
        "name":"宁波市北仑区邬隘后洋胶木模具厂",
        "people":"顾传杰"
    },
    {
        "category":"电蒸锅",
        "ground":"各种模具、五金、机械、塑料制品的设计、制造",
        "money":1528,
        "name":"宁波成誉电器模具有限公司",
        "people":"徐慧芳"
    },
    {
        "category":"电炖锅",
        "ground":"精密型腔模、精密压铸模、精密汽车模具、精密家电模具及其配件的生产",
        "money":145,
        "name":"宁波正科模具制造有限公司",
        "people":"施晓杰"
    },
    {
        "category":"榨汁机",
        "ground":"塑料模具,压铸模具,及产品加工,橡胶模具,检具",
        "money":10,
        "name":"宁波市北仑区大碶鑫益模具厂",
        "people":"褚卫军"
    },
    {
        "category":"早餐机",
        "ground":"塑料制品、模具的制造加工",
        "money":18,
        "name":"宁波市北仑区小港天一塑料模具厂",
        "people":"金鑫"
    },
    {
        "category":"电蒸锅",
        "ground":"模具、塑料制品、橡胶制品、普通机械设备、五金、电器配件、汽车配件",
        "money":350,
        "name":"宁波市北仑钜立精密模具有限公司",
        "people":"张日新"
    },
    {
        "category":"空气炸锅",
        "ground":"精密模具、精密压铸、精密机械配件、精密仪器仪表、精密汽配的研发、制造、加工；",
        "money":10800,
        "name":"浙江华朔科技股份有限公司",
        "people":"李明"
    },
    {
        "category":"电蒸锅",
        "ground":"塑料制品、模具、五金电器产品制造、加工",
        "money":500,
        "name":"宁波市港腾塑业有限公司",
        "people":"史优美"
    },
    {
        "category":"早餐机",
        "ground":"模具、塑料制品、电器制造、加工",
        "money":10,
        "name":"宁波市北仑区大矸华翔模具电器厂 ",
        "people":"姚平"
    },
    {
        "category":"豆浆机",
        "ground":"塑料模具,压铸模具及产品生产",
        "money":10,
        "name":"宁波市北仑区大碶金腾模具机械",
        "people":"朱健华"
    },
    {
        "category":"空气炸锅",
        "ground":"塑料制品、模具的制造加工",
        "money":18,
        "name":"宁波市北仑区小港天一塑料模具厂",
        "people":"金鑫"
    },
    {
        "category":"豆浆机",
        "ground":"塑料制品加工,五金件制品加工,模具加工,创意生活用品制造",
        "money":10,
        "name":"宁波市北仑区大碶瑞途塑料制品厂",
        "people":"郑君"
    },
    {
        "category":"电蒸锅",
        "ground":"塑料模具",
        "money":50,
        "name":"宁波贝尔戴斯模塑有限公司",
        "people":"刘经理"
    },
    {
        "category":"榨汁机",
        "ground":"精冲模、精密型腔模、文具、塑胶制品、家用电器、净水器、厨卫及相关产品的生产",
        "money":2212,
        "name":"宁波锦海模具塑胶有限公司",
        "people":"张志"
    },
    {
        "category":"早餐机",
        "ground":"模具、塑胶制品、五金、冲压件制造、加工",
        "money":30,
        "name":"宁波市北仑精特模具塑胶厂",
        "people":"汪传武"
    },
    {
        "category":"榨汁机",
        "ground":"模具,塑料制品",
        "money":10,
        "name":"宁波北仑亚晟模具工贸有限公司",
        "people":"裘先生"
    },
    {
        "category":"电炖锅",
        "ground":"模具、塑料件、五金件的制造、加工",
        "money":10,
        "name":"宁波市北仑区大碶创天意模具塑料厂",
        "people":"周丽,"
    },
    {
        "category":"电饼铛",
        "ground":"塑料制品、模具、五金件的制造、加工",
        "money":10,
        "name":"宁波市北仑区大矸华利塑料模具厂",
        "people":"王中恩"
    },
    {
        "category":"豆浆机",
        "ground":"铝压铸模具,塑料模具",
        "money":10,
        "name":"宁波市北仑区大矸东诚模具厂",
        "people":"姚豪光"
    },
    {
        "category":"电炖锅",
        "ground":"塑料模具,塑料产品,塑料原料,仪器仪表,五金配件",
        "money":300,
        "name":"宁波埃米机械制造有限公司",
        "people":"谢益峰"
    },
    {
        "category":"早餐机",
        "ground":"塑料模具,塑料产品加工",
        "money":50,
        "name":"宁波北仑骏铭模塑有限公司",
        "people":"廖杰敏"
    },
    {
        "category":"榨汁机",
        "ground":"模具、塑料的制造、加工",
        "money":15,
        "name":"宁波市北仑区小港精胜模具厂",
        "people":"郑辉,"
    },
    {
        "category":"早餐机",
        "ground":"模具、塑料件、五金、家用电器、日用百货的制造、加工",
        "money":10,
        "name":"宁波市北仑区大矸北海模具塑料厂",
        "people":"刘璐"
    },
    {
        "category":"豆浆机",
        "ground":"模具、塑料制品的制造、加工、批发、零售",
        "money":100,
        "name":"宁波正益塑业有限公司",
        "people":"俞学雷"
    },
    {
        "category":"电蒸锅",
        "ground":"模具、塑料制品、塑料包装容器、五金配件的制造、加工;塑料原料",
        "money":20,
        "name":"宁波市北仑立晟塑胶模具有限公司",
        "people":"裘海平"
    },
    {
        "category":"榨汁机",
        "ground":"模具、治具加工",
        "money":10,
        "name":"宁波市北仑区大碶腾越模具加工厂",
        "people":"沈先生"
    },
    {
        "category":"料理机",
        "ground":"模具、塑料的制造、加工",
        "money":15,
        "name":"宁波市北仑区小港精胜模具厂",
        "people":"郑辉"
    },
    {
        "category":"电炖锅",
        "ground":"模具、塑料制品、橡胶制品",
        "money":50,
        "name":"宁波北仑恒甬模具有限公司",
        "people":"邓玉佳"
    },
    {
        "category":"榨汁机",
        "ground":"模具、塑胶制品的制造、加工",
        "money":10,
        "name":"宁波市北仑区大碶灏盛塑料模具厂",
        "people":"陈宇"
    },
    {
        "category":"电蒸锅",
        "ground":"模具、塑料制品、塑料包装容器、五金配件的制造、加工",
        "money":20,
        "name":"宁波市北仑立晟塑胶模具有限公司",
        "people":"裘海平"
    },
    {
        "category":"早餐机",
        "ground":"塑料模具,吹塑模具,压铸模具,注射加工,塑件开发",
        "money":10,
        "name":"宁波市北仑区大碶精亿模具厂",
        "people":"何意伟"
    },
    {
        "category":"电蒸锅",
        "ground":"塑料模具,塑料产品,塑料原料,仪器仪表,五金配件",
        "money":300,
        "name":"宁波埃米机械制造有限公司",
        "people":"谢益峰"
    },
    {
        "category":"料理机",
        "ground":"铝压铸模具,塑料模具",
        "money":10,
        "name":"宁波市北仑区大矸东诚模具厂",
        "people":"姚豪光"
    },
    {
        "category":"电饼铛",
        "ground":"塑料模具,塑料产品加工",
        "money":50,
        "name":"宁波北仑骏铭模塑有限公司",
        "people":"廖杰敏"
    },
    {
        "category":"榨汁机",
        "ground":"模具、塑料制品、五金制造、加工",
        "money":10,
        "name":"宁波市北仑区小港五盟惠庆模具塑料厂",
        "people":"徐惠庆"
    },
    {
        "category":"料理机",
        "ground":"塑料制品、模具、五金件的制造、加工",
        "money":10,
        "name":"宁波市北仑区大矸华利塑料模具厂",
        "people":"王中恩"
    },
    {
        "category":"榨汁机",
        "ground":"模具、汽车电器开关、塑料胶木制品、五金机械的制造、加工",
        "money":805,
        "name":"宁波东雄模具电器有限公司",
        "people":"陈红"
    },
    {
        "category":"电蒸锅",
        "ground":"模具",
        "money":600,
        "name":"宁波万隆模塑成型有限公司",
        "people":"陈敏振"
    },
    {
        "category":"电炖锅",
        "ground":"铝压铸,塑料件,模具,冲压件",
        "money":50,
        "name":"宁波市北仑田正机械制造有限公司",
        "people":"孙瑜"
    },
    {
        "category":"早餐机",
        "ground":"模具、塑料制品、五金件、汽车零部件、电子产品、普通机械设备制造",
        "money":500,
        "name":"宁波市北仑王盈模具有限公司",
        "people":"张仁剑"
    },
    {
        "category":"料理机",
        "ground":"模具制造、加工",
        "money":10,
        "name":"宁波市北仑区大碶精展模具厂",
        "people":"许海军"
    },
    {
        "category":"豆浆机",
        "ground":"塑料模具,塑料灯具配件,保险箱面板,电梯配件,注塑加工,亚克力吸顶灯,塑料制品",
        "money":10,
        "name":"宁波市北仑区柴桥天诚模塑厂",
        "people":"柯玉淼"
    },
    {
        "category":"电蒸锅",
        "ground":"模具制造;塑料制品制造;玩具制造;",
        "money":100,
        "name":"宁波仕康机械有限公司",
        "people":"王世峰"
    },
    {
        "category":"豆浆机",
        "ground":"模具、机械配件、塑料件制造、加工",
        "money":10,
        "name":"宁波市北仑区大碶金腾模具机械厂",
        "people":"朱健华"
    },
    {
        "category":"料理机",
        "ground":"模具制造、加工",
        "money":10,
        "name":"宁波市北仑区大碶凌翔模具制造厂",
        "people":"廖石进"
    },
    {
        "category":"榨汁机",
        "ground":"模具、文具、五金、塑胶制品、工艺品)的制造及加工",
        "money":143,
        "name":"宁波诚益塑胶实业有限公司",
        "people":"廖汉然"
    },
    {
        "category":"电蒸锅",
        "ground":"金属,塑料模具",
        "money":10,
        "name":"宁波市北仑区大矸东岙东方模具厂",
        "people":"忻烽"
    },
    {
        "category":"电炖锅",
        "ground":"精冲模、精密型腔模的研发、生产；塑料制品、五金件的制造、加工",
        "money":2055,
        "name":"华利保模具（宁波）有限公司",
        "people":"俞红亮"
    },
    {
        "category":"榨汁机",
        "ground":"模具、塑料制品、五金、电器零件、金属制品的制造、加工",
        "money":50,
        "name":"宁波市北仑中兴模具塑料厂",
        "people":"胡伟君"
    },
    {
        "category":"榨汁机",
        "ground":"模具、五金件、塑胶件、压铸件、冲压件的制造、加工",
        "money":50,
        "name":"宁波市北仑田正机械制造有限公司",
        "people":"孙瑜"
    },
    {
        "category":"榨汁机",
        "ground":"塑料产品,机械加工,模具制造",
        "money":359,
        "name":"宁波龙威机械有限公司",
        "people":"洪艳"
    },
    {
        "category":"料理机",
        "ground":"塑料模,冲压模,铸造模",
        "money":10,
        "name":"宁波市北仑区大碶东风模具塑料厂",
        "people":"周恩光"
    },
    {
        "category":"电饼铛",
        "ground":"模具、塑料、五金件的制造、加工",
        "money":18,
        "name":"宁波市北仑区塔峙和鸽模具厂",
        "people":"张旭峰"
    },
    {
        "category":"料理机",
        "ground":"模具制造加工,注塑产品加工",
        "money":10,
        "name":"宁波市北仑区龙盛模具制造厂",
        "people":"贺雪君"
    },
    {
        "category":"料理机",
        "ground":"模具、塑料、机械件制造及加工",
        "money":10,
        "name":"宁波市北仑区大碶科鑫塑料模具厂（普通合伙）",
        "people":"俞凯"
    },
    {
        "category":"豆浆机",
        "ground":"模具制造；通用设备制造（不含特种设备制造）；塑料加工专用设备制造；塑料制品制造；",
        "money":4311,
        "name":"希捷模塑机械（宁波）有限公司",
        "people":"池娅萍"
    },
    {
        "category":"空气炸锅",
        "ground":"模具,各种塑料制品",
        "money":100,
        "name":"宁波恒奇精密模具有限公司",
        "people":"郑小峰"
    },
    {
        "category":"料理机",
        "ground":"模具制造；模具销售；",
        "money":100,
        "name":"宁波恒奇精密模具有限公司",
        "people":"赵红"
    },
    {
        "category":"料理机",
        "ground":"模具、塑料制品、五金、橡胶配件、儿童玩具制造、加工,家用电器",
        "money":10,
        "name":"宁波市北仑区霞浦航盛模具塑胶厂",
        "people":"朱航"
    },
    {
        "category":"料理机",
        "ground":"模具、塑料、机械件制造及加工",
        "money":10,
        "name":"宁波市北仑区大碶科鑫塑料模具厂（普通合伙）",
        "people":"俞健开"
    },
    {
        "category":"电饼铛",
        "ground":"模具模具、五金件、塑料制品、金属制品的制造、加工",
        "money":10,
        "name":"宁波市北仑区大碶鑫越模具厂",
        "people":"胡静波"
    },
    {
        "category":"料理机",
        "ground":"塑料制品,塑料原料,模具",
        "money":10,
        "name":"宁波市北仑区新碶旭峰塑料制品厂",
        "people":"胡旭辉"
    },
    {
        "category":"早餐机",
        "ground":"塑料制品,模具,电动工具",
        "money":120,
        "name":"宁波市晨玥机电科技有限公司",
        "people":"王家飞"
    },
    {
        "category":"豆浆机",
        "ground":"塑料制品、五金配件、电子元件、电器配件的制造、加工",
        "money":20,
        "name":"奉化市鑫立塑料制品厂",
        "people":"陈立刚"
    },
    {
        "category":"榨汁机",
        "ground":"非金属制品模具设计、制造,塑胶制品制造、加工",
        "money":6211,
        "name":"宁波先豪塑胶精密模具有限公司",
        "people":"徐梅"
    },
    {
        "category":"电炖锅",
        "ground":"模具制造、加工",
        "money":10,
        "name":"宁波奉化岳林创杰模具厂",
        "people":"孙静轮"
    },
    {
        "category":"电蒸锅",
        "ground":"塑料配件、模具的制造、加工",
        "money":20,
        "name":"宁波奉化大远塑料配件厂",
        "people":"王亚华"
    },
    {
        "category":"早餐机",
        "ground":"精冲模、精密型腔模、模具标准件、塑料制品、五金冲件、家用电器制造、加工",
        "money":5000,
        "name":"宁波如强模塑有限公司",
        "people":"秦乾朝"
    },
    {
        "category":"电炖锅",
        "ground":"模具制造；塑料制品制造；五金产品制造；家用电器制造；",
        "money":500,
        "name":"宁海县百特欣荣模塑有限公司",
        "people":"秦先生"
    },
    {
        "category":"电炖锅",
        "ground":"塑料件、模具、五金件制造、加工",
        "money":30,
        "name":"宁海县嘉人塑料模具厂",
        "people":"陈芳"
    },
    {
        "category":"榨汁机",
        "ground":"模具软件研发；智能电器的研发、制造、加工、技术服务和技术转让；塑料制品、橡胶件、模具、五金件、家用电器及配件、汽车配件、文具、玩具、灯具、劳动防护用品、电子计算机及其外部设备、信号器具、通讯导航设备、音像设备、电器用晶体及碳素材料，电子、电气通用元件、安全救护器具、警报装置、电铃、充电器、母婴用品的研发、制造、加工、",
        "money":1118,
        "name":"宁波华宝智能科技股份有限公司",
        "people":"梁旭"
    },
    {
        "category":"豆浆机",
        "ground":"模具制造;塑料制品制造;五金产品制造;专用设备制造",
        "money":1000,
        "name":"宁波跃飞模具有限公司",
        "people":"叶海兵"
    },
    {
        "category":"电炖锅",
        "ground":"模具、普通机械设备及配件、塑料制品的制造、加工",
        "money":50,
        "name":"宁波市图程模具有限公司",
        "people":"王兴源"
    },
    {
        "category":"榨汁机",
        "ground":"精密模具,自动工装夹具,接插件注塑,对焦马达精密自动注塑,光纤插件,精密自动车铣",
        "money":500,
        "name":"宁波和鑫光电有限公司",
        "people":"王经理"
    },
    {
        "category":"电炖锅",
        "ground":"模具、塑料、五金件加工、制造",
        "money":20,
        "name":"宁海县黄坛镇新华模塑五金厂",
        "people":"项权"
    },
    {
        "category":"豆浆机",
        "ground":"模具制造;模具销售;塑料制品制造;塑料制品销售;橡胶制品",
        "money":500,
        "name":"宁海县大鹏模具塑料有限公司",
        "people":"李建勇"
    },
    {
        "category":"电炖锅",
        "ground":"塑料制品、模具、五金件、电子产品、文具、工艺品、玩具、家用电器、体育用品制造、加工",
        "money":50,
        "name":"宁海伟帆塑料模具有限公司",
        "people":"郑伟"
    },
    {
        "category":"电炖锅",
        "ground":"模具加工，塑胶件、五金件加工制造",
        "money":10,
        "name":"宁海县西店协恒塑胶模具厂",
        "people":"戴瑞国"
    },
    {
        "category":"早餐机",
        "ground":"模具制造与销售,塑料制品加工,玻璃钢模具,注塑模具,五金冲压模具,压铸模具,模具制造与销售,塑料制品加工,玻璃钢模具,注塑模具,五金冲压模具,压铸模具",
        "money":20,
        "name":"宁海县中庸日用品有限公司",
        "people":"金永飞"
    },
    {
        "category":"电蒸锅",
        "ground":"模具、五金件、塑料件制造、加工",
        "money":10,
        "name":"宁海吉达模具厂",
        "people":"葛宗达"
    },
    {
        "category":"早餐机",
        "ground":"模具制造；塑料制品制造；卫生洁具制造；家用电器制造；日用品生产专用设备制造；",
        "money":100,
        "name":"宁波持之恒塑业有限公司",
        "people":"娄晓波"
    },
    {
        "category":"豆浆机",
        "ground":"模具、塑料制品、金属制品、五金件制造、加工",
        "money":300,
        "name":"宁海瑞欧模具有限公司",
        "people":"黄鹏"
    },
    {
        "category":"豆浆机",
        "ground":"模具、塑料制品、金属制品、五金件制造、加工",
        "money":10,
        "name":"宁海县锋利模具塑料有限公司",
        "people":"陈幸锋"
    },
    {
        "category":"早餐机",
        "ground":"塑料日用品,模具开发,儿童折叠凳子,园林扣,伸缩挂钩,塑料宠物玩具",
        "money":20,
        "name":"宁海县天渡塑料制品厂",
        "people":"林明通"
    },
    {
        "category":"空气炸锅",
        "ground":"塑料产品,厨房用品,按摩器,日常用品,园林工具,清洗机配件,塑料模具,水杯,蛋清",
        "money":77,
        "name":"宁海县欣明五金模塑厂",
        "people":"陈梁嵘"
    },
    {
        "category":"料理机",
        "ground":"电子塑料灯,塑料制品,手电筒电池夹等,电子塑料灯,塑料制品,手电筒电池夹等",
        "money":10,
        "name":"宁海县西店协恒塑胶模具厂",
        "people":"戴瑞国"
    },
    {
        "category":"电炖锅",
        "ground":"塑料模具,塑料产品,五金件",
        "money":10,
        "name":"宁海县科贝模塑有限公司",
        "people":"许紫薇"
    },
    {
        "category":"早餐机",
        "ground":"汽车塑料配件,塑料模具,宠物用品塑料配件",
        "money":10,
        "name":"宁海县勉凯模具塑料厂",
        "people":"胡建丰"
    },
    {
        "category":"豆浆机",
        "ground":"模具、塑料制品制造、加工",
        "money":500,
        "name":"宁波天致模具有限公司",
        "people":"钱旭晓"
    },
    {
        "category":"电炖锅",
        "ground":"模具、塑料制品、机器设备、日用小家电设计、制造",
        "money":1000,
        "name":"宁波市益普乐模塑有限公司",
        "people":"王少峰"
    },
    {
        "category":"料理机",
        "ground":"精冲模、精密型腔模、模具标准件及其它模具、塑料制品、食品机械、五金机械、家用电器制造、加工",
        "money":503,
        "name":"宁波通顺模塑有限公司",
        "people":"喻谷鸣"
    },
    {
        "category":"电饼铛",
        "ground":"塑料产品,塑料模具",
        "money":10,
        "name":"宁海泓翔模塑科技有限公司",
        "people":"范经理"
    },
    {
        "category":"电炖锅",
        "ground":"模具、塑料件、五金件制造、加工",
        "money":50,
        "name":"宁海县华硕模具塑料厂",
        "people":"俞能勇"
    },
    {
        "category":"豆浆机",
        "ground":"模具、塑料件、五金件制造、加工",
        "money":10,
        "name":"宁海县西店晨展塑胶电器厂",
        "people":"张为杰"
    },
    {
        "category":"早餐机",
        "ground":"模具制造；橡胶制品制造；塑料制品制造；汽车零部件及配件制造；五金产品制造；文具制造",
        "money":300,
        "name":"宁波周龙塑胶模具有限公司",
        "people":"陈财水"
    },
    {
        "category":"豆浆机",
        "ground":"模具制造;塑料制品制造",
        "money":100,
        "name":"宁波锦豪模塑有限公司",
        "people":"胡先生"
    },
    {
        "category":"豆浆机",
        "ground":"塑料制品制造；模具制造；",
        "money":500,
        "name":"宁波和鑫光电科技有限公司",
        "people":"李和鑫"
    },
    {
        "category":"早餐机",
        "ground":"模具、塑料件、五金件制造、加工",
        "money":10,
        "name":"宁海县腾泰模具有限公司",
        "people":"徐耀飞"
    },
    {
        "category":"早餐机",
        "ground":"模具、塑料件、五金件制造、加工",
        "money":30,
        "name":"宁海县志成模塑有限公司",
        "people":"蒋行"
    },
    {
        "category":"豆浆机",
        "ground":"模具、塑料件、五金件制造、加工",
        "money":10,
        "name":"宁海县东晖模具厂",
        "people":"潘敏东"
    },
    {
        "category":"空气炸锅",
        "ground":"塑胶件、模具、电器配件、五金件制造、加工",
        "money":150,
        "name":"宁海县弘工塑胶模具有限公司",
        "people":"应荣辉"
    },
    {
        "category":"早餐机",
        "ground":"塑料件、五金件、模具、小家电制造、加工；",
        "money":150,
        "name":"宁波天下模塑有限公司",
        "people":"杨玲"
    },
    {
        "category":"料理机",
        "ground":"家电产品、吸尘器、清洗机、模具、塑料件、搪瓷制品、太阳能灯具及太阳能光伏产品的制造、加工",
        "money":3000,
        "name":"宁波华东机电制造有限公司",
        "people":"朱云杰"
    },
    {
        "category":"豆浆机",
        "ground":"模具、塑料件、五金件制造、加工",
        "money":10,
        "name":"宁海县腾泰模具有限公司",
        "people":"徐耀飞"
    },
    {
        "category":"电蒸锅",
        "ground":"塑料制品;模具;",
        "money":50,
        "name":"宁海县海滨塑胶模具有限公司",
        "people":"冯全印"
    },
    {
        "category":"电蒸锅",
        "ground":"模具、塑料件、五金件制造、加工",
        "money":10,
        "name":"宁海县前童煜程模具厂",
        "people":"杨长军"
    },
    {
        "category":"电炖锅",
        "ground":"模具,塑料产品,五金产品",
        "money":10,
        "name":"宁海县宇诚模具有限公司",
        "people":"王归月"
    },
    {
        "category":"电炖锅",
        "ground":"模具;塑料制品制造",
        "money":10,
        "name":"宁海县帆丰模具塑料厂",
        "people":"周慧敏"
    },
    {
        "category":"电炖锅",
        "ground":"缝纫工具组合,塑料针线包,针线套装,电子礼品,钥匙扣,模具,制造和加工,等",
        "money":10,
        "name":"宁海县海远电器厂",
        "people":"胡海永"
    },
    {
        "category":"电蒸锅",
        "ground":"橡胶制品,塑料制品,五金制品,橡胶模具,塑料模具",
        "money":10,
        "name":"宁海县华湖橡塑五金厂(普通合伙)",
        "people":"陈坚业"
    },
    {
        "category":"空气炸锅",
        "ground":"模具;塑料制品;金属制品;",
        "money":300,
        "name":"宁海瑞欧模具有限公司",
        "people":"陈迪宇"
    },
    {
        "category":"电蒸锅",
        "ground":"模具制造；塑料制品制造；汽车零部件及配件制造；新能源原动设备制造；文具制造；金属制日用品制造",
        "money":500,
        "name":"宁波华廷模塑有限公司",
        "people":"沈莎莎"
    },
    {
        "category":"榨汁机",
        "ground":"塑料包装制品,吹塑加工,模具加工,五金工具加工,汽摩配件加工,汽摩配件加工",
        "money":500,
        "name":"宁波兴霖电塑有限公司",
        "people":"麻秋平"
    },
    {
        "category":"榨汁机",
        "ground":"注塑,模具",
        "money":10,
        "name":"宁海县东泰模塑电机厂",
        "people":"陈旭"
    },
    {
        "category":"早餐机",
        "ground":"电子元器件制造；塑料制品制造；模具制造；工业设计服务；",
        "money":1452,
        "name":"法维莱科技（宁波）有限公司",
        "people":"\nNicolas ALLOIN"
    },
    {
        "category":"早餐机",
        "ground":"精密模具、橡塑制品、文具用品、冲压件、五金件制造、加工",
        "money":1110,
        "name":"宁波兴利模具有限公司",
        "people":"沈霄峰"
    },
    {
        "category":"早餐机",
        "ground":"塑料模具,塑料制品",
        "money":10,
        "name":"宁海积基模塑厂",
        "people":"胡玉叶"
    },
    {
        "category":"料理机",
        "ground":"注塑,模具",
        "money":10,
        "name":"宁海县东泰模塑电机厂",
        "people":"陈旭"
    },
    {
        "category":"豆浆机",
        "ground":"模具,塑料制品",
        "money":10,
        "name":"宁海松宇模塑有限公司",
        "people":"干建兵"
    },
    {
        "category":"早餐机",
        "ground":"轮椅塑料件,假肢塑件,汽车塑件,日用品塑件,轮椅塑件",
        "money":50,
        "name":"宁海伟帆塑料模具有限公司",
        "people":"郑伟"
    },
    {
        "category":"豆浆机",
        "ground":"家电模具,日用品模具,汽车配件模具,精密模具",
        "money":300,
        "name":"宁海腾博机械模具有限公司",
        "people":"蒋能冬"
    },
    {
        "category":"料理机",
        "ground":"模具、塑料件、五金件制造、加工",
        "money":50,
        "name":"宁海县城关上桥模具塑料厂",
        "people":"徐长女"
    },
    {
        "category":"电饼铛",
        "ground":"模具、塑料件、五金件制造、加工",
        "money":10,
        "name":"宁海县城关富强塑料模具厂",
        "people":"陈剑英"
    },
    {
        "category":"空气炸锅",
        "ground":"模具、橡塑制品、五金、建材、电器配件、灯具、汽车配件、气动元件",
        "money":40,
        "name":"象山恒光模具塑料厂",
        "people":"赖敏春"
    },
    {
        "category":"早餐机",
        "ground":"塑料制品、模具、橡胶制品、五金制造、加工",
        "money":500,
        "name":"象山精特塑胶模具有限公司",
        "people":"林琦"
    },
    {
        "category":"榨汁机",
        "ground":"模具加工,塑料模,橡胶模,注塑加工",
        "money":10,
        "name":"象山力进塑胶模具厂",
        "people":"朱颂山"
    },
    {
        "category":"电饼铛",
        "ground":"模具加工",
        "money":10,
        "name":"象山县西周中策模塑厂",
        "people":"周策"
    },
    {
        "category":"榨汁机",
        "ground":"塑料产品，模具设计，生产，加工，销售",
        "money":50,
        "name":"象山佳顺塑业有限公司",
        "people":"梁勇"
    },
    {
        "category":"空气炸锅",
        "ground":"模具制造、加工",
        "money":100,
        "name":"象山县贤庠懿衡模具厂",
        "people":"贺存洁"
    },
    {
        "category":"料理机",
        "ground":"模具制造;模具销售;机械零件、零部件加工;专业设计服务",
        "money":600,
        "name":"象山同家模具制造有限公司",
        "people":"蔡波"
    },
    {
        "category":"空气炸锅",
        "ground":"滚塑模具,滚塑制品",
        "money":50,
        "name":"象山丰德塑业有限公司",
        "people":"陈海龙"
    },
    {
        "category":"豆浆机",
        "ground":"机械、模具、汽车零部件制造、加工",
        "money":500,
        "name":"宁波日锋模具制造有限公司",
        "people":"应光成"
    },
    {
        "category":"豆浆机",
        "ground":"模具设计、制造、加工;塑料制品、汽车零部件制造、加工",
        "money":1000,
        "name":"宁波华众模具制造有限公司",
        "people":"朱勇往"
    },
    {
        "category":"电蒸锅",
        "ground":"塑料、模具、五金、电器制造、加工",
        "money":18,
        "name":"象山华旺模具塑料厂",
        "people":"翁雨龙"
    },
    {
        "category":"豆浆机",
        "ground":"塑料制件及模具",
        "money":30,
        "name":"象山县名驰机械厂",
        "people":"程胜法"
    },
    {
        "category":"电炖锅",
        "ground":"模具、塑料制品制造、加工",
        "money":10,
        "name":"象山西周双久模具厂",
        "people":"周文伟"
    },
    {
        "category":"电炖锅",
        "ground":"机械、模具、电器设备、塑料制品、五金制造、加工、批发、零售;模具设计",
        "money":627,
        "name":"宁波凯利机械模具有限公司",
        "people":"黄立挺"
    },
    {
        "category":"电饼铛",
        "ground":"塑料件的制造、加工",
        "money":10,
        "name":"宁波东钱湖旅游度假区华甬汽配塑料厂",
        "people":"毕林斌"
    },
    {
        "category":"豆浆机",
        "ground":"塑料制品、五金件、机械配件、模具、玩具、家用电器、儿童安全座椅的制造、加工",
        "money":150,
        "name":"宁波金基塑业有限公司",
        "people":"叶峰"
    },
    {
        "category":"榨汁机",
        "ground":"塑料制品,模具",
        "money":10,
        "name":"宁波市鄞州海博模具厂",
        "people":"陈贤茂"
    },
    {
        "category":"榨汁机",
        "ground":"塑料制品,塑料模具,塑料",
        "money":10,
        "name":"宁波市鄞州邱隘海达塑料五金厂",
        "people":"谢伦海"
    },
    {
        "category":"电炖锅",
        "ground":"模具、塑料配件、五金配件的制造、加工",
        "money":20,
        "name":"宁波鸿辉模具塑料厂",
        "people":"陈明红"
    },
    {
        "category":"料理机",
        "ground":"电子电器、塑料制品、五金件、模具加工",
        "money":50,
        "name":"宁波市鄞州万迪电子电器厂",
        "people":"朱喜林"
    },
    {
        "category":"料理机",
        "ground":"五金制品,冲件,塑料制品,模具的制造,加工",
        "money":10,
        "name":"宁波市鄞州天际金属制品有限公司",
        "people":"陶璐"
    },
    {
        "category":"早餐机",
        "ground":"塑料制品,五金件,模具,电器配件",
        "money":20,
        "name":"宁波市海曙新悦塑业有限公司",
        "people":"徐进邦"
    },
    {
        "category":"豆浆机",
        "ground":"橡胶制品,塑料制品,五金件,模具的制造",
        "money":10,
        "name":"宁波市海曙龙观德恩塑胶厂",
        "people":"邵璐彬"
    },
    {
        "category":"榨汁机",
        "ground":"泡沫塑料,五金件,电器零件,塑料制品,模具的制造",
        "money":50,
        "name":"宁波市鄞州楚业泡沫塑料有限公司",
        "people":"王智明"
    },
    {
        "category":"豆浆机",
        "ground":"塑胶模具制作,注塑加工,精密件机加工,产品设计开发",
        "money":50,
        "name":"宁波市鄞州万迪电子电器厂",
        "people":"朱喜林"
    },
    {
        "category":"空气炸锅",
        "ground":"塑料产品,塑料模具开发,厨房用品,洗浴用品,客厅用品",
        "money":10,
        "name":"宁波市鄞州云龙镇永精塑料制品厂",
        "people":"李君"
    },
    {
        "category":"电炖锅",
        "ground":"塑料模具的制造、加工、销售",
        "money":25,
        "name":"宁波市鄞州海旭塑胶模具有限公司",
        "people":"牟小红"
    },
    {
        "category":"电蒸锅",
        "ground":"塑料制品、胶木件、五金件、模具的制造、加工",
        "money":10,
        "name":"宁波市鄞州下应隆柯塑料模具厂",
        "people":"郑明龙"
    },
    {
        "category":"榨汁机",
        "ground":"塑料产品,塑料模具开发,厨房用品,洗浴用品,客厅用品",
        "money":10,
        "name":"宁波市鄞州云龙镇永精塑料制品厂",
        "people":"李君"
    },
    {
        "category":"早餐机",
        "ground":"塑料五金件、橡胶件、胶木件、机械配件及模具的制造",
        "money":10,
        "name":"宁波市鄞州东吴永恒塑料模具厂",
        "people":"屠规昌"
    },
    {
        "category":"电炖锅",
        "ground":"模具、塑料制品、五金件、冲件的制造、加工",
        "money":10,
        "name":"宁波市鄞州犀锐塑胶模具有限公司",
        "people":"徐恩"
    },
    {
        "category":"电炖锅",
        "ground":"塑料件、模具、五金件、电子产品的制造、加工",
        "money":20,
        "name":"宁波市鄞州恒瑞塑料厂",
        "people":"张高培"
    },
    {
        "category":"电蒸锅",
        "ground":"模具制造,注塑制品,手板模型,园林用具,喂鸟器,注塑加工,塑料外壳",
        "money":20,
        "name":"宁波市鄞州科宁塑胶制品厂",
        "people":"卓美琴"
    },
    {
        "category":"早餐机",
        "ground":"模具制造",
        "money":150,
        "name":"宁波百胜特钢有限公司",
        "people":"毕金"
    },
    {
        "category":"料理机",
        "ground":"塑料件、模具、五金件的制造、加工",
        "money":22,
        "name":"宁波市鄞州吴徐塑料模具厂",
        "people":"吴常君"
    },
    {
        "category":"早餐机",
        "ground":"模具制造,注塑制品,手板模型,园林用具,喂鸟器,注塑加工,塑料外壳",
        "money":20,
        "name":"宁波市鄞州科宁塑胶制品厂",
        "people":"卓美琴"
    },
    {
        "category":"料理机",
        "ground":"模具、五金件、塑料制品、电子产品、金属制品、小家电的制造、加工",
        "money":50,
        "name":"宁波东钱湖旅游度假区三的模塑有限公司",
        "people":"宋涛"
    },
    {
        "category":"豆浆机",
        "ground":"塑料制品,模具",
        "money":728,
        "name":"宁波市鄞州新新塑料模具厂",
        "people":"忻宏"
    },
    {
        "category":"电炖锅",
        "ground":"模具制造；塑料制品制造；机械零件、零部件加工；五金产品制造；家居用品制造；",
        "money":20,
        "name":"宁波市鄞州力帝模具厂",
        "people":"钱雄杰"
    },
    {
        "category":"料理机",
        "ground":"塑胶制品,五金工具,文具,模具的制造,加工",
        "money":50,
        "name":"宁波市鄞州骠骑塑胶有限公司",
        "people":"吕彩芬"
    },
    {
        "category":"料理机",
        "ground":"模具的加工,塑料制品、机械配件、电器配件的制造、加工",
        "money":20,
        "name":"宁波市鄞州晨晨模具塑料厂",
        "people":"仇士元"
    },
    {
        "category":"空气炸锅",
        "ground":"五金件、塑料件、冲件、模具的制造、加工",
        "money":10,
        "name":"宁波市鄞州五乡海普五金模具厂",
        "people":"黄海平"
    },
    {
        "category":"电饼铛",
        "ground":"各种注塑模具,注塑加工等",
        "money":50,
        "name":"宁波东钱湖旅游度假区三的模塑有限公司",
        "people":"宋涛"
    },
    {
        "category":"电蒸锅",
        "ground":"模具产品",
        "money":48,
        "name":"宁波高新区模励德机械有限公司",
        "people":"朱至明"
    },
    {
        "category":"料理机",
        "ground":"模具、五金件、汽车零部件、塑料制品的制造、加工、销售",
        "money":50,
        "name":"宁波市鄞州长久模塑有限公司",
        "people":"汪长军"
    }
]