[{"address": "\u6d59\u6c5f\u7701\u676d\u5dde\u5e02\u6ee8\u6c5f\u533a\u5357\u73af\u8def4028\u53f72#B102\u3001202", "category": "\u7535\u84b8\u9505", "ground": "ABS", "money": 19955, "name": "\u676d\u5dde\u683c\u6797\u8fbe\u7535\u5b50\u6750\u6599\u80a1\u4efd\u6709\u9650\u516c\u53f8", "property": "\u9ad8\u65b0\u6280\u672f\u4f01\u4e1a \u79d1\u6280\u578b\u4e2d\u5c0f\u4f01\u4e1a \u5236\u9020\u4e1a\u5355\u9879\u51a0\u519b\u4f01\u4e1a \u4e13\u7cbe\u7279\u65b0\u4e2d\u5c0f\u4f01\u4e1a \u4f01\u4e1a\u6280\u672f\u4e2d\u5fc3"}, {"address": "\u6d59\u6c5f\u7701\u676d\u5dde\u5e02\u4e0b\u57ce\u533a\u4e1c\u65b0\u8def155\u53f7", "category": "\u7535\u84b8\u9505", "ground": "ABS,PC", "money": 5000, "name": "\u6d59\u6c5f\u4e1c\u8d8a\u5316\u5de5\u6709\u9650\u516c\u53f8", "property": "\u5c0f\u5fae\u4f01\u4e1a"}, {"address": "\u6d59\u6c5f\u7701\u676d\u5dde\u5e02\u4e0a\u57ce\u533a\u676d\u5dde\u897f\u6e56\u5927\u9053", "category": "\u7535\u84b8\u9505", "ground": "ABS", "money": 2000, "name": "\u6d59\u6c5f\u4e2d\u5927\u6280\u672f\u8fdb\u53e3\u6709\u9650\u516c\u53f8", "property": "\u5c0f\u5fae\u4f01\u4e1a \u56fd\u6709\u4f01\u4e1a"}, {"address": "\u6d59\u6c5f\u7701\u676d\u5dde\u5e02\u6c5f\u5e72\u533a\u5bcc\u6625\u8def308\u53f723\u697c", "category": "\u7535\u84b8\u9505", "ground": "\u9ad8\u4f4e\u538bPE\\PP\\ABS", "money": 500, "name": "\u676d\u5dde\u7eb5\u8d2f\u8d38\u6613\u6709\u9650\u516c\u53f8", "property": "\u5c0f\u5fae\u4f01\u4e1a"}, {"address": "\u6d59\u6c5f\u7701\u676d\u5dde\u5e02\u897f\u6e56\u533a\u676d\u5dde\u4e07\u5858\u8def", "category": "\u7535\u84b8\u9505", "ground": "ABS", "money": 200, "name": "\u676d\u5dde\u9053\u683c\u5c14\u5851\u5316\u6709\u9650\u516c\u53f8", "property": "\u5c0f\u5fae\u4f01\u4e1a"}, {"address": "\u6d59\u6c5f\u7701\u676d\u5dde\u5e02\u8427\u5c71\u533a\u5e02\u5fc3\u4e2d\u8def1028\u53f7", "category": "\u7535\u84b8\u9505", "ground": "LDPE,HDPE,EPS,ABS,LLDPE,PP,GPPS", "money": 200, "name": "\u676d\u5dde\u7f18\u7fd4\u8d38\u6613\u6709\u9650\u516c\u53f8", "property": "\u5c0f\u5fae\u4f01\u4e1a"}, {"address": "\u6d59\u6c5f\u7701\u676d\u5dde\u5e02\u6850\u5e90\u53bf\u5206\u6c34\u9547\u4e1c\u6eaa\u5de5\u4e1a\u56ed", "category": "\u7535\u84b8\u9505", "ground": "ABS,AS,PC,PS,PP,PTR", "money": 200, "name": "\u6850\u5e90\u5353\u4f18\u5851\u6599\u6709\u9650\u516c\u53f8", "property": "\u5c0f\u5fae\u4f01\u4e1a"}, {"address": "\u6d59\u6c5f\u7701\u676d\u5dde\u5e02\u897f\u6e56\u533a\u897f\u6eaa\u4e16\u7eaa\u4e2d\u5fc31\u53f7\u697c943\u5ba4", "category": "\u7535\u84b8\u9505", "ground": "PE,PP,PU,PVC,PS,ABS", "money": 100, "name": "\u676d\u5dde\u805a\u6c38\u665f\u5316\u5de5\u6709\u9650\u516c\u53f8", "property": "\u5c0f\u5fae\u4f01\u4e1a"}, {"address": "\u6d59\u6c5f\u7701\u676d\u5dde\u5e02\u4f59\u676d\u533a\u74f6\u7a91\u9547\u897f\u5b89\u5bfa\u8d64\u6e2049\u53f7", "category": "\u7535\u84b8\u9505", "ground": "PVC\u5c01\u8fb9\u6761,ABS/\u4e9a\u514b\u529b\u5c01\u8fb9\u6761,\u677f\u5f0f\u5bb6\u5177\u5c01\u8fb9\u6761,U\u578b/T\u578b\u7b49\u5404\u7c7b\u5f02\u578b\u6761", "money": 100, "name": "\u676d\u5dde\u6b23\u4e4b\u7f8e\u5851\u80f6\u5236\u54c1\u6709\u9650\u516c\u53f8", "property": "\u5c0f\u5fae\u4f01\u4e1a"}, {"address": "\u6d59\u6c5f\u7701\u676d\u5dde\u5e02\u6850\u5e90\u53bf\u5206\u6c34\u9547\u65b0\u83dc\u573a\u5bf9\u9762\u5e9c\u524d\u90e1", "category": "\u7535\u84b8\u9505", "ground": "ABS,AS,MS,\u4e00\u7ea7\u5976\u9ec4ABS", "money": 60, "name": "\u6850\u5e90\u53bf\u5206\u6c34\u9547\u8bda\u9e23\u5851\u6599\u7c92\u5b50\u7ecf\u8425\u90e8", "property": "\u5c0f\u5fae\u4f01\u4e1a"}, {"address": "\u6d59\u6c5f\u7701\u676d\u5dde\u5e02\u5efa\u5fb7\u5e02\u5efa\u5fb7\u5927\u6148\u5ca9\u5de5\u4e1a\u56ed\u533a", "category": "\u7535\u84b8\u9505", "ground": "\u6539\u6027PP,\u6539\u6027PE,\u6539\u6027ABS,\u6539\u6027PA,\u6539\u6027PC,\u6539\u6027PBT,\u6539\u6027PPO", "money": 30, "name": "\u5efa\u5fb7\u5e02\u5929\u83b9\u5851\u6599\u5382", "property": "\u5c0f\u5fae\u4f01\u4e1a"}, {"address": "\u6d59\u6c5f\u7701\u676d\u5dde\u5e02\u5bcc\u9633\u533a\u94f6\u6e56\u8857\u9053\u91d1\u6865\u5317\u8def878-6\u53f7", "category": "\u7535\u84b8\u9505", "ground": "pp,pe,abs,pc,ps,pbt,pvc", "money": 10, "name": "\u676d\u5dde\u5bcc\u9633\u4f17\u946b\u5851\u80f6\u6709\u9650\u516c\u53f8", "property": "\u5c0f\u5fae\u4f01\u4e1a"}]