[{"address": "\u6d59\u6c5f\u7701\u676d\u5dde\u5e02\u62f1\u5885\u533a\u4e2d\u5c71\u5317\u8def\u4e2d\u5927\u5e7f\u573aA26\u697c", "category": "\u7535\u7096\u9505", "ground": "PE,PP,PS,ABS", "money": 50000, "name": "\u7269\u4ea7\u4e2d\u5927\u5316\u5de5\u96c6\u56e2\u6709\u9650\u516c\u53f8", "property": "\u56fd\u6709\u4f01\u4e1a"}, {"address": "\u6d59\u6c5f\u7701\u676d\u5dde\u5e02\u6ee8\u6c5f\u533a\u6d59\u6c5f\u676d\u5dde\u6cf0\u5b89\u8def199\u53f7\u519c\u8d44\u5927\u53a6", "category": "\u7535\u7096\u9505", "ground": "PE,PP,ABS\u7b49\u5851\u6599\u539f\u6599", "money": 10000, "name": "\u6d59\u6c5f\u660e\u65e5\u77f3\u5316\u6709\u9650\u516c\u53f8", "property": "\u56fd\u6709\u4f01\u4e1a"}, {"address": "\u6d59\u6c5f\u7701\u676d\u5dde\u5e02\u4e0a\u57ce\u533a\u676d\u5dde\u4e0b\u6c99", "category": "\u7535\u7096\u9505", "ground": "ABS", "money": 7813, "name": "\u676d\u5dde\u91d1\u6307\u7801\u5b9e\u4e1a\u6709\u9650\u516c\u53f8", "property": "\u5c0f\u5fae\u4f01\u4e1a"}, {"address": "\u6d59\u6c5f\u7701\u676d\u5dde\u5e02\u8427\u5c71\u533a\u57ce\u53a2\u9547\u6e56\u5934\u9648\u5de5\u4e1a\u56ed\u533a", "category": "\u7535\u7096\u9505", "ground": "ABS,PP", "money": 2000, "name": "\u6d59\u6c5f\u5408\u53d1\u5b9e\u4e1a\u80a1\u4efd\u6709\u9650\u516c\u53f8", "property": "\u65b0\u56db\u677f"}, {"address": "\u6d59\u6c5f\u7701\u676d\u5dde\u5e02\u8427\u5c71\u533a\u57ce\u53a2\u8857\u9053\u6e56\u5934\u9648\u5de5\u4e1a\u533a", "category": "\u7535\u7096\u9505", "ground": "PP,PE,PVC,PS,ABS", "money": 2000, "name": "\u6d59\u6c5f\u5408\u53d1\u5b9e\u4e1a\u80a1\u4efd\u6709\u9650\u516c\u53f8", "property": "\u65b0\u56db\u677f"}, {"address": "\u6d59\u6c5f\u7701\u676d\u5dde\u5e02\u8427\u5c71\u533a\u5546\u4e1a\u57ce\u7ad9\u524d\u5546\u8d38\u5e7f\u573a5\u5e624\u20145\u53f7", "category": "\u7535\u7096\u9505", "ground": "PVC\u677f,ABS\u677f,PP\u677f,PE\u677f", "money": 1000, "name": "\u676d\u5dde\u91d1\u4e16\u8054\u4e2d\u73af\u5851\u4e1a\u6709\u9650\u516c\u53f8", "property": "\u5c0f\u5fae\u4f01\u4e1a"}, {"address": "\u6d59\u6c5f\u7701\u676d\u5dde\u5e02\u4e0b\u57ce\u533a\u6d59\u6c5f \u671d\u8f89\u8def182\u53f7", "category": "\u7535\u7096\u9505", "ground": "\u539f\u6599ABS,\u539f\u6599GPPS,\u539f\u6599PA6,\u539f\u6599PBT,\u539f\u6599PC,\u539f\u6599PP,\u539f\u6599PMMA", "money": 1000, "name": "\u6d59\u6c5f\u71d5\u676d\u77f3\u5316\u6709\u9650\u516c\u53f8", "property": "\u5c0f\u5fae\u4f01\u4e1a"}, {"address": "\u6d59\u6c5f\u7701\u676d\u5dde\u5e02\u4e0a\u57ce\u533a\u7b15\u4e01\u8def168\u53f7", "category": "\u7535\u7096\u9505", "ground": "PP,PE,POE,POP,PC,ABS,EVA", "money": 600, "name": "\u676d\u5dde\u4e91\u8d77\u5316\u5de5\u6709\u9650\u516c\u53f8", "property": "\u5c0f\u5fae\u4f01\u4e1a"}, {"address": "\u6d59\u6c5f\u7701\u676d\u5dde\u5e02\u4e34\u5b89\u533a\u4e34\u5b89\u7ecf\u6d4e\u5f00\u53d1\u533a", "category": "\u7535\u7096\u9505", "ground": "ABS", "money": 200, "name": "\u676d\u5dde\u4e34\u5b89\u4e2d\u8d62\u5851\u6599\u6709\u9650\u516c\u53f8", "property": "\u5c0f\u5fae\u4f01\u4e1a"}, {"address": "\u6d59\u6c5f\u7701\u676d\u5dde\u5e02\u4e34\u5b89\u533a\u4e34\u5b89\u5e02\u7ecf\u6d4e\u5f00\u53d1\u533a\u9e64\u4ead\u88572\u53f7", "category": "\u7535\u7096\u9505", "ground": "ABS\uff0cPP", "money": 50, "name": "\u676d\u5dde\u4e34\u5b89\u4f73\u8c6a\u5851\u4e1a\u6709\u9650\u516c\u53f8", "property": "\u5c0f\u5fae\u4f01\u4e1a"}, {"address": "\u6d59\u6c5f\u7701\u676d\u5dde\u5e02\u5efa\u5fb7\u5e02\u5efa\u5fb7\u674e\u5bb6\u9547\u4e09\u6eaa\u6751", "category": "\u7535\u7096\u9505", "ground": "\u5851\u6599\u518d\u751f\u6599,ABS,LDPE,LLDPE,PP", "money": 50, "name": "\u5efa\u5fb7\u5e02\u65e5\u5174\u5851\u6599\u5236\u54c1\u5382", "property": "\u5c0f\u5fae\u4f01\u4e1a"}]