[{"address": "\u6d59\u6c5f\u7701\u676d\u5dde\u5e02\u4e0a\u57ce\u533a\u676d\u5dde", "category": "\u69a8\u6c41\u673a", "ground": "\u805a\u4e59\u70ef,LDPE,HDPE,LLDPE,ABS", "money": 5000, "name": "\u6d59\u6c5f\u521b\u5c79\u6295\u76c8\u5b9e\u4e1a\u6709\u9650\u516c\u53f8", "property": "\u5c0f\u5fae\u4f01\u4e1a"}, {"address": "\u6d59\u6c5f\u7701\u676d\u5dde\u5e02\u8427\u5c71\u533a\u6d59\u6c5f\u676d\u5dde\u8427\u5c71\u57ce\u53a2\u8857\u9053\u6e56\u5934\u9648\u793e\u533a\u897f\u5174\u8def158\u53f7", "category": "\u69a8\u6c41\u673a", "ground": "\u5851\u6599\u539f\u6599PP,PE,ABS\u7b49", "money": 2000, "name": "\u6d59\u6c5f\u5408\u53d1\u5b9e\u4e1a\u80a1\u4efd\u6709\u9650\u516c\u53f8", "property": "\u5c0f\u5fae\u4f01\u4e1a"}, {"address": "\u6d59\u6c5f\u7701\u676d\u5dde\u5e02\u6d59\u6c5f\u676d\u5dde\u8427\u5c71\u515a\u5c71", "category": "\u69a8\u6c41\u673a", "ground": "abs\u677f\u6750", "money": 2000, "name": "\u6d59\u6c5f\u8fbe\u5c14\u7f8e\u5851\u80f6\u6709\u9650\u516c\u53f8", "property": "\u5c0f\u5fae\u4f01\u4e1a \u9ad8\u65b0\u6280\u672f\u4f01\u4e1a \u79d1\u6280\u578b\u4e2d\u5c0f\u4f01\u4e1a"}, {"address": "\u6d59\u6c5f\u7701\u676d\u5dde\u5e02\u8427\u5c71\u533a\u676d\u5dde\u8427\u5c71", "category": "\u69a8\u6c41\u673a", "ground": "PVC\u5851\u6599\u677f,PP\u5851\u6599\u677f,PE\u677f,\u4e9a\u514b\u529b\u677f,ABS\u677f", "money": 1000, "name": "\u676d\u5dde\u91d1\u4e16\u8054\u4e2d\u73af\u5851\u4e1a\u6709\u9650\u516c\u53f8", "property": "\u5c0f\u5fae\u4f01\u4e1a"}, {"address": "\u6d59\u6c5f\u7701\u676d\u5dde\u5e02\u8427\u5c71\u533a\u4e2d\u56fd \u6d59\u6c5f \u6d66\u9633\u9547\u7075\u5c71\u6751", "category": "\u69a8\u6c41\u673a", "ground": "PVC\u8f6f\u677f,PVC\u786c\u677f,PP\u677f,PE\u677f,\u4e9a\u514b\u529b\u677f,ABS\u677f", "money": 1000, "name": "\u676d\u5dde\u5343\u4e49\u5851\u4e1a\u6709\u9650\u516c\u53f8", "property": "\u5c0f\u5fae\u4f01\u4e1a"}, {"address": "\u6d59\u6c5f\u7701\u676d\u5dde\u5e02\u8427\u5c71\u533a\u8427\u5c71\u9ad8\u65b0\u5341\u4e00\u8def89\u53f7", "category": "\u69a8\u6c41\u673a", "ground": "ABS,HDPE", "money": 800, "name": "\u676d\u5dde\u56db\u5408\u5851\u5316\u6709\u9650\u516c\u53f8", "property": "\u5c0f\u5fae\u4f01\u4e1a"}, {"address": "\u6d59\u6c5f\u7701\u676d\u5dde\u5e02\u62f1\u5885\u533a\u6c88\u534a\u8def10\u53f7\uff08\u6d59\u6c5f\u5316\u5de5\u5e02\u573a3048-5\u53f7", "category": "\u69a8\u6c41\u673a", "ground": "ABS,HIPS,GPPS,PMMA", "money": 500, "name": "\u676d\u5dde\u5947\u7f8e\u5316\u5de5\u7269\u8d44\u6709\u9650\u516c\u53f8", "property": "\u5c0f\u5fae\u4f01\u4e1a"}, {"address": "\u6d59\u6c5f\u7701\u676d\u5dde\u5e02\u4e0a\u57ce\u533a\u5047\u5c71\u8def8\u53f7\u65b0\u9752\u5e74\u5e7f\u573aC\u5e621605\u5ba4", "category": "\u69a8\u6c41\u673a", "ground": "PC,ABS,PBT,\u5851\u6599\u6dfb\u52a0\u5242", "money": 500, "name": "\u676d\u5dde\u4e2d\u805a\u5316\u5de5\u79d1\u6280\u6709\u9650\u516c\u53f8", "property": "\u5c0f\u5fae\u4f01\u4e1a"}, {"address": "\u6d59\u6c5f\u7701\u676d\u5dde\u5e02\u6c5f\u5e72\u533a\u5609\u5fb7\u5a01\u521b\u5fae\u56ed1\u5e62519", "category": "\u69a8\u6c41\u673a", "ground": "PC,ABS,\u9ad8\u80f6\u7c89,\u5c3c\u9f99,PMMA,PPO,PPS", "money": 300, "name": "\u676d\u5dde\u9686\u8302\u5316\u5de5\u6709\u9650\u516c\u53f8", "property": "\u5c0f\u5fae\u4f01\u4e1a"}, {"address": "\u6d59\u6c5f\u7701\u676d\u5dde\u5e02\u8427\u5c71\u533a\u676d\u5dde\u8427\u5c71\u901a\u60e0\u5357\u8def346-6\u53f7\uff08\u4ed3\u5e93\u8fc1\u5230\u8427\u5c71\u6240\u524d\u987a\u98ce\u5b9e\u4e1a\u6709\u9650\u516c\u53f8\u5185\uff09", "category": "\u69a8\u6c41\u673a", "ground": "PP,PE,PS,ABS", "money": 200, "name": "\u676d\u5dde\u4fca\u54f2\u5851\u6599\u5316\u5de5\u6709\u9650\u516c\u53f8", "property": "\u5c0f\u5fae\u4f01\u4e1a"}, {"address": "\u6d59\u6c5f\u7701\u676d\u5dde\u5e02\u4f59\u676d\u533a\u4ed3\u524d\u8857\u9053\u9f99\u6cc9\u8def6\u53f7", "category": "\u69a8\u6c41\u673a", "ground": "PA66/ABS/HDPE/PP/PC/POM/PMMA", "money": 50, "name": "\u676d\u5dde\u4e9a\u592a\u5316\u5de5\u6709\u9650\u516c\u53f8", "property": "\u5c0f\u5fae\u4f01\u4e1a"}]