[{"address": "\u6d59\u6c5f\u7701\u676d\u5dde\u5e02\u8427\u5c71\u533a\u76ca\u519c\u9547", "category": "\u65e9\u9910\u673a", "ground": "ABS,HDPE,LDPE,PET,PP,PVC,\u6a61\u80f6\u539f\u6599", "money": 10000, "name": "\u5927\u81ea\u7136\u63a7\u80a1\u96c6\u56e2", "property": "\u5c0f\u5fae\u4f01\u4e1a"}, {"address": "\u6d59\u6c5f\u7701\u676d\u5dde\u5e02\u8427\u5c71\u533a\u5317\u5e72\u8857\u9053\u4e07\u4e30\u5927\u53a61611\u5ba4", "category": "\u65e9\u9910\u673a", "ground": "PP,PE,PS,ABS", "money": 2000, "name": "\u6d59\u6c5f\u7279\u4ea7\u5929\u5730\u5851\u5316\u6709\u9650\u516c\u53f8", "property": "\u5c0f\u5fae\u4f01\u4e1a \u56fd\u6709\u4f01\u4e1a"}, {"address": "\u6d59\u6c5f\u7701\u676d\u5dde\u5e02\u6ee8\u6c5f\u533a\u4e39\u67ab\u8def788\u53f7\u51ef\u8d8a\u5927\u53a62005", "category": "\u65e9\u9910\u673a", "ground": "PP,PE,PS,ABS", "money": 2000, "name": "\u6d59\u6c5f\u7279\u4ea7\u5929\u5730\u5851\u5316\u6709\u9650\u516c\u53f8", "property": "\u5c0f\u5fae\u4f01\u4e1a \u56fd\u6709\u4f01\u4e1a"}, {"address": "\u6d59\u6c5f\u7701\u676d\u5dde\u5e02\u897f\u6e56\u533a\u540c\u4eba\u7cbe\u534e\u5927\u53a61\u5ea71134\u5ba4", "category": "\u65e9\u9910\u673a", "ground": "TPU,TPE/TPR,TPV,\u5c3c\u9f99,\u6539\u6027PP,ABS,POM", "money": 688, "name": "\u5b5a\u8302\u79d1\u6280\uff08\u676d\u5dde\uff09\u6709\u9650\u516c\u53f8", "property": "\u5c0f\u5fae\u4f01\u4e1a"}, {"address": "\u6d59\u6c5f\u7701\u676d\u5dde\u5e02\u6c5f\u5e72\u533a\u79cb\u6d9b\u8def83\u53f7\u65b0\u57ce\u5e02\u5e7f\u573aB\u5ea71816", "category": "\u65e9\u9910\u673a", "ground": "\u518d\u751f\u6599,\u518d\u751fABS,\u518d\u751fHDPE,\u518d\u751fLDPE,\u518d\u751fLLDPE", "money": 300, "name": "\u676d\u5dde\u4ec1\u8bda\u5851\u80f6\u6709\u9650\u516c\u53f8", "property": "\u5c0f\u5fae\u4f01\u4e1a"}, {"address": "\u6d59\u6c5f\u7701\u676d\u5dde\u5e02\u6850\u5e90\u53bf\u5206\u6c34\u9547\u5929\u82f1\u6751\u5858\u53e3\u6eaa", "category": "\u65e9\u9910\u673a", "ground": "\u518d\u751fABS,AS,PS,\u9897\u7c92", "money": 200, "name": "\u6850\u5e90\u5f18\u5e86\u5851\u6599\u5236\u54c1\u6709\u9650\u516c\u53f8", "property": "\u5c0f\u5fae\u4f01\u4e1a"}, {"address": "\u6d59\u6c5f\u7701\u676d\u5dde\u5e02\u6c5f\u5e72\u533a\u79cb\u6d9b\u5317\u8def83\u53f7\u65b0\u57ce\u5e02\u5e7f\u573aB\u5ea71126\u5ba4", "category": "\u65e9\u9910\u673a", "ground": "\u518d\u751f\u6599,\u518d\u751fABS,\u518d\u751fPC,\u518d\u751fPP", "money": 200, "name": "\u676d\u5dde\u65bd\u745e\u8fdb\u51fa\u53e3\u6709\u9650\u516c\u53f8", "property": "\u5c0f\u5fae\u4f01\u4e1a"}, {"address": "\u6d59\u6c5f\u7701\u676d\u5dde\u5e02\u4e0a\u57ce\u533a\u9f99\u5c71\u8def", "category": "\u65e9\u9910\u673a", "ground": "ABS", "money": 150, "name": "\u676d\u5dde\u5bcc\u9633\u571f\u675c\u5de5\u8d38\u6709\u9650\u516c\u53f8", "property": "\u5c0f\u5fae\u4f01\u4e1a"}, {"address": "\u6d59\u6c5f\u7701\u676d\u5dde\u5e02\u4e0a\u57ce\u533a\u676d\u5dde\u666f\u6c5f\u57ce\u5e02\u82b1\u56ed2\u5e623\u5355\u51431608", "category": "\u65e9\u9910\u673a", "ground": "ABS", "money": 50, "name": "\u676d\u5dde\u5947\u6fb3\u8d38\u6613\u6709\u9650\u516c\u53f8", "property": "\u5c0f\u5fae\u4f01\u4e1a"}, {"address": "\u676d\u5dde\u4f59\u676d\u533a\u4f59\u676d\u8857\u9053\u6d2a\u6850\u5e99", "category": "\u65e9\u9910\u673a", "ground": "ABS,AS,GPPS", "money": 50, "name": "\u676d\u5dde\u6c38\u5efa\u5851\u5316\u6709\u9650\u516c\u53f8", "property": "\u5c0f\u5fae\u4f01\u4e1a"}, {"address": "\u6d59\u6c5f\u7701\u676d\u5dde\u5e02\u4f59\u676d\u533a\u826f\u6e1a\u7ea4\u77f3\u675114\u7ec4", "category": "\u65e9\u9910\u673a", "ground": "\u6539\u6027PP,PE,PS,PA6,ABS", "money": 50, "name": "\u676d\u5dde\u79d1\u9633\u65b0\u6750\u6599\u79d1\u6280\u6709\u9650\u516c\u53f8", "property": "\u5c0f\u5fae\u4f01\u4e1a"}]