[{"address": "\u6d59\u6c5f\u7701\u676d\u5dde\u5e02\u5e02\u8f96\u533a\u6ee8\u6c5f\u533a\u6cf0\u5b89\u8def", "category": "\u8c46\u6d46\u673a", "ground": "PE,PP,PVC,ABS,PS\u539f", "money": 42000, "name": "\u6d59\u6c5f\u660e\u65e5\u63a7\u80a1\u96c6\u56e2\u80a1\u4efd\u6709\u9650\u516c\u53f8", "property": "\u56fd\u6709\u4f01\u4e1a"}, {"address": "\u6d59\u6c5f\u7701\u676d\u5dde\u5e02\u4e0a\u57ce\u533a\u6c5f\u5e72\u533a2\u53f7\u5927\u885728\u53f7", "category": "\u8c46\u6d46\u673a", "ground": "ABS", "money": 10000, "name": "\u5927\u5b89\u63a7\u80a1\u96c6\u56e2\u80a1\u4efd\u6709\u9650\u516c\u53f8", "property": "\u5c0f\u5fae\u4f01\u4e1a"}, {"address": "\u6d59\u6c5f\u7701\u676d\u5dde\u5e02\u6d59\u6c5f\u676d\u5dde\u8427\u5c71\u7ecf\u6d4e\u5f00\u53d1\u533a", "category": "\u8c46\u6d46\u673a", "ground": "HDPE,LDPE,LLDPE,PP,PVC,ABS", "money": 5000, "name": "\u6d59\u6c5f\u4f20\u5316\u5de5\u8d38\u6709\u9650\u516c\u53f8", "property": ""}, {"address": "\u6d59\u6c5f\u7701\u676d\u5dde\u5e02\u8427\u5c71\u533a\u5efa\u8bbe\u4e00\u8def66\u53f7\u534e\u745e\u4e2d\u5fc326\u5c42", "category": "\u8c46\u6d46\u673a", "ground": "ABS", "money": 3000, "name": "\u6d59\u6c5f\u534e\u745e\u4fe1\u606f\u8d44\u8baf\u80a1\u4efd\u6709\u9650\u516c\u53f8", "property": "\u9ad8\u65b0\u6280\u672f\u4f01\u4e1a\u79d1\u6280\u578b\u4e2d\u5c0f\u4f01\u4e1a\u4e13\u7cbe\u7279\u65b0\u4e2d\u5c0f\u4f01\u4e1a"}, {"address": "\u6d59\u6c5f\u7701\u676d\u5dde\u5e02\u676d\u5dde\u4f59\u676d\u533a\u4e54\u53f8\u9547\u535a\u5361\u8def\u516b\u53f7", "category": "\u8c46\u6d46\u673a", "ground": "ABS", "money": 1300, "name": "\u676d\u5dde\u5feb\u4e50\u5b9e\u4e1a\u6709\u9650\u516c\u53f8", "property": "\u5c0f\u5fae\u4f01\u4e1a"}, {"address": "\u6d59\u6c5f\u7701\u676d\u5dde\u5e02\u6ee8\u6c5f\u533a\u6ee8\u76db\u8def1509\u53f7\u5929\u6052\u5927\u53a61506\u5ba4", "category": "\u8c46\u6d46\u673a", "ground": "PP ,PE,PS ,ABS", "money": 1000, "name": "\u6d59\u6c5f\u6b63\u5408\u77f3\u5316\u6709\u9650\u516c\u53f8", "property": "\u5c0f\u5fae\u4f01\u4e1a"}, {"address": "\u6d59\u6c5f\u7701\u676d\u5dde\u5e02\u6c5f\u5e72\u533a\u94b1\u6c5f\u65f6\u4ee3\u56fd\u9645\u5e7f\u573a2\u680b3104\u5ba4", "category": "\u8c46\u6d46\u673a", "ground": "PP,PE,ABS", "money": 800, "name": "\u676d\u5dde\u8363\u4e50\u8fdb\u51fa\u53e3\u6709\u9650\u516c\u53f8", "property": "\u5c0f\u5fae\u4f01\u4e1a"}, {"address": "\u6d59\u6c5f\u7701\u676d\u5dde\u5e02\u6c5f\u5e72\u533a\u7b15\u6865\u9547\u5b8b\u90fd\u65f6\u95f4\u56fd\u96452\u5e62818\u5ba4", "category": "\u8c46\u6d46\u673a", "ground": "\u6539\u6027\u6599,\u6539\u6027ABS,\u6539\u6027PA6,\u6539\u6027PC", "money": 800, "name": "\u676d\u5dde\u94a7\u666e\u79d1\u6280\u6709\u9650\u516c\u53f8", "property": "\u5c0f\u5fae\u4f01\u4e1a"}, {"address": "\u6d59\u6c5f\u7701\u676d\u5dde\u5e02\u5efa\u5fb7\u5e02\u83b2\u82b1\u9547", "category": "\u8c46\u6d46\u673a", "ground": "\u5851\u6599\u518d\u751f\u6599,ABS,PP", "money": 54, "name": "\u6d59\u6c5f\u7701\u5efa\u5fb7\u5e02\u83b2\u82b1\u65b0\u6750\u6599\u79d1\u6280\u6709\u9650\u516c\u53f8", "property": "\u5c0f\u5fae\u4f01\u4e1a"}, {"address": "\u6d59\u6c5f\u7701\u676d\u5dde\u5e02\u5efa\u5fb7\u5e02\u5bff\u660c\u9547\u7701\u7ea7\u7ecf\u6d4e\u5f00\u53d1\u533a", "category": "\u8c46\u6d46\u673a", "ground": "\u5851\u6599\u586b\u5145\u6539\u6027\u6bcd\u6599(ABS,PS,PP,PE,EVA\u7b49\u5439\u819c,\u6ce8\u5851,\u6324\u51fa\u7b49\u6bcd\u6599\uff09", "money": 33, "name": "\u5efa\u5fb7\u5e02\u5a01\u5c14\u5851\u5316\u5382", "property": "\u5c0f\u5fae\u4f01\u4e1a"}]