[{"address": "\u6d59\u6c5f\u7701\u676d\u5dde\u5e02", "category": "\u7a7a\u6c14\u70b8\u9505", "ground": "\u5851\u6599\u5236\u54c1\u3001\u6a21\u5177", "money": 318, "name": "\u676d\u5dde\u5b9d\u6613\u5b9d\u5851\u80f6\u6709\u9650\u516c\u53f8", "property": "\u5c0f\u5fae\u4f01\u4e1a"}, {"address": "\u6d59\u6c5f\u7701\u676d\u5dde\u5e02", "category": "\u7a7a\u6c14\u70b8\u9505", "ground": "\u5851\u6599\u5236\u54c1\u3001\u6a21\u5177\u3001\u6a61\u80f6\u5236\u54c1", "money": 100, "name": "\u676d\u5dde\u535a\u6656\u79d1\u6280\u6709\u9650\u516c\u53f8", "property": "\u5c0f\u5fae\u4f01\u4e1a"}, {"address": "\u6d59\u6c5f\u7701\u676d\u5dde\u5e02", "category": "\u7a7a\u6c14\u70b8\u9505", "ground": "\u6a21\u5177\u53ca\u5851\u6599\u4ea7\u54c1\u5f00\u53d1\u4e0e\u52a0\u5de5", "money": 50, "name": "\u676d\u5dde\u901a\u8fd0\u5851\u80f6\u6709\u9650\u516c\u53f8", "property": "\u5c0f\u5fae\u4f01\u4e1a"}, {"address": "\u6d59\u6c5f\u7701\u676d\u5dde\u5e02", "category": "\u7a7a\u6c14\u70b8\u9505", "ground": "\u6a21\u5177\uff0c\u5851\u6599\u5236\u54c1", "money": 50, "name": "\u676d\u5dde\u4f73\u8bda\u6a21\u5177\u5236\u9020\u6709\u9650\u516c\u53f8", "property": "\u5c0f\u5fae\u4f01\u4e1a"}, {"address": "\u6d59\u6c5f\u7701\u676d\u5dde\u5e02", "category": "\u7a7a\u6c14\u70b8\u9505", "ground": "\u5851\u80f6\u5236\u54c1\uff0c\u6a21\u5177\uff0c\u7535\u5b50\u4ea7\u54c1", "money": 50, "name": "\u676d\u5dde\u653f\u5b8f\u5851\u80f6\u7535\u5b50\u6709\u9650\u516c\u53f8", "property": "\u5c0f\u5fae\u4f01\u4e1a"}, {"address": "\u6d59\u6c5f\u7701\u676d\u5dde\u5e02", "category": "\u7a7a\u6c14\u70b8\u9505", "ground": " \u6a21\u5177\u7684\u7814\u53d1\u3001\u8bbe\u8ba1\u3001\u9500\u552e", "money": 50, "name": "\u676d\u5dde\u51a0\u5e84\u7cbe\u5bc6\u6a21\u5177\u6709\u9650\u516c\u53f8", "property": "\u5c0f\u5fae\u4f01\u4e1a"}, {"address": "\u6d59\u6c5f\u7701\u676d\u5dde\u5e02", "category": "\u7a7a\u6c14\u70b8\u9505", "ground": "\u6c90\u6d74\u623f\u914d\u4ef6,\u5851\u6599\u6a21\u5177,\u6d74\u5ba4\u67dc,\u536b\u6d74\u4ea7\u54c1", "money": 30, "name": "\u676d\u5dde\u5229\u987a\u5b9e\u4e1a\u6709\u9650\u516c\u53f8", "property": "\u5c0f\u5fae\u4f01\u4e1a"}]