[{"address": "\u6d59\u6c5f\u7701\u676d\u5dde\u5e02\u6ee8\u6c5f\u533a\u6cf0\u5b89\u8def199\u53f7\u6d59\u6c5f\u519c\u8d44\u5927\u53a6", "category": "\u7535\u997c\u94db", "ground": "PS,ABS", "money": 8000, "name": "\u6d59\u6c5f\u660e\u65e5\u519c\u8d44\u5851\u6599\u6709\u9650\u516c\u53f8", "property": "\u5c0f\u5fae\u4f01\u4e1a \u56fd\u6709\u4f01\u4e1a"}, {"address": "\u6d59\u6c5f\u7701\u676d\u5dde\u5e02\u6c5f\u5e72\u533a\u676d\u5dde\u7ecf\u6d4e\u6280\u672f\u5f00\u53d1\u533a6\u53f7\u5927\u8857452\u53f73\u5e626\u697c", "category": "\u7535\u997c\u94db", "ground": "\u6539\u6027ABS,PP,\u6297\u83cc\u5851\u6599", "money": 2500, "name": "\u676d\u5dde\u4e2d\u79d1\u548c\u8fbe\u79d1\u6280\u6709\u9650\u516c\u53f8", "property": "\u5c0f\u5fae\u4f01\u4e1a"}, {"address": "\u6d59\u6c5f\u7701\u676d\u5dde\u5e02\u5efa\u5fb7\u5e02\u83b2\u82b1\u9547102\u53f7", "category": "\u7535\u997c\u94db", "ground": "pbt,pom\u8fdb\u53e3\u65b0\u6599,abs,pa6,66,pbt,poe\u518d\u751f\u6599", "money": 1000, "name": "\u676d\u5dde\u7533\u88d5\u8d38\u6613\u6709\u9650\u516c\u53f8", "property": "\u5c0f\u5fae\u4f01\u4e1a"}, {"address": "\u6d59\u6c5f\u7701\u676d\u5dde\u5e02\u4f59\u676d\u533a\u5858\u6816\u9547\u6b23\u5317\u94b1\u6c5f\u56fd\u9645\u5927\u53a64\u5e622014\u5ba4", "category": "\u7535\u997c\u94db", "ground": "PC,ABS,PP", "money": 520, "name": "\u676d\u5dde\u5143\u5609\u6a61\u5851\u6750\u6599\u6709\u9650\u516c\u53f8", "property": "\u5c0f\u5fae\u4f01\u4e1a"}, {"address": "\u6d59\u6c5f\u7701\u676d\u5dde\u5e02\u4e0b\u57ce\u533a\u6f6e\u738b\u8def45\u53f7", "category": "\u7535\u997c\u94db", "ground": "ABS\u9ad8\u80f6\u7c89,PC,PP,MBS,SBS,PE,PBT,ACR\u7b49\u5404\u79cd\u5de5\u7a0b\u5851\u6599\u52a9\u5242", "money": 500, "name": "\u676d\u5dde\u4e2d\u805a\u5316\u5de5\u79d1\u6280\u6709\u9650\u516c\u53f8", "property": "\u5c0f\u5fae\u4f01\u4e1a"}, {"address": "\u6d59\u6c5f\u7701\u676d\u5dde\u5e02\u4e0a\u57ce\u533a\u6c5f\u5e72\u533a\u5927\u4e16\u754c\u4e94\u91d1\u57ce6\u5e62211\u5ba4", "category": "\u7535\u997c\u94db", "ground": "ABS,PP,PC,PA66,PA6,MBS,ACR", "money": 300, "name": "\u676d\u5dde\u6960\u6728\u5316\u5de5\u6709\u9650\u516c\u53f8", "property": "\u5c0f\u5fae\u4f01\u4e1a"}, {"address": "\u6d59\u6c5f\u7701\u676d\u5dde\u5e02\u4e34\u5e73\u533a\u5d07\u8d24\u8857\u9053\u5d07\u8d24\u9547\u5858\u5eb7\u8def39\u53f7", "category": "\u7535\u997c\u94db", "ground": "PP,PE,ABS", "money": 300, "name": "\u676d\u5dde\u5851\u8fc8\u8d38\u6613\u6709\u9650\u516c\u53f8", "property": "\u5c0f\u5fae\u4f01\u4e1a"}, {"address": "\u6d59\u6c5f\u7701\u676d\u5dde\u5e02\u6c5f\u5e72\u533a\u4e2d\u56fd\u6d59\u6c5f\u676d\u5dde\u73af\u7ad9\u4e1c\u8def777\u53f7\u4e1c\u7ad9\u897f\u5b50\u56fd\u9645B\u5ea7704\u5ba4", "category": "\u7535\u997c\u94db", "ground": "ABS,ASA", "money": 200, "name": "\u676d\u5dde\u5851\u5408\u65b0\u6750\u6599\u6709\u9650\u516c\u53f8", "property": "\u5c0f\u5fae\u4f01\u4e1a"}, {"address": "\u6d59\u6c5f\u7701\u676d\u5dde\u5e02\u4f59\u676d\u533a\u4ed3\u524d\u8857\u9053\u5b8b\u5bb6\u5c7188\u53f7-1", "category": "\u7535\u997c\u94db", "ground": "PVC,ABS,CPE", "money": 100, "name": "\u676d\u5dde\u56e0\u6cf0\u8bfa\u524b\u8d38\u6613\u6709\u9650\u8d23\u4efb\u516c\u53f8", "property": "\u5c0f\u5fae\u4f01\u4e1a"}, {"address": "\u6d59\u6c5f\u7701\u676d\u5dde\u5e02\u8427\u5c71\u533a\u4e34\u6d66\u9547\u81ea\u7531\u5b54\u793e\u533a", "category": "\u7535\u997c\u94db", "ground": "\u5851\u6599\u539f\u6599,\u539f\u6599ABS,\u539f\u6599PP", "money": 100, "name": "\u676d\u5dde\u534e\u65ed\u5851\u80f6\u6709\u9650\u516c\u53f8", "property": "\u5c0f\u5fae\u4f01\u4e1a"}, {"address": "\u6d59\u6c5f\u7701\u676d\u5dde\u5e02\u4e0a\u57ce\u533a\u676d\u5dde\u79cb\u6d9b\u5317\u8def\u65b0\u57ce\u5e02\u5e7f\u573aB\u5ea71202", "category": "\u7535\u997c\u94db", "ground": "PP,PE,ABS", "money": 50, "name": "\u676d\u5dde\u4e1c\u6b63\u5851\u5316\u6709\u9650\u516c\u53f8", "property": "\u5c0f\u5fae\u4f01\u4e1a"}]