[
    {
        "category":"豆浆机",
        "ground":"塑料制品、模具及配件、塑料原料、橡胶制品",
        "money":500,
        "name":"台州市黄岩科隆塑模有限公司",
        "people":"罗健"
    },
    {
        "category":"料理机",
        "ground":"模具制造；塑料制品制造；",
        "money":2800,
        "name":"浙江精诚模具机械有限公司",
        "people":"符慧"
    },
    {
        "category":"空气炸锅",
        "ground":"模具、塑料制品、五金产品制造、加工、销售",
        "money":20,
        "name":"台州市黄岩天材模具有限公司",
        "people":"许国顺"
    },
    {
        "category":"电蒸锅",
        "ground":"模具制造;塑料制品制造;工业机器人制造;母婴用品制造",
        "money":998,
        "name":"浙江黄岩纪元模具有限公司",
        "people":"海浪"
    },
    {
        "category":"豆浆机",
        "ground":"模具、塑料制品制造",
        "money":10,
        "name":"台州市黄岩恒益模具有限公司",
        "people":"章祖鸿"
    },
    {
        "category":"豆浆机",
        "ground":"模具、塑料制品制造",
        "money":550,
        "name":"台州市黄岩西园模具有限公司",
        "people":"周红霞"
    },
    {
        "category":"电蒸锅",
        "ground":"模具、塑料制品制造，汽车零部件研发、制造、销售，宠物用品制造、销售，技术进出口与货物进出口",
        "money":1118,
        "name":"浙江亨达塑模股份有限公司",
        "people":"缪巍"
    },
    {
        "category":"豆浆机",
        "ground":"塑料模具,注塑模具,吹瓶模具,瓶坯模具",
        "money":588,
        "name":"台州市黄岩汉威塑料模具有限公司",
        "people":"熊明成"
    },
    {
        "category":"豆浆机",
        "ground":"模具制造",
        "money":10,
        "name":"台州市黄岩港艺电器模具厂",
        "people":"叶海滨"
    },
    {
        "category":"电饼铛",
        "ground":"塑料模具",
        "money":50,
        "name":"浙江黄岩联峰模塑有限公司",
        "people":"虞显智"
    },
    {
        "category":"榨汁机",
        "ground":"塑料模具,冲压模具,橡胶模具,加工各类塑料产品",
        "money":10,
        "name":"台州市黄岩光照塑料模具厂",
        "people":"邵光照"
    },
    {
        "category":"料理机",
        "ground":"模具销售;塑料制品制造;塑料制品销售;机械零件、零部件加工",
        "money":50,
        "name":"台州市辉达模具科技有限公司",
        "people":"张欢庆"
    },
    {
        "category":"豆浆机",
        "ground":"塑料制品(涉及许可证项目凭许可证经营)、模具制造、加工",
        "money":10,
        "name":"台州市黄岩富乾塑料模具厂",
        "people":"陈敏富"
    },
    {
        "category":"电饼铛",
        "ground":"模具、塑料制品、汽车配件、摩托车配件制造，铁制品、铝制品加工",
        "money":300,
        "name":"台州市黄岩北威模具工业有限公司",
        "people":"金楠"
    },
    {
        "category":"电蒸锅",
        "ground":"塑料制品(涉及许可证的,凭许可证经营)制造",
        "money":15,
        "name":"黄岩和平塑料制品厂",
        "people":"潘建萍"
    },
    {
        "category":"豆浆机",
        "ground":"模具、塑料制品制造、加工，塑料原料销售，技术进出口与货物进出口。",
        "money":780,
        "name":"浙江荣信模具塑料有限公司",
        "people":"胡兆西"
    },
    {
        "category":"空气炸锅",
        "ground":"模具、塑料制品、宠物专用品、智能家居设备",
        "money":2000,
        "name":"浙江大雄模业股份有限公司",
        "people":"王秋平"
    },
    {
        "category":"榨汁机",
        "ground":"塑料模具及机械制造",
        "money":10,
        "name":"台州市黄岩明日模具厂",
        "people":"陈志翔"
    },
    {
        "category":"电饼铛",
        "ground":"模具、塑料制品(涉及许可证项目凭许可证经营)制造、加工",
        "money":10,
        "name":"台州市黄岩城区顺良模具厂",
        "people":"王曰良"
    },
    {
        "category":"料理机",
        "ground":"模具制造",
        "money":90,
        "name":"台州市黄岩龙宏塑料机械有限公司",
        "people":"黄伟强"
    },
    {
        "category":"豆浆机",
        "ground":"塑料制品(涉及许可证项目,凭许可证生产)、模具",
        "money":600,
        "name":"台州市韦尼塑料模具有限公司",
        "people":"张光"
    },
    {
        "category":"电蒸锅",
        "ground":"塑料制品",
        "money":10,
        "name":"黄岩西城东宇模具厂",
        "people":"夏华泓"
    },
    {
        "category":"空气炸锅",
        "ground":"模具、塑料制品制造、加工",
        "money":600,
        "name":"台州市黄岩晶威模具有限公司",
        "people":"周洪"
    },
    {
        "category":"电蒸锅",
        "ground":"模具制造;模具销售;塑料制品制造;塑料制品销售;",
        "money":30,
        "name":"台州市凌亚塑胶模具有限公司",
        "people":"戴伟华"
    },
    {
        "category":"空气炸锅",
        "ground":"塑料制品,家用塑料制品",
        "money":375,
        "name":"台州市黄岩城南模具塑料厂",
        "people":"张康"
    },
    {
        "category":"电炖锅",
        "ground":"塑料工业专用设备、模具、数控机床、塑料制品（涉及许可证项目，凭许可证生产）制造、加工",
        "money":50,
        "name":"台州市黄岩迈格机械模具有限公司",
        "people":"蔡佳翰"
    },
    {
        "category":"电蒸锅",
        "ground":"塑料制品、模具、工艺品制造、加工、销售",
        "money":17,
        "name":"浙江黄岩振天塑料模具厂",
        "people":"周聪"
    },
    {
        "category":"早餐机",
        "ground":"塑料制品、模具制造、加工,货物进出口与技术进出口",
        "money":1000,
        "name":"浙江凯豪塑料模具有限公司",
        "people":"胡星星"
    },
    {
        "category":"电饼铛",
        "ground":"模具制造;模具销售;塑料制品制造;",
        "money":500,
        "name":"台州市一川模具有限公司",
        "people":"夏娟"
    },
    {
        "category":"榨汁机",
        "ground":"塑料制品(涉及许可证的凭许可证经营)、模具加工",
        "money":10,
        "name":"台州市黄岩临泰塑料模具厂",
        "people":"吴荣正"
    },
    {
        "category":"豆浆机",
        "ground":"模具、塑料制品、橡胶制品",
        "money":50,
        "name":"台州君燕模具有限公司",
        "people":"赵海军"
    },
    {
        "category":"豆浆机",
        "ground":"塑料制品、模具制造、加工",
        "money":10,
        "name":"台州市黄岩山城塑料模具厂",
        "people":"戴永江"
    },
    {
        "category":"料理机",
        "ground":"模具、塑料制品制造、加工",
        "money":10,
        "name":"台州市黄岩普发模具厂",
        "people":"肖先生"
    },
    {
        "category":"电饼铛",
        "ground":"模具及配件、塑料制品",
        "money":1091,
        "name":"浙江凯华模具有限公司",
        "people":"张国平"
    },
    {
        "category":"电饼铛",
        "ground":"模具制造;模具销售;塑料制品销售;塑料制品制造",
        "money":3000,
        "name":"浙江西诺模具有限公司",
        "people":"张洋"
    },
    {
        "category":"空气炸锅",
        "ground":"模具、塑料制品(涉及许可证项目凭许可证经营)制造、加工",
        "money":10,
        "name":"台州市黄岩城区顺良模具厂",
        "people":"蔡善健"
    },
    {
        "category":"榨汁机",
        "ground":"模具制造",
        "money":10,
        "name":"台州市黄岩双嘉模具厂",
        "people":"孙勇祥"
    },
    {
        "category":"榨汁机",
        "ground":"模具、塑料制品(涉及许可证的,凭许可证经营)、机械零部件制造",
        "money":20,
        "name":"台州市黄岩正诚达模具机械有限公司",
        "people":"徐燕"
    },
    {
        "category":"早餐机",
        "ground":"塑料加工专用设备制造;塑料加工专用设备销售;模具制造",
        "money":90,
        "name":"台州市黄岩龙宏塑料机械有限公司",
        "people":"王美珠"
    },
    {
        "category":"电炖锅",
        "ground":"模具制造；模具销售；塑料制品制造；塑料制品销售；",
        "money":50,
        "name":"台州市黄岩精英模业有限公司",
        "people":" 葛志敏"
    },
    {
        "category":"电饼铛",
        "ground":"模具、塑料制品制造、加工,技术进出口和货物进出口",
        "money":916,
        "name":"台州市黄岩天惠模具有限公司",
        "people":"蒋丹"
    },
    {
        "category":"电蒸锅",
        "ground":"模具、塑料制品制造、加工,技术进出口与货物进出口",
        "money":200,
        "name":"台州市黄岩弘锦模具有限公司",
        "people":"顾夏清"
    },
    {
        "category":"榨汁机",
        "ground":"模具设计、制造、加工、销售,塑料制品研发、制造、销售,铝制品研发",
        "money":1000,
        "name":"浙江欧乐模具有限公司",
        "people":"许灵佟"
    },
    {
        "category":"电炖锅",
        "ground":"模具制造",
        "money":10,
        "name":"台州市黄岩型腔模具厂",
        "people":"牟黎明"
    },
    {
        "category":"电蒸锅",
        "ground":"模具、塑料制品制造、销售,技术进出口和货物进出口",
        "money":30,
        "name":"台州市黄岩百业模具厂",
        "people":"林婷婷"
    },
    {
        "category":"电炖锅",
        "ground":"模具、塑料制品、汽车零配件制造、加工",
        "money":500,
        "name":"台州市三普模具股份有限公司",
        "people":"喻祥韦"
    },
    {
        "category":"早餐机",
        "ground":"模具、塑料制品、塑料加工专用设备及零配件制造、加工、销售",
        "money":50,
        "name":"台州市黄岩精跃达模业机械有限公司",
        "people":"陈建华"
    },
    {
        "category":"榨汁机",
        "ground":"塑料制品、模具制造；机械设备、日用品、铝制品销售",
        "money":50,
        "name":"台州市黄岩顺旭塑模有限公司",
        "people":"王余玲"
    },
    {
        "category":"早餐机",
        "ground":"塑料制品、模具、五金配件研发、制造、加工、销售，货物进出口与技术进出口",
        "money":60,
        "name":"台州市黄岩英朗塑模有限公司",
        "people":"张锦"
    },
    {
        "category":"榨汁机",
        "ground":"模具制造;模具销售;塑料制品制造;塑料制品销售;",
        "money":2200,
        "name":"浙江大成模具有限公司",
        "people":"郑艳"
    },
    {
        "category":"电炖锅",
        "ground":"模具、塑料制品、机械零部件制造、销售；技术进出口和货物进出口。",
        "money":100,
        "name":"台州市黄岩新视觉工贸有限公司",
        "people":"玉琴"
    },
    {
        "category":"电蒸锅",
        "ground":"模具及配件、铁制工艺品、塑料制品(涉及许可证的,凭许可证经营)",
        "money":100,
        "name":"黄岩技佳模具有限公司",
        "people":"邱灿茂"
    },
    {
        "category":"豆浆机",
        "ground":"模具及配件、塑料制品制造、加工、销售；技术进出口与货物进出口",
        "money":100,
        "name":"台州市黄岩小霞模具责任有限公司",
        "people":"陈小霞"
    },
    {
        "category":"豆浆机",
        "ground":"模具,塑料模具,日用品模具,管件模具",
        "money":10,
        "name":"台州市黄岩九铖模具厂",
        "people":"郑菲菲"
    },
    {
        "category":"电蒸锅",
        "ground":"塑料加工专业设备及其零配件、塑料制品制造、加工、销售;模具及其零部件的设计",
        "money":20,
        "name":"台州百代机械模具有限公司",
        "people":"李美芳"
    },
    {
        "category":"电饼铛",
        "ground":"模具研发、设计、加工、制造，塑料制品",
        "money":1056,
        "name":"浙江祥安模塑有限公司",
        "people":"牟锡荣"
    },
    {
        "category":"豆浆机",
        "ground":"塑料制品(涉及许可证的,凭许可证经营)、模具制造、加工",
        "money":500,
        "name":"台州市黄岩荣新塑料模具厂",
        "people":"项杰"
    },
    {
        "category":"空气炸锅",
        "ground":"日用品模具,塑料模具,汽车模具,工业模具,精密模具",
        "money":158,
        "name":"台州市黄岩亿森模具有限公司",
        "people":"甘建芬"
    },
    {
        "category":"料理机",
        "ground":"模具制造;模具销售;塑料制品制造;塑料制品销售",
        "money":10,
        "name":"黄岩巨星模具厂",
        "people":"刘振奇"
    },
    {
        "category":"豆浆机",
        "ground":"模具、塑料制品制造、加工",
        "money":20,
        "name":"黄岩飙升模具厂",
        "people":"王先生"
    },
    {
        "category":"榨汁机",
        "ground":"汽摩配件,塑料日用品,塑料模具",
        "money":10,
        "name":"台州市黄岩亨润塑料模具有限公司",
        "people":"吴彬彬"
    },
    {
        "category":"电炖锅",
        "ground":"塑料制品、模具制造、加工、销售",
        "money":200,
        "name":"黄岩豪双塑料模具厂",
        "people":"朱丽霞"
    },
    {
        "category":"料理机",
        "ground":"塑料注塑模具",
        "money":50,
        "name":"台州市黄岩亨亚模业有限公司",
        "people":"朱剑敏"
    },
    {
        "category":"电炖锅",
        "ground":"塑料注塑模具,汽车件模具,日用品模具,家电模具",
        "money":300,
        "name":"台州誊喏模塑有限公司",
        "people":"刘仁辉"
    },
    {
        "category":"榨汁机",
        "ground":"模具制造",
        "money":10,
        "name":"台州市黄岩腾宝塑料模具厂",
        "people":"王伟军"
    },
    {
        "category":"料理机",
        "ground":"模具，塑料制品（涉及许可证的凭许可证生产）",
        "money":2174,
        "name":"台州市虹靖盛塑料模具有限公司",
        "people":"江有根"
    },
    {
        "category":"榨汁机",
        "ground":"模具,注塑模具,塑料模具,吹塑模具,日用品模具,家电模具,健身器材模具",
        "money":10,
        "name":"台州市黄岩诺洲塑料模具有限公司",
        "people":"王丹"
    },
    {
        "category":"空气炸锅",
        "ground":"模具制造；塑料制品制造；模具销售；塑料制品销售",
        "money":168,
        "name":"台州市黄岩智联模塑有限公司",
        "people":"王欢欢"
    },
    {
        "category":"料理机",
        "ground":"模具制造、加工",
        "money":10,
        "name":"台州市黄岩杰伊德模具厂",
        "people":"汪昆"
    },
    {
        "category":"榨汁机",
        "ground":"模具、塑料制品制造、加工",
        "money":10,
        "name":"台州市黄岩铁克模具厂",
        "people":"俞仙林"
    },
    {
        "category":"电饼铛",
        "ground":"模具,塑料制品(涉及许可证的凭许可证经营)加工",
        "money":10,
        "name":"台州市恒光模具厂",
        "people":"林丽娜"
    },
    {
        "category":"电蒸锅",
        "ground":"模具、塑料制品",
        "money":1000,
        "name":"浙江万豪模塑股份有限公司",
        "people":"陈小姐"
    },
    {
        "category":"早餐机",
        "ground":"模具、塑料制品制造、加工",
        "money":10,
        "name":"台州市黄岩三鼎模具厂",
        "people":"陈宇"
    },
    {
        "category":"电饼铛",
        "ground":"模具、塑料制品制造、加工、销售,技术进出口与货物进出口",
        "money":100,
        "name":"台州市黄岩捷旺模具有限公司",
        "people":"王益萍"
    },
    {
        "category":"料理机",
        "ground":"模具,塑料制品",
        "money":10,
        "name":"台州市黄岩伟祺塑料厂",
        "people":"卢启森"
    },
    {
        "category":"早餐机",
        "ground":"塑料模具,菜篮,刨刀,杯子,保鲜盒,饭盒",
        "money":10,
        "name":"台州市欣瑞塑业有限公司",
        "people":"黄先生"
    },
    {
        "category":"电蒸锅",
        "ground":"注塑模具,日用品模具,托盘模具,家电模具,薄壁模具,汽配模具等",
        "money":15,
        "name":"台州市黄岩奥邦塑模有限公司",
        "people":"谢慧芬"
    },
    {
        "category":"豆浆机",
        "ground":"塑料制品、模具制造、加工",
        "money":18,
        "name":"台州市黄岩远雄聚酯塑料模具厂",
        "people":"林忠义"
    },
    {
        "category":"电蒸锅",
        "ground":"塑料衣架,塑料衣夹,塑料裤夹,塑料裤架,晒衣架",
        "money":10,
        "name":"台州市黄岩升益塑料厂",
        "people":"黄官虎"
    },
    {
        "category":"料理机",
        "ground":"塑料制品、模具研发、制造、销售",
        "money":50,
        "name":"台州市世高塑模科技有限公司",
        "people":" 章冬令"
    },
    {
        "category":"早餐机",
        "ground":"模具制造",
        "money":30,
        "name":"台州市黄岩青荣华塑模有限公司",
        "people":"李步青"
    },
    {
        "category":"榨汁机",
        "ground":"模具、塑料制品制造",
        "money":32,
        "name":"台州市黄岩巨能机械模具有限公司",
        "people":"王同勋"
    },
    {
        "category":"空气炸锅",
        "ground":"模具、塑料制品制造、加工",
        "money":600,
        "name":"台州市黄岩晶威模具有限公司",
        "people":"张国良"
    },
    {
        "category":"豆浆机",
        "ground":"日用塑料制品,塑料箱,塑料盒,塑料菜版,塑料模具",
        "money":10,
        "name":"台州市黄岩江林塑料厂",
        "people":"黄维江"
    },
    {
        "category":"电蒸锅",
        "ground":"模具、塑料制品、五金产品制造、加工、销售",
        "money":38,
        "name":"浙江黄岩龙威汽塑模具厂",
        "people":"张方伟"
    },
    {
        "category":"电饼铛",
        "ground":"塑料模具",
        "money":10,
        "name":"台州市黄岩科云模具厂",
        "people":"茅昌学"
    },
    {
        "category":"空气炸锅",
        "ground":"塑料制品、模具制造、加工,货物进出口与技术进出口",
        "money":50,
        "name":"台州市黄岩赛奥塑料模具厂",
        "people":"郑赵岳"
    },
    {
        "category":"豆浆机",
        "ground":"五金制品、模具、塑胶制品制造、销售；文具用品批发、零售",
        "money":10,
        "name":"磐安县磐烨模具塑胶厂",
        "people":"吴志坚"
    },
    {
        "category":"豆浆机",
        "ground":"塑料制品、模具制造销售",
        "money":10,
        "name":"磐安县璘璘塑料模具制造厂",
        "people":"厉松平"
    },
    {
        "category":"早餐机",
        "ground":"经营范围\t模具加工、塑料加工。",
        "money":10,
        "name":"磐安县新波塑料模具厂",
        "people":"厉新波"
    },
    {
        "category":"电蒸锅",
        "ground":"模具、塑料制品制造、销售",
        "money":10,
        "name":"磐安县鼎亿模具塑料厂",
        "people":"厉益峰"
    },
    {
        "category":"电饼铛",
        "ground":"塑料玩具、塑料饰品、塑料包装盒、塑料配件",
        "money":10,
        "name":"义乌市仁源塑料制品厂",
        "people":"赵志宏"
    },
    {
        "category":"榨汁机",
        "ground":"塑胶模具,模具制造,日用美发用品,玩具",
        "money":10,
        "name":"义乌市念宽模具厂",
        "people":"朱超"
    },
    {
        "category":"榨汁机",
        "ground":"模具制造；玩具制造",
        "money":300,
        "name":"义乌江浩塑胶科技有限公司",
        "people":"何敏"
    },
    {
        "category":"空气炸锅",
        "ground":"模具制造;模具销售;互联网销售;工业设计服务;塑料制品制造",
        "money":10,
        "name":"义乌市佳龙模具厂",
        "people":"吴明辉"
    },
    {
        "category":"电炖锅",
        "ground":"模具",
        "money":10,
        "name":"义乌市明存模具厂",
        "people":"黄明存"
    },
    {
        "category":"电炖锅",
        "ground":"精密塑料模具制造",
        "money":10,
        "name":"义乌市零创模具厂",
        "people":"黄仙强"
    },
    {
        "category":"料理机",
        "ground":"模具,注塑模具,日用品模具,文体模具,玩具模具,大型模具,薄壁模具,热流道模具,饰品模具,化妆品模具,五金模具",
        "money":10,
        "name":"义乌市郑舒婴模具厂",
        "people":"郑舒婴"
    },
    {
        "category":"榨汁机",
        "ground":"模具",
        "money":10,
        "name":"义乌市义宁模具加工厂",
        "people":"冯慧"
    }
]