[{"address": "\u4e0a\u6d77\u56fd\u5bb6\u4f1a\u5c55\u4e2d\u5fc3", "category": "\u65e9\u9910\u673a", "ground": "\u65f6\u95f4\uff1a2023/06/17-2023/06/19", "money": 2, "name": "CFIE\u4e2d\u56fd\u98df\u6750\u5c55", "property": "\u5c55\u5385\uff1a5.2\u30016.2"}, {"address": "\u4e0a\u6d77\u56fd\u5bb6\u4f1a\u5c55\u4e2d\u5fc3", "category": "\u65e9\u9910\u673a", "ground": "\u65f6\u95f4\uff1a2023/06/08-2023/06/10", "money": 1, "name": "\u4e0a\u6d77\u56fd\u9645\u9152\u5e97\u6295\u8d44\u52a0\u76df\u53ca\u7279\u8bb8\u7ecf\u8425\u7cfb\u5217\u5c55\u89c8\u4f1a", "property": "\u5c55\u5385\uff1a8.1"}]