[{"address": "\u4e0a\u6d77\u56fd\u5bb6\u4f1a\u5c55\u4e2d\u5fc3", "category": "\u7535\u997c\u94db", "ground": "\u65f6\u95f4\uff1a2023/09/28-2023/09/30", "money": 6, "name": "\u7b2c\u4e8c\u5341\u4e00\u5c4a\u4e2d\u56fd\u56fd\u9645\u98df\u54c1\u548c\u996e\u6599\u5c55\u89c8\u4f1a", "property": "\u5c55\u5385\uff1a1.1\u30012.1\u3001NH\u30013\u30014.1\u30015.1"}, {"address": "\u4e0a\u6d77\u56fd\u5bb6\u4f1a\u5c55\u4e2d\u5fc3", "category": "\u7535\u997c\u94db", "ground": "\u65f6\u95f4\uff1a2023/05/31-2023/06/02", "money": 1, "name": "\u9ad8\u767b\u56fd\u9645\u7f8e\u98df\u5c55", "property": "\u5c55\u5385\uff1a1.2H"}]