[{"address": "\u4e0a\u6d77\u56fd\u5bb6\u4f1a\u5c55\u4e2d\u5fc3", "category": "\u6599\u7406\u673a", "ground": "\u65f6\u95f4\uff1a2023/09/19-2023/09/22", "money": 7, "name": "\u4e2d\u56fd\u56fd\u9645\u7119\u70e4\u5c55\u89c8\u4f1a", "property": "\u5c55\u5385\uff1a1.1H\u30012.1H\u30015.1H\u30016.1H\u30017.1H\u30018.1H\u3001NH"}, {"address": "\u4e0a\u6d77\u56fd\u5bb6\u4f1a\u5c55\u4e2d\u5fc3", "category": "\u6599\u7406\u673a", "ground": "\u65f6\u95f4\uff1a2023/10/20-2023/10/22", "money": 2, "name": "\u4e0a\u6d77\u56fd\u9645\u70d8\u7119\u5c55\u89c8\u4f1a", "property": "\u5c55\u5385\uff1a2.1\u30012.2"}, {"address": "\u4e0a\u6d77\u56fd\u5bb6\u4f1a\u5c55\u4e2d\u5fc3", "category": "\u6599\u7406\u673a", "ground": "\u65f6\u95f4\uff1a2023/12/14-2023/12/16", "money": 1, "name": "CBME\u4f9b\u5e94\u94fe\u66a8\u81ea\u6709\u54c1\u724c\u5c55", "property": "\u5c55\u5385\uff1a6.2H"}]