[{"address": "\u4e0a\u6d77\u56fd\u5bb6\u4f1a\u5c55\u4e2d\u5fc3", "category": "\u6599\u7406\u673a", "ground": "\u65f6\u95f4\uff1a2023/09/19-2023/09/22", "money": 7, "name": "\u4e2d\u56fd\u56fd\u9645\u7119\u70e4\u5c55\u89c8\u4f1a", "property": "\u5c55\u5385\uff1a1.1H\u30012.1H\u30015.1H\u30016.1H\u30017.1H\u30018.1H\u3001NH"}, {"address": "\u4e0a\u6d77\u56fd\u5bb6\u4f1a\u5c55\u4e2d\u5fc3", "category": "\u6599\u7406\u673a", "ground": "\u65f6\u95f4\uff1a2023/05/31-2023/06/02", "money": 1, "name": "\u9ad8\u767b\u56fd\u9645\u7f8e\u98df\u5c55", "property": "\u5c55\u5385\uff1a1.2H"}, {"address": "\u4e0a\u6d77\u56fd\u5bb6\u4f1a\u5c55\u4e2d\u5fc3", "category": "\u6599\u7406\u673a", "ground": "\u65f6\u95f4\uff1a2023/07/17-2023/07/25", "money": 1, "name": "\u6dd8\u5b9d\u9020\u7269\u8282", "property": "\u5c55\u5385\uff1a2.2H"}]