[{"address": "\u4e0a\u6d77\u56fd\u5bb6\u4f1a\u5c55\u4e2d\u5fc3", "category": "\u6599\u7406\u673a", "ground": "\u65f6\u95f4\uff1a2023/05/31-2023/06/02", "money": 1, "name": "\u9ad8\u767b\u56fd\u9645\u7f8e\u98df\u5c55", "property": "\u5c55\u5385\uff1a1.2H"}, {"address": "\u4e0a\u6d77\u56fd\u5bb6\u4f1a\u5c55\u4e2d\u5fc3", "category": "\u7535\u7096\u9505", "ground": "\u65f6\u95f4\uff1a2023/12/14-2023/12/16", "money": 1, "name": "CBME\u4f9b\u5e94\u94fe\u66a8\u81ea\u6709\u54c1\u724c\u5c55", "property": "\u5c55\u5385\uff1a6.2H"}, {"address": "\u4e0a\u6d77\u56fd\u5bb6\u4f1a\u5c55\u4e2d\u5fc3", "category": "\u6599\u7406\u673a", "ground": "\u65f6\u95f4\uff1a2023/07/17-2023/07/25", "money": 1, "name": "\u6dd8\u5b9d\u9020\u7269\u8282", "property": "\u5c55\u5385\uff1a2.2H"}, {"address": "\u4e0a\u6d77\u56fd\u5bb6\u4f1a\u5c55\u4e2d\u5fc3", "category": "\u69a8\u6c41\u673a", "ground": "\u65f6\u95f4\uff1a2023/11-/25-2023/11/27", "money": 1, "name": "\u7b2c\u5341\u5c4a\u4e0a\u6d77\u56fd\u9645\u5065\u5eb7\u4ea7\u4e1a\u54c1\u724c\u535a\u89c8\u4f1a\u66a8\u5eb7\u590d\u4e0e\u517b\u8001\u535a\u89c8\u4f1a", "property": "\u5c55\u5385\uff1a8.1"}]