[{"address": "\u4e0a\u6d77\u5e02\u4e0a\u6d77\u57ce\u533a\u5949\u8d24\u533a\u8054\u5408\u5317\u8def", "category": "\u8c46\u6d46\u673a", "ground": "PA66,PA6,POM,PBT,ABS,PP", "money": 1000, "name": "\u4e0a\u6d77\u5e02\u5b87\u537f\u5851\u6599\u5236\u54c1\u6709\u9650\u516c\u53f8", "property": "\u5c0f\u5fae\u4f01\u4e1a"}, {"address": "\u4e0a\u6d77\u5e02\u4e0a\u6d77\u57ce\u533a\u5949\u8d24\u533a\u5357\u6865\u9547\u56fd\u987a\u8def936\u53f75\u5e62", "category": "\u8c46\u6d46\u673a", "ground": "AS,\u6539\u6027\u6599,pom,PA66,pp,pc,EVA,ABS,ASA", "money": 500, "name": "\u4e0a\u6d77\u4e00\u58f9\u5851\u5316\u6709\u9650\u516c\u53f8", "property": "\u5c0f\u5fae\u4f01\u4e1a"}, {"address": "\u4e0a\u6d77\u5e02\u4e0a\u6d77\u57ce\u533a\u5949\u8d24\u533a\u5357\u6865\u9547\u6c5f\u6d77\u5357\u8def95\u5f042\u53f79\u5e629104\u5ba4-10-2", "category": "\u8c46\u6d46\u673a", "ground": "ABS,PP,POM,LDPE,EVA,PPA,EPDM,TPU", "money": 500, "name": "\u4e0a\u6d77\u4ec1\u5b97\u65b0\u6750\u6599\u6709\u9650\u516c\u53f8", "property": "\u5c0f\u5fae\u4f01\u4e1a"}, {"address": "\u4e0a\u6d77\u5e02\u4e0a\u6d77\u57ce\u533a\u5949\u8d24\u533a\u5357\u6865\u9547\u516b\u5b57\u6865\u8def1919\u53f72\u5e6212\u5c42", "category": "\u8c46\u6d46\u673a", "ground": "ABS,PBT,POM,PA6,PC,\u6539\u6027\u5851\u6599,PC/ABS", "money": 300, "name": "\u4e0a\u6d77\u5e02\u597d\u8363\u76ca\u65b0\u6750\u6599\u6709\u9650\u516c\u53f8", "property": ""}, {"address": "\u4e0a\u6d77\u5e02\u4e0a\u6d77\u57ce\u533a\u5949\u8d24\u533a\u5357\u6865\u73af\u57ce\u897f\u8def2225\u53f7\u7b2c\u4e8c\u5e623179\u5ba4", "category": "\u8c46\u6d46\u673a", "ground": "PC/ABS,PA6,PA66,PE", "money": 200, "name": "\u4e0a\u6d77\u8fea\u7fd4\u56fd\u9645\u8d38\u6613\u6709\u9650\u516c\u53f8", "property": "\u5c0f\u5fae\u4f01\u4e1a"}, {"address": "\u4e0a\u6d77\u5e02\u4e0a\u6d77\u57ce\u533a\u5949\u8d24\u533a\u8096\u5858\u8def255\u5f0410\u53f72\u5c42", "category": "\u8c46\u6d46\u673a", "ground": "PA6,PA66,POM,PPS,PP,PPO,PBT,EVA,PC/ABS,ABS \u7b49", "money": 100, "name": "\u4e0a\u6d77\u8a00\u8fc8\u5851\u5316\u6709\u9650\u516c\u53f8", "property": ""}]