[{"address": "\u4e0a\u6d77\u5e02\u4e0a\u6d77\u57ce\u533a\u5949\u8d24\u533a\u5357\u6865\u9547\u73af\u57ce\u5357\u8def1338-1\u53f7632\u5ba4", "category": "\u7a7a\u6c14\u70b8\u9505", "ground": "POM,ABS,PA6,PA66,PC/ABS,LDPE,HDPE,LLDPE,PP,PC,PBT", "money": 1000, "name": "\u4e0a\u6d77\uff08\u79e6\u5e1b\uff09\u65b0\u6750\u6599\u6709\u9650\u516c\u53f8", "property": "\u5c0f\u5fae\u4f01\u4e1a"}, {"address": "\u4e0a\u6d77\u5e02\u4e0a\u6d77\u57ce\u533a\u5949\u8d24\u533a\u5357\u6865\u9547\u516b\u5b57\u6865\u8def1919\u53f72\u5e6212\u5c42", "category": "\u7a7a\u6c14\u70b8\u9505", "ground": "POM,\u5c3c\u9f99\u6539\u6027,POM\u6539\u6027,ABS,PC,PC-ABS\u5408\u91d1", "money": 500, "name": "\u4e0a\u6d77\u76df\u4fe1\u5851\u6599\u6709\u9650\u516c\u53f8", "property": "\u5c0f\u5fae\u4f01\u4e1a"}, {"address": "\u4e0a\u6d77\u5e02\u4e0a\u6d77\u57ce\u533a\u5949\u8d24\u533a\u5357\u6865\u9547\u516b\u5b57\u6865\u8def1919\u53f72\u5e6212\u5c42", "category": "\u7a7a\u6c14\u70b8\u9505", "ground": "PA6,PA66,PC,POM,ABS,PC/ABS,PP,PE,PBT,PET", "money": 120, "name": "\u4e0a\u6d77\u4f18\u665f\u5851\u80f6\u6709\u9650\u516c\u53f8", "property": "\u5c0f\u5fae\u4f01\u4e1a"}, {"address": "\u4e0a\u6d77\u5e02\u4e0a\u6d77\u57ce\u533a\u5949\u8d24\u533a\u4e0a\u6d77\u6d77\u5764\u8def1\u53f7\u7b2c\u4e8c\u5e6211031\u5ba4", "category": "\u7a7a\u6c14\u70b8\u9505", "ground": "PA66,PA6,POM,PBT,TPV,ABS,PP", "money": 100, "name": "\u7f8e\u66fc\u5851\u5316\u79d1\u6280\uff08\u4e0a\u6d77\uff09\u6709\u9650\u516c\u53f8", "property": "\u5c0f\u5fae\u4f01\u4e1a"}, {"address": "\u4e0a\u6d77\u5e02\u4e0a\u6d77\u57ce\u533a\u5949\u8d24\u533a\u661f\u706b\u5f00\u53d1\u533a\u9633\u660e\u8def1\u53f76\u5e624\u5c421526\u5ba4", "category": "\u7a7a\u6c14\u70b8\u9505", "ground": "ABS,PP,PC,POM,PA66", "money": 100, "name": "\u4e0a\u6d77\u8bed\u6052\u5851\u5316\u6709\u9650\u516c\u53f8", "property": "\u5c0f\u5fae\u4f01\u4e1a"}, {"address": "\u4e0a\u6d77\u5e02\u4e0a\u6d77\u57ce\u533a\u5949\u8d24\u533a\u661f\u706b\u5f00\u53d1\u533a\u9633\u660e\u8def1\u53f76\u5e624\u5c421578\u5ba4", "category": "\u7a7a\u6c14\u70b8\u9505", "ground": "PP,POM,PBT,PA12,PA6,PA66,PC-ABS,TPV,TPU", "money": 100, "name": "\u6c38\u714c\u5851\u80f6\u539f\u6599\uff08\u4e0a\u6d77\uff09\u6709\u9650\u516c\u53f8", "property": "\u5c0f\u5fae\u4f01\u4e1a"}]