[{"address": "\u4e0a\u6d77\u5e02\u4e0a\u6d77\u57ce\u533a\u5949\u8d24\u533a\u5357\u6865\u9547\u6c5f\u6d77\u5357\u8def95\u5f042\u53f79\u5e629104", "category": "\u7535\u997c\u94db", "ground": "PP,PC,ABS,PC,PBT,LDPE,PEI,PPA,ABS,PA66,POM,PA6", "money": 500, "name": "\u4e0a\u6d77\u4ec1\u5b97\u65b0\u6750\u6599\u6709\u9650\u516c\u53f8", "property": "\u5c0f\u5fae\u4f01\u4e1a"}, {"address": "\u4e0a\u6d77\u5e02\u4e0a\u6d77\u57ce\u533a\u5949\u8d24\u533a\u5357\u6865\u9547\u56fd\u987a\u8def936\u53f75\u5e62", "category": "\u7535\u997c\u94db", "ground": "PC,PC/ABS,PC/PET,PC/PBT", "money": 200, "name": "\u4e0a\u6d77\u83f1\u5e05\u65b0\u6750\u6599\u6709\u9650\u516c\u53f8", "property": "\u5c0f\u5fae\u4f01\u4e1a"}, {"address": "\u4e0a\u6d77\u5e02\u4e0a\u6d77\u57ce\u533a\u5949\u8d24\u533a \u5357\u6865\u9547\u73af\u57ce\u5357\u8def1338-1\u53f7617\u5ba4", "category": "\u7535\u997c\u94db", "ground": "ABS,PC,PP,POM,PA,LCP,PBT", "money": 100, "name": "\u4e0a\u6d77\u76db\u67ad\u56fd\u9645\u8d38\u6613\u6709\u9650\u516c\u53f8", "property": "\u5c0f\u5fae\u4f01\u4e1a"}, {"address": "\u4e0a\u6d77\u5e02\u4e0a\u6d77\u57ce\u533a\u5949\u8d24\u533a\u5949\u57ce\u9547\u4e8c\u6865\u6751748\u53f75\u5e62559\u5ba4", "category": "\u7535\u997c\u94db", "ground": "PP,PE,PC,POM,PA66,EVA,POE,ABS", "money": 100, "name": "\u4e0a\u6d77\u542f\u6668\u5851\u5316\u6709\u9650\u516c\u53f8", "property": "\u5c0f\u5fae\u4f01\u4e1a"}, {"address": "\u4e0a\u6d77\u5e02\u4e0a\u6d77\u57ce\u533a\u5949\u8d24\u533a\u5357\u6865\u9547\u516b\u5b57\u6865\u8def1919\u53f72\u5e6212\u5c42", "category": "\u7535\u997c\u94db", "ground": "POM,PPS,PC/ABS,PA66,PA6,PP", "money": 100, "name": "\u4e0a\u6d77\u5b9d\u6c47\u88d5\u8d38\u6613\u6709\u9650\u516c\u53f8", "property": "\u5c0f\u5fae\u4f01\u4e1a"}, {"address": "\u4e0a\u6d77\u5e02\u4e0a\u6d77\u57ce\u533a\u5949\u8d24\u533a\u5357\u6865\u9547\u73af\u57ce\u5357\u8def1338-1\u53f7617\u5ba4", "category": "\u7535\u997c\u94db", "ground": "\u5851\u80f6\u539f\u6599,POM,PP,PA6,ABS,PC,PA66,PBT,PPS,\u6539\u6027\u5851\u6599", "money": 100, "name": "\u4e0a\u6d77\u76db\u67ad\u56fd\u9645\u8d38\u6613\u6709\u9650\u516c\u53f8", "property": "\u5c0f\u5fae\u4f01\u4e1a"}, {"address": "\u4e0a\u6d77\u5e02\u4e0a\u6d77\u57ce\u533a\u5949\u8d24\u533a\u661f\u706b\u5f00\u53d1\u533a\u9633\u660e\u8def1\u53f76\u5e624\u5c421577\u5ba4", "category": "\u7535\u997c\u94db", "ground": "PP,POM,PBT,PPS,ABS,PC", "money": 100, "name": "\u4e0a\u6d77\u677e\u4e0a\u5851\u5316\u6709\u9650\u516c\u53f8", "property": "\u5c0f\u5fae\u4f01\u4e1a"}, {"address": "\u4e0a\u6d77\u5e02\u4e0a\u6d77\u57ce\u533a\u5949\u8d24\u533a\u5357\u6865\u9547\u5357\u6865\u8def839\u53f71\u5e62121\u5ba4", "category": "\u7535\u997c\u94db", "ground": "ASA\u7cfb\u5217PC/ABS\u7cfb\u5217PA", "money": 50, "name": "\u4e0a\u6d77\u715c\u5851\u5b9e\u4e1a\u6709\u9650\u516c\u53f8", "property": "\u5c0f\u5fae\u4f01\u4e1a"}]