[{"address": "\u4e0a\u6d77\u5e02\u4e0a\u6d77\u57ce\u533a\u5949\u8d24\u533a\u5949\u57ce\u9547\u5949\u65fa\u8def333\u53f7", "category": "\u69a8\u6c41\u673a", "ground": "\u5851\u6599\u539f\u6599,ABS,HIPS,LDPE,PA66,\u5851\u6599\u518d\u751f\u6599", "money": 600, "name": "\u4e0a\u6d77\u529b\u65b0\u6e05\u6d01\u7528\u54c1\u6709\u9650\u516c\u53f8", "property": "\u5c0f\u5fae\u4f01\u4e1a"}, {"address": "\u4e0a\u6d77\u5e02\u4e0a\u6d77\u57ce\u533a\u5949\u8d24\u533a\u660e\u57ce\u8def1088\u5f047\u53f71-2\u5c42", "category": "\u69a8\u6c41\u673a", "ground": "POM,PA66,PC,ABS,PP,PA6,TPU,PBT,PA12,PPS,PPSU,PC-ABS,PPO,HDPE", "money": 500, "name": "\u4e0a\u6d77\u4e50\u8f69\u5851\u6599\u6709\u9650\u516c\u53f8", "property": "\u5c0f\u5fae\u4f01\u4e1a"}, {"address": "\u4e0a\u6d77\u5e02\u4e0a\u6d77\u57ce\u533a\u5949\u8d24\u533a\u5357\u6865\u9547\u73af\u57ce\u5357\u8def1338-1\u53f72891\u5ba4", "category": "\u69a8\u6c41\u673a", "ground": "POM,PC,PBT,PP,PE,ABS,\u5c3c\u9f99,POE,PU,EVA,\u7b49", "money": 200, "name": "\u4e0a\u6d77\u8d77\u6dfc\u5de5\u7a0b\u5851\u6599\u6709\u9650\u516c\u53f8", "property": "\u5c0f\u5fae\u4f01\u4e1a"}, {"address": "\u4e0a\u6d77\u5e02\u4e0a\u6d77\u57ce\u533a\u5949\u8d24\u533a\u5357\u6865\u9547\u56fd\u987a\u8def936\u53f75\u5e62", "category": "\u69a8\u6c41\u673a", "ground": "ABS,PP,PC,PC/ABS,POM,PA6,PA66", "money": 100, "name": "\u4e0a\u6d77\u805a\u76ca\u946b\u5851\u5316\u6709\u9650\u516c\u53f8", "property": "\u5c0f\u5fae\u4f01\u4e1a"}, {"address": "\u4e0a\u6d77\u5e02\u4e0a\u6d77\u57ce\u533a\u5949\u8d24\u533a\u5357\u6865\u9547\u73af\u57ce\u5357\u8def1338-1\u53f71296\u5ba4", "category": "\u69a8\u6c41\u673a", "ground": "\u53f0\u6e7e\u5947\u7f8e,\u9547\u6c5f\u5947\u7f8e,ABS", "money": 100, "name": "\u4e0a\u6d77\u5b9e\u79e6\u65b0\u6750\u6599\u79d1\u6280\u6709\u9650\u516c\u53f8", "property": "\u5c0f\u5fae\u4f01\u4e1a"}, {"address": "\u4e0a\u6d77\u5e02\u4e0a\u6d77\u57ce\u533a\u5949\u8d24\u533a\u661f\u706b\u5f00\u53d1\u533a\u9633\u660e\u8def1\u53f76\u5e624\u5c421493\u5ba4", "category": "\u69a8\u6c41\u673a", "ground": "ABS,PP,PE,PC,POE,PMMA,POM,PA6,PA66,PPS", "money": 100, "name": "\u4e0a\u6d77\u5f00\u666f\u56fd\u9645\u8d38\u6613\u6709\u9650\u516c\u53f8", "property": "\u5c0f\u5fae\u4f01\u4e1a"}]