[{"address": "\u4e0a\u6d77\u5e02\u4e0a\u6d77\u57ce\u533a\u5949\u8d24\u533a\u5149\u660eA3\u5de5\u4e1a\u56ed\u533a\u987a\u798f\u8def415\u53f73\u5e621066\u5ba4", "category": "\u6599\u7406\u673a", "ground": "\u539f\u6599,PBT,POM,PC,ABS,K\u80f6,PA66,PPS,PA6,PPA,PA46,TPU,TPV,PPO,PP", "money": 1000, "name": "\u4e0a\u6d77\u5b87\u537f\u5851\u6599\u5236\u54c1\u6709\u9650\u516c\u53f8", "property": "\u5c0f\u5fae\u4f01\u4e1a"}, {"address": "\u4e0a\u6d77\u5e02\u4e0a\u6d77\u57ce\u533a\u5949\u8d24\u533a\u5949\u91d1\u8def559\u53f72\u5e62", "category": "\u6599\u7406\u673a", "ground": "PA6,PA66,POM,PC,PC/ABS,ABS,K\u80f6,TPU,POE\u7b49\u5de5\u7a0b", "money": 500, "name": "\u4e0a\u6d77\u97e9\u8fbe\u5c14\u65b0\u6750\u6599\u6709\u9650\u516c\u53f8", "property": "\u5c0f\u5fae\u4f01\u4e1a"}, {"address": "\u4e0a\u6d77\u5e02\u4e0a\u6d77\u57ce\u533a\u5949\u8d24\u533a\u5357\u6865\u9547\u56fd\u987a\u8def936\u53f75\u5e62", "category": "\u6599\u7406\u673a", "ground": "ABS,PC,POM,PA6,PA66,EVA,PC/ABS", "money": 500, "name": "\u4e0a\u6d77\u5e02\u540d\u6e90\u5de5\u7a0b\u5851\u6599\u6709\u9650\u516c\u53f8", "property": "\u5c0f\u5fae\u4f01\u4e1a"}, {"address": "\u4e0a\u6d77\u5e02\u4e0a\u6d77\u57ce\u533a\u5949\u8d24\u533a\u5357\u6865\u9547\u56fd\u987a\u8def936\u53f75\u5e62", "category": "\u6599\u7406\u673a", "ground": "POM,PP,PA6,PA66,PBT,ABS,PPS,\u6539\u6027\u6599", "money": 500, "name": "\u4e0a\u6d77\u60e0\u9e3f\u901a\u5851\u5316\u6709\u9650\u516c\u53f8", "property": "\u5c0f\u5fae\u4f01\u4e1a"}, {"address": "\u4e0a\u6d77\u5e02\u4e0a\u6d77\u57ce\u533a\u5949\u8d24\u533a\u5357\u6865\u73af\u57ce\u897f\u8def2225\u53f7\u7b2c\u4e8c\u5e623182\u5ba4", "category": "\u6599\u7406\u673a", "ground": "POM,PP,ABS,PA6/66,PA12", "money": 200, "name": "\u4e0a\u6d77\u6052\u9e4f\u5851\u5316\u6709\u9650\u516c\u53f8", "property": "\u5c0f\u5fae\u4f01\u4e1a"}, {"address": "\u4e0a\u6d77\u5e02\u4e0a\u6d77\u57ce\u533a\u5949\u8d24\u533a\u8096\u5858\u8def255\u5f04", "category": "\u6599\u7406\u673a", "ground": "PP,PC,POM,PA66,PE,ABS,ABS/PC,PVC", "money": 200, "name": "\u4e0a\u6d77\u9093\u5bb6\u77f3\u6cb9\u5316\u5de5\u6709\u9650\u516c\u53f8", "property": "\u5c0f\u5fae\u4f01\u4e1a"}, {"address": "\u4e0a\u6d77\u5e02\u4e0a\u6d77\u57ce\u533a\u5949\u8d24\u533a\u5949\u57ce\u9547\u4e8c\u6865\u6751748\u53f75\u5e62563\u5ba4", "category": "\u6599\u7406\u673a", "ground": "ABS,PP,POM,\u5c3c\u9f99", "money": 100, "name": "\u4e0a\u6d77\u4f70\u76ca\u5851\u5316\u6709\u9650\u516c\u53f8", "property": "\u5c0f\u5fae\u4f01\u4e1a"}, {"address": "\u4e0a\u6d77\u5e02\u4e0a\u6d77\u57ce\u533a\u5949\u8d24\u533a\u5357\u6865\u9547\u516b\u5b57\u6865\u8def1919\u53f72\u5e6212\u5c42", "category": "\u6599\u7406\u673a", "ground": "POM,PA6,PA66,ABS,PC,PP,POE\u7b49", "money": 100, "name": "\u4e0a\u6d77\u8000\u8fdc\u5851\u80f6\u6709\u9650\u516c\u53f8", "property": "\u5c0f\u5fae\u4f01\u4e1a"}, {"address": "\u4e0a\u6d77\u5e02\u4e0a\u6d77\u57ce\u533a\u5949\u8d24\u533a\u5357\u6865\u9547\u56fd\u987a\u8def936\u53f75\u5e62", "category": "\u6599\u7406\u673a", "ground": "ABS,EVA,POM,PA66,POE,PE,PP,PC", "money": 100, "name": "\u4e0a\u6d77\u98de\u8fc8\u5851\u5316\u6709\u9650\u516c\u53f8", "property": "\u5c0f\u5fae\u4f01\u4e1a"}]