[{"address": "\u4e0a\u6d77\u5e02\u4e0a\u6d77\u57ce\u533a\u5609\u5b9a\u533a\u6cf0\u4e30\u8def355\u53f7", "category": "\u7a7a\u6c14\u70b8\u9505", "ground": "PP,PE\u5e9f\u65e7\u8584\u819c\u53ca\u518d\u751f\u9897\u7c92,PP,PE\u53caABS\u7b49\u5de5\u7a0b\u539f\u6599\u9897\u7c92", "money": 6800, "name": "\u4e0a\u6d77\u5929\u6210\u8d44\u6e90\u73af\u4fdd\u6709\u9650\u516c\u53f8", "property": "\u5c0f\u5fae\u4f01\u4e1a"}, {"address": "\u4e0a\u6d77\u5e02\u4e0a\u6d77\u57ce\u533a\u5609\u5b9a\u533a\u9e64\u65cb\u8def58\u5f04\u4e07\u8fbe\u5e7f\u573a", "category": "\u7a7a\u6c14\u70b8\u9505", "ground": "PP,PE,PS,ABS,EVA,GPPS,PC,SEBS", "money": 500, "name": "\u4e0a\u6d77\u5982\u5546\u5b9e\u4e1a\u6709\u9650\u516c\u53f8", "property": "\u5c0f\u5fae\u4f01\u4e1a"}, {"address": "\u4e0a\u6d77\u5e02\u4e0a\u6d77\u57ce\u533a\u5609\u5b9a\u533a\u5609\u5510\u516c\u8def489\u53f7", "category": "\u7a7a\u6c14\u70b8\u9505", "ground": "\u5851\u6599\u518d\u751f\u6599,ABS,PET", "money": 500, "name": "\u4e0a\u6d77\u5353\u4e49\u56fd\u9645\u8d38\u6613\u6709\u9650\u516c\u53f8", "property": "\u5c0f\u5fae\u4f01\u4e1a"}, {"address": "\u4e0a\u6d77\u5e02\u4e0a\u6d77\u57ce\u533a\u5609\u5b9a\u533a\u83ca\u56ed\u65b0\u533a\u73af\u57ce\u8def2222\u53f76\u5e62101\u5ba4J", "category": "\u7a7a\u6c14\u70b8\u9505", "ground": "POM,PA66,PP,ABS", "money": 500, "name": "\u4e0a\u6d77\u6587\u8a00\u5851\u5316\u6709\u9650\u516c\u53f8", "property": "\u5c0f\u5fae\u4f01\u4e1a"}, {"address": "\u4e0a\u6d77\u5e02\u4e0a\u6d77\u57ce\u533a\u5609\u5b9a\u533a\u535a\u56ed\u8def4800\u53f7", "category": "\u7a7a\u6c14\u70b8\u9505", "ground": "HDPE,ABS,SBS", "money": 200, "name": "\u4e0a\u6d77\u5b87\u98a2\u5316\u5de5\u79d1\u6280\u6709\u9650\u516c\u53f8", "property": "\u5c0f\u5fae\u4f01\u4e1a"}, {"address": "\u4e0a\u6d77\u5e02\u4e0a\u6d77\u57ce\u533a\u5609\u5b9a\u533a\u771f\u65b0\u8857\u9053\u91d1\u6c99\u6c5f\u8def3131\u53f72\u5e62J746\u5ba4", "category": "\u7a7a\u6c14\u70b8\u9505", "ground": "ABS,EVA,PC,HDPE,LDPE\u7b49\u5851\u6599\u539f\u6599", "money": 200, "name": "\u72ee\u661f\u8fdb\u51fa\u53e3\uff08\u4e0a\u6d77\uff09\u6709\u9650\u516c\u53f8", "property": "\u5c0f\u5fae\u4f01\u4e1a"}, {"address": "\u4e0a\u6d77\u5e02\u4e0a\u6d77\u57ce\u533a\u5609\u5b9a\u533a\u91d1\u6c99\u6c5f\u8def3131\u53f72\u5e62J", "category": "\u7a7a\u6c14\u70b8\u9505", "ground": "ABS,PP,PA66,PA6,POM,PBT", "money": 100, "name": "\u7396\u805a\u56fd\u9645\u8d38\u6613\uff08\u4e0a\u6d77\uff09\u6709\u9650\u516c\u53f8", "property": "\u5c0f\u5fae\u4f01\u4e1a"}, {"address": "\u4e0a\u6d77\u5e02\u4e0a\u6d77\u57ce\u533a\u5609\u5b9a\u533a\u66f9\u5b89\u516c\u8def5616\u53f71207\u5ba4", "category": "\u7a7a\u6c14\u70b8\u9505", "ground": "PE,PP,PS,ABS", "money": 50, "name": "\u4e0a\u6d77\u84ec\u4e0a\u5316\u5de5\u6709\u9650\u516c\u53f8", "property": "\u5c0f\u5fae\u4f01\u4e1a"}, {"address": "\u4e0a\u6d77\u5e02\u4e0a\u6d77\u57ce\u533a\u5609\u5b9a\u533a\u4e0a\u6d77\u56fd\u9645\u673a\u7535\u4e94\u91d1\u57ce\u65b9\u4f1f\u8def190\u53f7", "category": "\u7a7a\u6c14\u70b8\u9505", "ground": "PVC,PP,ABS,HDPE,PTFE,PMMA,PC", "money": 50, "name": "\u4e0a\u6d77\u6d59\u5929\u7269\u8d44\u6709\u9650\u516c\u53f8", "property": "\u5c0f\u5fae\u4f01\u4e1a"}, {"address": "\u4e0a\u6d77\u5e02\u4e0a\u6d77\u57ce\u533a\u5609\u5b9a\u533a\u5f90\u884c\u9547\u5b9d\u51e4\u8def198\u53f7", "category": "\u7a7a\u6c14\u70b8\u9505", "ground": "PE,PP,PS,ABS", "money": 50, "name": "\u4e0a\u6d77\u5fd7\u9e4f\u5b9e\u4e1a\u6709\u9650\u516c\u53f8", "property": "\u5c0f\u5fae\u4f01\u4e1a"}]