[{"address": "\u4e0a\u6d77\u5e02\u4e0a\u6d77\u57ce\u533a\u5609\u5b9a\u533a\u73af\u57ce\u8def2222\u53f71\u5e62J", "category": "\u65e9\u9910\u673a", "ground": "ABS,HIPS,PP,PC,PA", "money": 1000, "name": "\u665f\u8bfa\u5353\u60a6\uff08\u4e0a\u6d77\uff09\u5851\u5316\u79d1\u6280\u6709\u9650\u516c\u53f8", "property": "\u5c0f\u5fae\u4f01\u4e1a"}, {"address": "\u4e0a\u6d77\u5e02\u4e0a\u6d77\u57ce\u533a\u5609\u5b9a\u533a\u9a6c\u9646\u9547\u52b1\u5b66\u8def1288\u53f71\u5e62B\u533a", "category": "\u65e9\u9910\u673a", "ground": "PC,PC/ABS,PP,ABS,P", "money": 1000, "name": "\u4e0a\u6d77\u6052\u56fe\u5851\u6599\u79d1\u6280\u6709\u9650\u516c\u53f8", "property": "\u5c0f\u5fae\u4f01\u4e1a"}, {"address": "\u4e0a\u6d77\u5e02\u4e0a\u6d77\u57ce\u533a\u5609\u5b9a\u533a\u4e2d\u56fd\u4e0a\u6d77\u5609\u5b9a\u5de5\u4e1a\u533a\u53f6\u57ce\u8def925\u53f7B\u533a4\u5e62J", "category": "\u65e9\u9910\u673a", "ground": "ABS,PE,TPU", "money": 1000, "name": "\u4e0a\u6d77\u88d5\u9e3d\u5851\u6599\u79d1\u6280\u6709\u9650\u516c\u53f8", "property": "\u5c0f\u5fae\u4f01\u4e1a"}, {"address": "\u4e0a\u6d77\u5e02\u4e0a\u6d77\u57ce\u533a\u5609\u5b9a\u533a\u5609\u597d\u8def108\u53f7", "category": "\u65e9\u9910\u673a", "ground": "PC/PBT/ABS/PP/TPE", "money": 500, "name": "\u4e0a\u6d77\u5954\u6d41\u5316\u5de5\u6280\u672f\u6709\u9650\u516c\u53f8", "property": "\u5c0f\u5fae\u4f01\u4e1a"}, {"address": "\u4e0a\u6d77\u5e02\u4e0a\u6d77\u57ce\u533a\u5609\u5b9a\u533a\u4e0a\u6d77\u5609\u5b9a\u5b89\u4ead\u65b0\u6e90\u8def155\u53f7", "category": "\u65e9\u9910\u673a", "ground": "PA,PC/ABS,PP\u6539\u6027\u7cfb\u5217\u4ea7\u54c1", "money": 500, "name": "\u4e0a\u6d77\u666f\u7530\u5de5\u7a0b\u5851\u80f6\u6709\u9650\u516c\u53f8", "property": "\u5c0f\u5fae\u4f01\u4e1a"}, {"address": "\u4e0a\u6d77\u5e02\u4e0a\u6d77\u57ce\u533a\u5609\u5b9a\u533a\u5609\u597d\u8def700\u53f71\u5e621245\u5ba4", "category": "\u65e9\u9910\u673a", "ground": "ABS,PA9T,TPU,POE,PP,TPR,SEBS,PVDF,EVA,POE,TPO", "money": 100, "name": "\u4e0a\u6d77\u5b8f\u5357\u77f3\u5316\u6709\u9650\u516c\u53f8", "property": "\u5c0f\u5fae\u4f01\u4e1a"}, {"address": "\u4e0a\u6d77\u5e02\u4e0a\u6d77\u57ce\u533a\u5609\u5b9a\u533a\u4e0a\u6d77\u5b9d\u5b89\u516c\u8def", "category": "\u65e9\u9910\u673a", "ground": "ABS,PP,EBS", "money": 80, "name": "\u4e0a\u6d77\u4e07\u8f89\u5851\u80f6\u5236\u54c1\u6709\u9650\u516c\u53f8", "property": "\u5c0f\u5fae\u4f01\u4e1a"}]