[{"address": "\u4e0a\u6d77\u5e02\u4e0a\u6d77\u57ce\u533a\u5609\u5b9a\u533a\u535a\u5b66\u8def199\u53f7", "category": "\u8c46\u6d46\u673a", "ground": "PA66,EVA,POM,LDPE,EPDM,PC/ABS,POE,ABS,PC,PP", "money": 500, "name": "\u4e0a\u6d77\u91d1\u4ed5\u6e90\u5851\u5316\u6709\u9650\u516c\u53f8", "property": "\u5c0f\u5fae\u4f01\u4e1a"}, {"address": "\u4e0a\u6d77\u5e02\u4e0a\u6d77\u57ce\u533a\u5609\u5b9a\u533a\u9752\u6d66\u533a\u516c\u56ed\u8def99\u53f7\u821c\u6d66\u5927\u53a67\u5c42P\u533a781\u5ba4", "category": "\u8c46\u6d46\u673a", "ground": "\u6db2\u4f53\u6a61\u80f6\u53ef\u4e50\u4e3d,SEBS\u53ef\u4e50\u4e3d\u7c89,POE\u9a6c\u6765\u9178\u9150\u63a5\u679d,POM,PC,PC/ABS,PA66,PA6,PBT,PP,EVA,PMMA,ABS", "money": 500, "name": "\u4e0a\u6d77\u961c\u6da6\u5851\u5316\u79d1\u6280\u6709\u9650\u516c\u53f8", "property": "\u5c0f\u5fae\u4f01\u4e1a"}, {"address": "\u4e0a\u6d77\u5e02\u4e0a\u6d77\u57ce\u533a\u5609\u5b9a\u533a\u4e0a\u6d77\u5609\u5b9a", "category": "\u8c46\u6d46\u673a", "ground": "\u8272\u6bcd,\u6539\u6027\u5de5\u7a0b\u5851\u6599,PP,PA,PC,PE,ABS\u7b49", "money": 100, "name": "\u4e0a\u6d77\u946b\u901a\u5851\u80f6\u989c\u6599\u6709\u9650\u516c\u53f8", "property": "\u5c0f\u5fae\u4f01\u4e1a"}, {"address": "\u4e0a\u6d77\u5e02\u4e0a\u6d77\u57ce\u533a\u5609\u5b9a\u533a \u534e\u6c5f\u8def129\u5f04 7\u53f7\u697c 311\u5ba4", "category": "\u8c46\u6d46\u673a", "ground": "PC,PMMA,ABS,POM", "money": 50, "name": "\u4e0a\u6d77\u73af\u6636\u8d38\u6613\u6709\u9650\u516c\u53f8", "property": "\u5c0f\u5fae\u4f01\u4e1a"}]