[{"address": "\u4e0a\u6d77\u5e02\u4e0a\u6d77\u57ce\u533a\u5609\u5b9a\u533a\u73af\u57ce\u8def2222\u53f7-2783", "category": "\u7535\u84b8\u9505", "ground": "ABS,AS,PP,PE,PA,PC,POM,PMMA\u7b49\u5851\u6599\u539f\u6599,\u6709\u673a\u5316\u5de5\u539f\u6599\u4e3a\u4e3b", "money": 500, "name": "\u4e0a\u6d77\u91d1\u80dc\u5546\u8d38\u6709\u9650\u516c\u53f8", "property": "\u5c0f\u5fae\u4f01\u4e1a"}, {"address": "\u4e0a\u6d77\u5e02\u4e0a\u6d77\u57ce\u533a\u5609\u5b9a\u533a\u4e0a\u6d77\u5609\u5b9a\u5de5\u4e1a\u533a\u53f6\u57ce\u8def925\u53f7B\u533a4\u5e62", "category": "\u7535\u84b8\u9505", "ground": "EVA,EAA,POE,ABS,PP,PE,POM,PA66,PA6,PC,PBT", "money": 200, "name": "\u4e0a\u6d77\u76ca\u65b9\u5851\u5316\u6709\u9650\u516c\u53f8", "property": "\u5c0f\u5fae\u4f01\u4e1a"}, {"address": "\u4e0a\u6d77\u5e02\u4e0a\u6d77\u57ce\u533a\u5609\u5b9a\u533a\u5949\u8d24\u533a\u73af\u57ce\u5357\u8def1338-1\u53f7640\u5ba4", "category": "\u7535\u84b8\u9505", "ground": "\u5851\u539f\u6599,LCP,PC,PC/ABS,PMMA,POM,\u6539\u6027\u5851\u6599", "money": 100, "name": "\u4e0a\u6d77\u65ed\u4e25\u65b0\u6750\u6599\u79d1\u6280\u6709\u9650\u516c\u53f8", "property": "\u5c0f\u5fae\u4f01\u4e1a"}, {"address": "\u4e0a\u6d77\u5e02\u4e0a\u6d77\u57ce\u533a\u5609\u5b9a\u533a\u534e\u6c5f\u8def 1078\u53f7 S-1\u5e62 202\u5ba4", "category": "\u7535\u84b8\u9505", "ground": "ABS,PC,PP,PA,SBS,SEBS,SIS", "money": 100, "name": "\u4e0a\u6d77\u946b\u83b9\u5b9e\u4e1a\u6709\u9650\u516c\u53f8", "property": "\u5c0f\u5fae\u4f01\u4e1a"}, {"address": "\u4e0a\u6d77\u5e02\u4e0a\u6d77\u57ce\u533a\u5609\u5b9a\u533a\u91d1\u6c99\u6c5f\u8def3131\u53f72\u5e62J", "category": "\u7535\u84b8\u9505", "ground": "POM,ABS,PA66,PC,PA6,PP", "money": 100, "name": "\u4e0a\u6d77\u6d01\u8bd7\u5851\u5316\u79d1\u6280\u6709\u9650\u516c\u53f8", "property": "\u5c0f\u5fae\u4f01\u4e1a"}]