[{"address": "\u4e0a\u6d77\u5e02\u4e0a\u6d77\u57ce\u533a\u5609\u5b9a\u533a\u83ca\u56ed\u65b0\u533a\u73af\u57ce\u8def2222\u53f76\u5e62101\u5ba4", "category": "\u7535\u997c\u94db", "ground": "PP,PE,ABS,PC,POM,PA66,PA6,TPU", "money": 500, "name": "\u4e0a\u6d77\u677e\u5e7f\u5851\u5316\u6709\u9650\u516c\u53f8", "property": "\u5c0f\u5fae\u4f01\u4e1a"}, {"address": "\u4e0a\u6d77\u5e02\u4e0a\u6d77\u57ce\u533a\u5609\u5b9a\u533a\u5b89\u4ead\u9547\u66f9\u5b89\u516c\u53f85666\u53f73067\u5ba4", "category": "\u7535\u997c\u94db", "ground": "PP,ABS,PC,PBT,PC/ABS,PA6,PA66,ASA,PMMA", "money": 100, "name": "\u7231\u5919\u590d\u5408\u6750\u6599\uff08\u4e0a\u6d77\uff09\u6709\u9650\u516c\u53f8", "property": "\u5c0f\u5fae\u4f01\u4e1a"}, {"address": "\u4e0a\u6d77\u5e02\u4e0a\u6d77\u57ce\u533a\u5609\u5b9a\u533a\u5b89\u4ead\u9547\u6f33\u7fd4\u8def1288\u53f71\u5e621-196", "category": "\u7535\u997c\u94db", "ground": "\u6539\u6027\u5c3c\u9f99,\u6539\u6027POM,\u6539\u6027PC/ABS,\u6539\u6027PC\u7b49", "money": 100, "name": "\u4e0a\u6d77\u6c47\u521d\u5851\u6599\u79d1\u6280\u6709\u9650\u516c\u53f8", "property": "\u5c0f\u5fae\u4f01\u4e1a"}, {"address": "\u4e0a\u6d77\u5e02\u4e0a\u6d77\u57ce\u533a\u5609\u5b9a\u533a\u4e0a\u6d77\u5357\u7fd4\u9547\u9759\u5858\u8def988\u53f72\u5e62J1584\u5ba4", "category": "\u7535\u997c\u94db", "ground": "PA66,PA6,PC,POM,PBT,PMMA,PC/ABS,PPS,PPO,ASA", "money": 100, "name": "\u4e0a\u6d77\u534f\u79a7\u7cbe\u7ec6\u5316\u5de5\u6709\u9650\u516c\u53f8", "property": "\u5c0f\u5fae\u4f01\u4e1a"}, {"address": "\u4e0a\u6d77\u5e02\u4e0a\u6d77\u57ce\u533a\u5609\u5b9a\u533a\u4e0a\u6d77\u5916\u5188\u9547\u53e4\u5858\u6751385\u53f7", "category": "\u7535\u997c\u94db", "ground": "\u73bb\u7ea4\u589e\u5f3a\u5c3c\u9f99,ABS,\u805a\u78b3\u9178\u916f,\u963b\u71c3\u5c3c", "money": 100, "name": "\u4e0a\u6d77\u5955\u626c\u5851\u80f6\u79d1\u6280\u6709\u9650\u516c\u53f8", "property": "\u5c0f\u5fae\u4f01\u4e1a"}, {"address": "\u4e0a\u6d77\u5e02\u4e0a\u6d77\u57ce\u533a\u5609\u5b9a\u533a", "category": "\u7535\u997c\u94db", "ground": "PA,PP,PC,ABS,PC/ABS", "money": 50, "name": "\u4e0a\u6d77\u56fa\u946b\u5851\u6599\u79d1\u6280\u6709\u9650\u516c\u53f8", "property": "\u5c0f\u5fae\u4f01\u4e1a"}]