[{"address": "\u4e0a\u6d77\u5e02\u4e0a\u6d77\u57ce\u533a\u5609\u5b9a\u533a\u65b0\u57f9\u8def51\u53f7", "category": "\u6599\u7406\u673a", "ground": "\u805a\u78b3\u9178\u916f,PC-1100,ABS,PA-757", "money": 6000, "name": "\u4e0a\u6d77\u7126\u70b9\u4f9b\u5e94\u94fe\u6709\u9650\u516c\u53f8", "property": "\u5c0f\u5fae\u4f01\u4e1a"}, {"address": "\u4e0a\u6d77\u5e02\u4e0a\u6d77\u57ce\u533a\u5609\u5b9a\u533a\u5b89\u4ead\u9547\u58a8\u7389\u5357\u8def55\u53f7", "category": "\u6599\u7406\u673a", "ground": "PVC,ABS,PP,\u578b\u6750,\u5f02\u578b\u6750,\u5404\u79cd\u5851\u6599\u4ef6", "money": 1000, "name": "\u4e0a\u6d77\u535a\u53d1\u7279\u6a61\u5851\u65b0\u6750\u6599\u6709\u9650\u516c\u53f8", "property": "\u5c0f\u5fae\u4f01\u4e1a"}, {"address": "\u4e0a\u6d77\u5e02\u4e0a\u6d77\u57ce\u533a\u5609\u5b9a\u533a\u53f6\u57ce\u8def925\u53f7", "category": "\u6599\u7406\u673a", "ground": "pom,pc/abs,pa6,pa66,pet,pbt,pmma,pc,abs,eva,poe,ps,pe,pp,pei", "money": 600, "name": "\u4e0a\u6d77\u76db\u949c\u6e90\u5851\u80f6\u539f\u6599\u6709\u9650\u516c\u53f8", "property": "\u5c0f\u5fae\u4f01\u4e1a"}, {"address": "\u4e0a\u6d77\u5e02\u4e0a\u6d77\u57ce\u533a\u5609\u5b9a\u533a\u4e2d\u56fd \u5609\u5b9a\u5de5\u4e1a\u533a\u53f6\u57ce\u8def925\u53f7B\u533a4\u680b", "category": "\u6599\u7406\u673a", "ground": "ABS,PP,HDPE,LDPE,LLDPE,POM,PC", "money": 500, "name": "\u4e0a\u6d77\u5148\u7965\u5851\u5316\u6709\u9650\u516c\u53f8", "property": "\u5c0f\u5fae\u4f01\u4e1a"}, {"address": "\u4e0a\u6d77\u5e02\u4e0a\u6d77\u57ce\u533a\u5609\u5b9a\u533a\u5609\u5b9a\u5de5\u4e1a\u533a\u53f6\u57ce\u8def912\u53f7J", "category": "\u6599\u7406\u673a", "ground": "PA66,POM,PC,PC/ABS,PA6,POE,TPU,ABS,PBT,PP,PVC,HDPE,LDPE,LLDPE,PET,PMMA,ASA,PCTA,PCTG", "money": 120, "name": "\u4e0a\u6d77\u7693\u5729\u65b0\u6750\u6599\u6709\u9650\u516c\u53f8", "property": "\u5c0f\u5fae\u4f01\u4e1a"}, {"address": "\u4e0a\u6d77\u5e02\u4e0a\u6d77\u57ce\u533a\u5609\u5b9a\u533a\u6caa\u5b9c\u516c\u8def5358\u53f72\u5c42J", "category": "\u6599\u7406\u673a", "ground": "\u539f\u6599,ABS,PA6,PA66,PP,PPO,TPU,PC/ABS,PC,POM", "money": 100, "name": "\u4e0a\u6d77\u84c4\u9a70\u65b0\u6750\u6599\u6709\u9650\u516c\u53f8", "property": "\u5c0f\u5fae\u4f01\u4e1a"}, {"address": "\u4e0a\u6d77\u5e02\u4e0a\u6d77\u57ce\u533a\u5609\u5b9a\u533a\u534e\u6c5f\u8def129\u5f047\u53f7\u697c", "category": "\u6599\u7406\u673a", "ground": "ABS,PP,POM,PC,PA66,PBT,PPS,LCP", "money": 100, "name": "\u4e0a\u6d77\u6770\u5851\u8fdb\u51fa\u53e3\u6709\u9650\u516c\u53f8.", "property": "\u5c0f\u5fae\u4f01\u4e1a"}, {"address": "\u4e0a\u6d77\u5e02\u4e0a\u6d77\u57ce\u533a\u5609\u5b9a\u533a\u4e0a\u6d77\u5609\u5b9a", "category": "\u6599\u7406\u673a", "ground": "\u5c3c\u9f99PC,POM,PC/ABS", "money": 100, "name": "\u4e0a\u6d77\u534f\u79a7\u7cbe\u7ec6\u5316\u5de5\u6709\u9650\u516c\u53f8", "property": "\u5c0f\u5fae\u4f01\u4e1a"}, {"address": "\u4e0a\u6d77\u5e02\u4e0a\u6d77\u57ce\u533a\u5609\u5b9a\u533a\u6caa\u5b9c\u516c\u8def5358\u53f74\u5c42J2714\u5ba4", "category": "\u6599\u7406\u673a", "ground": "PA,ABS,PC/ABS,PP", "money": 50, "name": "\u4e0a\u6d77\u4e8b\u6f6e\u6a61\u80f6\u5236\u54c1\u6709\u9650\u516c\u53f8", "property": "\u5c0f\u5fae\u4f01\u4e1a"}]