[{"address": "\u4e0a\u6d77\u5e02\u4e0a\u6d77\u57ce\u533a\u5609\u5b9a\u533a\u6cf0\u4e30\u8def355\u53f7", "category": "\u7a7a\u6c14\u70b8\u9505", "ground": "PP,PE\u5e9f\u65e7\u8584\u819c\u53ca\u518d\u751f\u9897\u7c92,PP,PE\u53caABS\u7b49\u5de5\u7a0b\u539f\u6599\u9897\u7c92", "money": 6800, "name": "\u4e0a\u6d77\u5929\u6210\u8d44\u6e90\u73af\u4fdd\u6709\u9650\u516c\u53f8", "property": "\u5c0f\u5fae\u4f01\u4e1a"}, {"address": "\u4e0a\u6d77\u5e02\u4e0a\u6d77\u57ce\u533a\u5609\u5b9a\u533a\u65b0\u57f9\u8def51\u53f7", "category": "\u6599\u7406\u673a", "ground": "\u805a\u78b3\u9178\u916f,PC-1100,ABS,PA-757", "money": 6000, "name": "\u4e0a\u6d77\u7126\u70b9\u4f9b\u5e94\u94fe\u6709\u9650\u516c\u53f8", "property": "\u5c0f\u5fae\u4f01\u4e1a"}, {"address": "\u4e0a\u6d77\u5e02\u4e0a\u6d77\u57ce\u533a\u5609\u5b9a\u533a\u4e2d\u56fd\uff08\u4e0a\u6d77\uff09\u81ea\u7531\u8d38\u6613\u8bd5\u9a8c\u533a\u5bcc\u7279\u897f\u4e00\u8def135\u53f72\u5e623B-33\u5ba4", "category": "\u7535\u7096\u9505", "ground": "hdpe,ldpe,pp,abs\u7b49\u518d\u751f\u6599\u8fdb\u53e3", "money": 6000, "name": "\u4e0a\u6d77\u7ef4\u65ed\u8d38\u6613\u6709\u9650\u516c\u53f8", "property": "\u5c0f\u5fae\u4f01\u4e1a"}, {"address": "\u4e0a\u6d77\u5e02\u4e0a\u6d77\u57ce\u533a\u5609\u5b9a\u533a\u534e\u6c5f\u516c\u8def1078\u53f7", "category": "\u69a8\u6c41\u673a", "ground": "PP,ABS,\u5c3c\u9f99,PC\u53caPC\u5408\u91d1,\u963b\u71c3\u6750\u6599", "money": 5000, "name": "\u4e0a\u6d77\u4ed5\u5929\u5de5\u7a0b\u5851\u6599\u6709\u9650\u516c\u53f8", "property": "\u5c0f\u5fae\u4f01\u4e1a"}, {"address": "\u4e0a\u6d77\u5e02\u4e0a\u6d77\u57ce\u533a\u5609\u5b9a\u533a\u534e\u6c5f\u8def1078\u53f7", "category": "\u7535\u7096\u9505", "ground": "ABS", "money": 5000, "name": "\u4e0a\u6d77\u4ed5\u5929\u5de5\u7a0b\u5851\u6599\u6709\u9650\u516c\u53f8", "property": "\u5c0f\u5fae\u4f01\u4e1a"}, {"address": "\u4e0a\u6d77\u5e02\u4e0a\u6d77\u57ce\u533a\u5609\u5b9a\u533a\u5b89\u4ead\u9547\u58a8\u7389\u5357\u8def55\u53f7", "category": "\u6599\u7406\u673a", "ground": "PVC,ABS,PP,\u578b\u6750,\u5f02\u578b\u6750,\u5404\u79cd\u5851\u6599\u4ef6", "money": 1000, "name": "\u4e0a\u6d77\u535a\u53d1\u7279\u6a61\u5851\u65b0\u6750\u6599\u6709\u9650\u516c\u53f8", "property": "\u5c0f\u5fae\u4f01\u4e1a"}, {"address": "\u4e0a\u6d77\u5e02\u4e0a\u6d77\u57ce\u533a\u5609\u5b9a\u533a\u73af\u57ce\u8def2222\u53f71\u5e62J", "category": "\u65e9\u9910\u673a", "ground": "ABS,HIPS,PP,PC,PA", "money": 1000, "name": "\u665f\u8bfa\u5353\u60a6\uff08\u4e0a\u6d77\uff09\u5851\u5316\u79d1\u6280\u6709\u9650\u516c\u53f8", "property": "\u5c0f\u5fae\u4f01\u4e1a"}, {"address": "\u4e0a\u6d77\u5e02\u4e0a\u6d77\u57ce\u533a\u5609\u5b9a\u533a\u9a6c\u9646\u9547\u52b1\u5b66\u8def1288\u53f71\u5e62B\u533a", "category": "\u65e9\u9910\u673a", "ground": "PC,PC/ABS,PP,ABS,P", "money": 1000, "name": "\u4e0a\u6d77\u6052\u56fe\u5851\u6599\u79d1\u6280\u6709\u9650\u516c\u53f8", "property": "\u5c0f\u5fae\u4f01\u4e1a"}, {"address": "\u4e0a\u6d77\u5e02\u4e0a\u6d77\u57ce\u533a\u5609\u5b9a\u533a\u4e2d\u56fd\u4e0a\u6d77\u5609\u5b9a\u5de5\u4e1a\u533a\u53f6\u57ce\u8def925\u53f7B\u533a4\u5e62J", "category": "\u65e9\u9910\u673a", "ground": "ABS,PE,TPU", "money": 1000, "name": "\u4e0a\u6d77\u88d5\u9e3d\u5851\u6599\u79d1\u6280\u6709\u9650\u516c\u53f8", "property": "\u5c0f\u5fae\u4f01\u4e1a"}, {"address": "\u4e0a\u6d77\u5e02\u4e0a\u6d77\u57ce\u533a\u5609\u5b9a\u533a\u534e\u6c5f\u8def129\u5f047\u53f7JT428\u5ba4", "category": "\u69a8\u6c41\u673a", "ground": "TPU,PC,PC/ABS,PA6,PA66,POM,ABS,PP", "money": 800, "name": "\u96c4\u97ec\u56fd\u9645\u8d38\u6613\uff08\u4e0a\u6d77\uff09\u6709\u9650\u516c\u53f8", "property": "\u5c0f\u5fae\u4f01\u4e1a"}, {"address": "\u4e0a\u6d77\u5e02\u4e0a\u6d77\u57ce\u533a\u5609\u5b9a\u533a\u73af\u57ce\u8def2222\u53f7", "category": "\u7535\u7096\u9505", "ground": "POM,PA,PC,PC/ABS,ABS,PA66,LCP,PA,TPU", "money": 800, "name": "\u4e0a\u6d77\u539a\u5851\u56fd\u9645\u8d38\u6613\u6709\u9650\u516c\u53f8", "property": "\u5c0f\u5fae\u4f01\u4e1a"}, {"address": "\u4e0a\u6d77\u5e02\u4e0a\u6d77\u57ce\u533a\u5609\u5b9a\u533a\u53f6\u57ce\u8def925\u53f7", "category": "\u6599\u7406\u673a", "ground": "pom,pc/abs,pa6,pa66,pet,pbt,pmma,pc,abs,eva,poe,ps,pe,pp,pei", "money": 600, "name": "\u4e0a\u6d77\u76db\u949c\u6e90\u5851\u80f6\u539f\u6599\u6709\u9650\u516c\u53f8", "property": "\u5c0f\u5fae\u4f01\u4e1a"}, {"address": "\u4e0a\u6d77\u5e02\u4e0a\u6d77\u57ce\u533a\u5609\u5b9a\u533a\u535a\u5b66\u8def199\u53f7", "category": "\u8c46\u6d46\u673a", "ground": "PA66,EVA,POM,LDPE,EPDM,PC/ABS,POE,ABS,PC,PP", "money": 500, "name": "\u4e0a\u6d77\u91d1\u4ed5\u6e90\u5851\u5316\u6709\u9650\u516c\u53f8", "property": "\u5c0f\u5fae\u4f01\u4e1a"}, {"address": "\u4e0a\u6d77\u5e02\u4e0a\u6d77\u57ce\u533a\u5609\u5b9a\u533a\u9e64\u65cb\u8def58\u5f04\u4e07\u8fbe\u5e7f\u573a", "category": "\u7a7a\u6c14\u70b8\u9505", "ground": "PP,PE,PS,ABS,EVA,GPPS,PC,SEBS", "money": 500, "name": "\u4e0a\u6d77\u5982\u5546\u5b9e\u4e1a\u6709\u9650\u516c\u53f8", "property": "\u5c0f\u5fae\u4f01\u4e1a"}, {"address": "\u4e0a\u6d77\u5e02\u4e0a\u6d77\u57ce\u533a\u5609\u5b9a\u533a\u73af\u57ce\u8def2222\u53f7-2783", "category": "\u7535\u84b8\u9505", "ground": "ABS,AS,PP,PE,PA,PC,POM,PMMA\u7b49\u5851\u6599\u539f\u6599,\u6709\u673a\u5316\u5de5\u539f\u6599\u4e3a\u4e3b", "money": 500, "name": "\u4e0a\u6d77\u91d1\u80dc\u5546\u8d38\u6709\u9650\u516c\u53f8", "property": "\u5c0f\u5fae\u4f01\u4e1a"}, {"address": "\u4e0a\u6d77\u5e02\u4e0a\u6d77\u57ce\u533a\u5609\u5b9a\u533a\u5609\u597d\u8def108\u53f7", "category": "\u65e9\u9910\u673a", "ground": "PC/PBT/ABS/PP/TPE", "money": 500, "name": "\u4e0a\u6d77\u5954\u6d41\u5316\u5de5\u6280\u672f\u6709\u9650\u516c\u53f8", "property": "\u5c0f\u5fae\u4f01\u4e1a"}, {"address": "\u4e0a\u6d77\u5e02\u4e0a\u6d77\u57ce\u533a\u5609\u5b9a\u533a\u5609\u5510\u516c\u8def489\u53f7", "category": "\u7a7a\u6c14\u70b8\u9505", "ground": "\u5851\u6599\u518d\u751f\u6599,ABS,PET", "money": 500, "name": "\u4e0a\u6d77\u5353\u4e49\u56fd\u9645\u8d38\u6613\u6709\u9650\u516c\u53f8", "property": "\u5c0f\u5fae\u4f01\u4e1a"}, {"address": "\u4e0a\u6d77\u5e02\u4e0a\u6d77\u57ce\u533a\u5609\u5b9a\u533a\u83ca\u56ed\u65b0\u533a\u73af\u57ce\u8def2222\u53f76\u5e62101\u5ba4", "category": "\u7535\u997c\u94db", "ground": "PP,PE,ABS,PC,POM,PA66,PA6,TPU", "money": 500, "name": "\u4e0a\u6d77\u677e\u5e7f\u5851\u5316\u6709\u9650\u516c\u53f8", "property": "\u5c0f\u5fae\u4f01\u4e1a"}, {"address": "\u4e0a\u6d77\u5e02\u4e0a\u6d77\u57ce\u533a\u5609\u5b9a\u533a\u83ca\u56ed\u65b0\u533a\u73af\u57ce\u8def2222\u53f76\u5e62101\u5ba4J", "category": "\u7a7a\u6c14\u70b8\u9505", "ground": "POM,PA66,PP,ABS", "money": 500, "name": "\u4e0a\u6d77\u6587\u8a00\u5851\u5316\u6709\u9650\u516c\u53f8", "property": "\u5c0f\u5fae\u4f01\u4e1a"}, {"address": "\u4e0a\u6d77\u5e02\u4e0a\u6d77\u57ce\u533a\u5609\u5b9a\u533a\u9752\u6d66\u533a\u516c\u56ed\u8def99\u53f7\u821c\u6d66\u5927\u53a67\u5c42P\u533a781\u5ba4", "category": "\u8c46\u6d46\u673a", "ground": "\u6db2\u4f53\u6a61\u80f6\u53ef\u4e50\u4e3d,SEBS\u53ef\u4e50\u4e3d\u7c89,POE\u9a6c\u6765\u9178\u9150\u63a5\u679d,POM,PC,PC/ABS,PA66,PA6,PBT,PP,EVA,PMMA,ABS", "money": 500, "name": "\u4e0a\u6d77\u961c\u6da6\u5851\u5316\u79d1\u6280\u6709\u9650\u516c\u53f8", "property": "\u5c0f\u5fae\u4f01\u4e1a"}, {"address": "\u4e0a\u6d77\u5e02\u4e0a\u6d77\u57ce\u533a\u5609\u5b9a\u533a\u4e0a\u6d77\u5609\u5b9a\u5b89\u4ead\u65b0\u6e90\u8def155\u53f7", "category": "\u65e9\u9910\u673a", "ground": "PA,PC/ABS,PP\u6539\u6027\u7cfb\u5217\u4ea7\u54c1", "money": 500, "name": "\u4e0a\u6d77\u666f\u7530\u5de5\u7a0b\u5851\u80f6\u6709\u9650\u516c\u53f8", "property": "\u5c0f\u5fae\u4f01\u4e1a"}, {"address": "\u4e0a\u6d77\u5e02\u4e0a\u6d77\u57ce\u533a\u5609\u5b9a\u533a\u4e0a\u6d77\u5609\u5b9a\u9a6c\u9646\u5b9d\u5b89\u516c\u8def3705\u5f04", "category": "\u69a8\u6c41\u673a", "ground": "PA6\\PA66\\PC\\ABS\u7b49\u589e\u5f3a\u53ca\u963b\u71c3\u6539\u6027", "money": 500, "name": "\u4e0a\u6d77\u666f\u7530\u5de5\u7a0b\u5851\u80f6\u6709\u9650\u516c\u53f8", "property": "\u5c0f\u5fae\u4f01\u4e1a"}, {"address": "\u4e0a\u6d77\u5e02\u4e0a\u6d77\u57ce\u533a\u5609\u5b9a\u533a\u4e2d\u56fd \u5609\u5b9a\u5de5\u4e1a\u533a\u53f6\u57ce\u8def925\u53f7B\u533a4\u680b", "category": "\u6599\u7406\u673a", "ground": "ABS,PP,HDPE,LDPE,LLDPE,POM,PC", "money": 500, "name": "\u4e0a\u6d77\u5148\u7965\u5851\u5316\u6709\u9650\u516c\u53f8", "property": "\u5c0f\u5fae\u4f01\u4e1a"}, {"address": "\u4e0a\u6d77\u5e02\u4e0a\u6d77\u57ce\u533a\u5609\u5b9a\u533a\u534e\u6c5f\u8def129\u5f047\u53f7J", "category": "\u7535\u7096\u9505", "ground": "POM,PC,PA66,ABS,PP,PC/ABS", "money": 300, "name": "\u4e0a\u6d77\u6c38\u5174\u8f89\u5851\u56fd\u9645\u8d38\u6613\u6709\u9650\u516c\u53f8", "property": ""}, {"address": "\u4e0a\u6d77\u5e02\u4e0a\u6d77\u57ce\u533a\u5609\u5b9a\u533a\u5b89\u4ead\u9547\u58a8\u7389\u8def", "category": "\u69a8\u6c41\u673a", "ground": "PC,ABS", "money": 200, "name": "\u4e0a\u6d77\u821c\u69ff\u5316\u5de5\u6750\u6599\u6709\u9650\u516c\u53f8", "property": "\u5c0f\u5fae\u4f01\u4e1a"}, {"address": "\u4e0a\u6d77\u5e02\u4e0a\u6d77\u57ce\u533a\u5609\u5b9a\u533a\u535a\u56ed\u8def4800\u53f7", "category": "\u7a7a\u6c14\u70b8\u9505", "ground": "HDPE,ABS,SBS", "money": 200, "name": "\u4e0a\u6d77\u5b87\u98a2\u5316\u5de5\u79d1\u6280\u6709\u9650\u516c\u53f8", "property": "\u5c0f\u5fae\u4f01\u4e1a"}, {"address": "\u4e0a\u6d77\u5e02\u4e0a\u6d77\u57ce\u533a\u5609\u5b9a\u533a\u4e0a\u6d77\u5609\u5b9a\u5de5\u4e1a\u533a\u53f6\u57ce\u8def925\u53f7B\u533a4\u5e62", "category": "\u7535\u84b8\u9505", "ground": "EVA,EAA,POE,ABS,PP,PE,POM,PA66,PA6,PC,PBT", "money": 200, "name": "\u4e0a\u6d77\u76ca\u65b9\u5851\u5316\u6709\u9650\u516c\u53f8", "property": "\u5c0f\u5fae\u4f01\u4e1a"}, {"address": "\u4e0a\u6d77\u5e02\u4e0a\u6d77\u57ce\u533a\u5609\u5b9a\u533a\u65b0\u6210\u8def500\u53f7J", "category": "\u69a8\u6c41\u673a", "ground": "\u539f\u6599,ABS,PC", "money": 200, "name": "\u4e0a\u6d77\u541b\u9e44\u65b0\u6750\u6599\u79d1\u6280\u6709\u9650\u516c\u53f8", "property": "\u5c0f\u5fae\u4f01\u4e1a"}, {"address": "\u4e0a\u6d77\u5e02\u4e0a\u6d77\u57ce\u533a\u5609\u5b9a\u533a\u771f\u65b0\u8857\u9053\u91d1\u6c99\u6c5f\u8def3131\u53f72\u5e62J746\u5ba4", "category": "\u7a7a\u6c14\u70b8\u9505", "ground": "ABS,EVA,PC,HDPE,LDPE\u7b49\u5851\u6599\u539f\u6599", "money": 200, "name": "\u72ee\u661f\u8fdb\u51fa\u53e3\uff08\u4e0a\u6d77\uff09\u6709\u9650\u516c\u53f8", "property": "\u5c0f\u5fae\u4f01\u4e1a"}, {"address": "\u4e0a\u6d77\u5e02\u4e0a\u6d77\u57ce\u533a\u5609\u5b9a\u533a\u4e2d\u56fd \u5609\u5b9a\u9547\u8857\u9053 \u5949\u8d24\u533a\u5357\u6865\u9547\u73af\u57ce\u5357\u8def1338-1\u53f7951\u5ba4", "category": "\u7535\u7096\u9505", "ground": "PC,POM,PA6,PA66,ABS,PP", "money": 200, "name": "\u4e0a\u6d77\u5609\u96b6\u5851\u5316\u6709\u9650\u516c\u53f8", "property": "\u5c0f\u5fae\u4f01\u4e1a"}, {"address": "\u4e0a\u6d77\u5e02\u4e0a\u6d77\u57ce\u533a\u5609\u5b9a\u533a\u4e2d\u56fd \u5609\u5b9a\u9547\u8857\u9053 \u5949\u8d24\u533a\u5357\u6865\u9547\u73af\u57ce\u5357\u8def1338-1\u53f7951\u5ba4", "category": "\u7535\u7096\u9505", "ground": "PC,POM,PA6,PA66,ABS,PP", "money": 200, "name": "\u4e0a\u6d77\u5609\u96b6\u5851\u5316\u6709\u9650\u516c\u53f8", "property": "\u5c0f\u5fae\u4f01\u4e1a"}, {"address": "\u4e0a\u6d77\u5e02\u4e0a\u6d77\u57ce\u533a\u5609\u5b9a\u533a\u5609\u5b9a\u5de5\u4e1a\u533a\u53f6\u57ce\u8def912\u53f7J", "category": "\u6599\u7406\u673a", "ground": "PA66,POM,PC,PC/ABS,PA6,POE,TPU,ABS,PBT,PP,PVC,HDPE,LDPE,LLDPE,PET,PMMA,ASA,PCTA,PCTG", "money": 120, "name": "\u4e0a\u6d77\u7693\u5729\u65b0\u6750\u6599\u6709\u9650\u516c\u53f8", "property": "\u5c0f\u5fae\u4f01\u4e1a"}, {"address": "\u4e0a\u6d77\u5e02\u4e0a\u6d77\u57ce\u533a\u5609\u5b9a\u533a\u5b89\u4ead\u9547\u66f9\u5b89\u516c\u53f85666\u53f73067\u5ba4", "category": "\u7535\u997c\u94db", "ground": "PP,ABS,PC,PBT,PC/ABS,PA6,PA66,ASA,PMMA", "money": 100, "name": "\u7231\u5919\u590d\u5408\u6750\u6599\uff08\u4e0a\u6d77\uff09\u6709\u9650\u516c\u53f8", "property": "\u5c0f\u5fae\u4f01\u4e1a"}, {"address": "\u4e0a\u6d77\u5e02\u4e0a\u6d77\u57ce\u533a\u5609\u5b9a\u533a\u5b89\u4ead\u9547\u6f33\u7fd4\u8def1288\u53f71\u5e621-196", "category": "\u7535\u997c\u94db", "ground": "\u6539\u6027\u5c3c\u9f99,\u6539\u6027POM,\u6539\u6027PC/ABS,\u6539\u6027PC\u7b49", "money": 100, "name": "\u4e0a\u6d77\u6c47\u521d\u5851\u6599\u79d1\u6280\u6709\u9650\u516c\u53f8", "property": "\u5c0f\u5fae\u4f01\u4e1a"}, {"address": "\u4e0a\u6d77\u5e02\u4e0a\u6d77\u57ce\u533a\u5609\u5b9a\u533a\u5949\u8d24\u533a\u73af\u57ce\u5357\u8def1338-1\u53f7640\u5ba4", "category": "\u7535\u84b8\u9505", "ground": "\u5851\u539f\u6599,LCP,PC,PC/ABS,PMMA,POM,\u6539\u6027\u5851\u6599", "money": 100, "name": "\u4e0a\u6d77\u65ed\u4e25\u65b0\u6750\u6599\u79d1\u6280\u6709\u9650\u516c\u53f8", "property": "\u5c0f\u5fae\u4f01\u4e1a"}, {"address": "\u4e0a\u6d77\u5e02\u4e0a\u6d77\u57ce\u533a\u5609\u5b9a\u533a\u6caa\u5b9c\u516c\u8def5358\u53f72\u5c42J", "category": "\u6599\u7406\u673a", "ground": "\u539f\u6599,ABS,PA6,PA66,PP,PPO,TPU,PC/ABS,PC,POM", "money": 100, "name": "\u4e0a\u6d77\u84c4\u9a70\u65b0\u6750\u6599\u6709\u9650\u516c\u53f8", "property": "\u5c0f\u5fae\u4f01\u4e1a"}, {"address": "\u4e0a\u6d77\u5e02\u4e0a\u6d77\u57ce\u533a\u5609\u5b9a\u533a\u534e\u6c5f\u8def 1078\u53f7 S-1\u5e62 202\u5ba4", "category": "\u7535\u84b8\u9505", "ground": "ABS,PC,PP,PA,SBS,SEBS,SIS", "money": 100, "name": "\u4e0a\u6d77\u946b\u83b9\u5b9e\u4e1a\u6709\u9650\u516c\u53f8", "property": "\u5c0f\u5fae\u4f01\u4e1a"}, {"address": "\u4e0a\u6d77\u5e02\u4e0a\u6d77\u57ce\u533a\u5609\u5b9a\u533a\u534e\u6c5f\u8def129\u5f047\u53f7\u697c", "category": "\u6599\u7406\u673a", "ground": "ABS,PP,POM,PC,PA66,PBT,PPS,LCP", "money": 100, "name": "\u4e0a\u6d77\u6770\u5851\u8fdb\u51fa\u53e3\u6709\u9650\u516c\u53f8.", "property": "\u5c0f\u5fae\u4f01\u4e1a"}, {"address": "\u4e0a\u6d77\u5e02\u4e0a\u6d77\u57ce\u533a\u5609\u5b9a\u533a\u534e\u5c71\u8def2018\u53f72104\u53f7", "category": "\u69a8\u6c41\u673a", "ground": "PP ABS PVC EVA PPO", "money": 100, "name": "\u4e0a\u6d77\u534e\u9f0e\u5851\u6599\u5316\u5de5\u5b9e\u4e1a\u6709\u9650\u516c\u53f8", "property": "\u5c0f\u5fae\u4f01\u4e1a"}, {"address": "\u4e0a\u6d77\u5e02\u4e0a\u6d77\u57ce\u533a\u5609\u5b9a\u533a\u5609\u597d\u8def700\u53f71\u5e621245\u5ba4", "category": "\u65e9\u9910\u673a", "ground": "ABS,PA9T,TPU,POE,PP,TPR,SEBS,PVDF,EVA,POE,TPO", "money": 100, "name": "\u4e0a\u6d77\u5b8f\u5357\u77f3\u5316\u6709\u9650\u516c\u53f8", "property": "\u5c0f\u5fae\u4f01\u4e1a"}, {"address": "\u4e0a\u6d77\u5e02\u4e0a\u6d77\u57ce\u533a\u5609\u5b9a\u533a\u91d1\u6c99\u6c5f\u8def3131\u53f72\u5e62J", "category": "\u7a7a\u6c14\u70b8\u9505", "ground": "ABS,PP,PA66,PA6,POM,PBT", "money": 100, "name": "\u7396\u805a\u56fd\u9645\u8d38\u6613\uff08\u4e0a\u6d77\uff09\u6709\u9650\u516c\u53f8", "property": "\u5c0f\u5fae\u4f01\u4e1a"}, {"address": "\u4e0a\u6d77\u5e02\u4e0a\u6d77\u57ce\u533a\u5609\u5b9a\u533a\u91d1\u6c99\u6c5f\u8def3131\u53f72\u5e62J", "category": "\u7535\u84b8\u9505", "ground": "POM,ABS,PA66,PC,PA6,PP", "money": 100, "name": "\u4e0a\u6d77\u6d01\u8bd7\u5851\u5316\u79d1\u6280\u6709\u9650\u516c\u53f8", "property": "\u5c0f\u5fae\u4f01\u4e1a"}, {"address": "\u4e0a\u6d77\u5e02\u4e0a\u6d77\u57ce\u533a\u5609\u5b9a\u533a\u83ca\u56ed\u65b0\u533a\u73af\u57ce\u8def2222\u53f71\u5e62J148\u5ba4", "category": "\u7535\u7096\u9505", "ground": "POM,PA,PC,PC/ABS,ABS,PA66,LCP,PA,TPU", "money": 100, "name": "\u4e0a\u6d77\u539a\u5cf0\u5851\u80f6\u79d1\u6280\u6709\u9650\u516c\u53f8", "property": "\u5c0f\u5fae\u4f01\u4e1a"}, {"address": "\u4e0a\u6d77\u5e02\u4e0a\u6d77\u57ce\u533a\u5609\u5b9a\u533a\u5357\u7fd4\u9547\u8570\u5317\u516c\u8def1755\u5f0415\u53f7", "category": "\u7535\u7096\u9505", "ground": "POM,PP,PC,PC/ABS,PBT,ABS,PA6,PA66", "money": 100, "name": "\u4e0a\u6d77\u65b0\u4ed5\u8fbe\u5851\u80f6\u6709\u9650\u516c\u53f8", "property": "\u5c0f\u5fae\u4f01\u4e1a"}, {"address": "\u4e0a\u6d77\u5e02\u4e0a\u6d77\u57ce\u533a\u5609\u5b9a\u533a\u4e0a\u6d77\u5609\u5b9a", "category": "\u6599\u7406\u673a", "ground": "\u5c3c\u9f99PC,POM,PC/ABS", "money": 100, "name": "\u4e0a\u6d77\u534f\u79a7\u7cbe\u7ec6\u5316\u5de5\u6709\u9650\u516c\u53f8", "property": "\u5c0f\u5fae\u4f01\u4e1a"}, {"address": "\u4e0a\u6d77\u5e02\u4e0a\u6d77\u57ce\u533a\u5609\u5b9a\u533a\u4e0a\u6d77\u5609\u5b9a", "category": "\u8c46\u6d46\u673a", "ground": "\u8272\u6bcd,\u6539\u6027\u5de5\u7a0b\u5851\u6599,PP,PA,PC,PE,ABS\u7b49", "money": 100, "name": "\u4e0a\u6d77\u946b\u901a\u5851\u80f6\u989c\u6599\u6709\u9650\u516c\u53f8", "property": "\u5c0f\u5fae\u4f01\u4e1a"}, {"address": "\u4e0a\u6d77\u5e02\u4e0a\u6d77\u57ce\u533a\u5609\u5b9a\u533a\u4e0a\u6d77\u6c5f\u6865\u9547\u534e\u6c5f\u8def129\u5f047\u53f7\u697c3136\u5ba4", "category": "\u7535\u7096\u9505", "ground": "POM,ABS,PC,PA66/6,PBT,PC/ABS,EVA,PP,PE", "money": 100, "name": "\u4e0a\u6d77\u6021\u8fea\u56fd\u9645\u8d38\u6613\u6709\u9650\u516c\u53f8", "property": "\u5c0f\u5fae\u4f01\u4e1a"}, {"address": "\u4e0a\u6d77\u5e02\u4e0a\u6d77\u57ce\u533a\u5609\u5b9a\u533a\u4e0a\u6d77\u5357\u7fd4\u9547\u9759\u5858\u8def988\u53f72\u5e62J1584\u5ba4", "category": "\u7535\u997c\u94db", "ground": "PA66,PA6,PC,POM,PBT,PMMA,PC/ABS,PPS,PPO,ASA", "money": 100, "name": "\u4e0a\u6d77\u534f\u79a7\u7cbe\u7ec6\u5316\u5de5\u6709\u9650\u516c\u53f8", "property": "\u5c0f\u5fae\u4f01\u4e1a"}, {"address": "\u4e0a\u6d77\u5e02\u4e0a\u6d77\u57ce\u533a\u5609\u5b9a\u533a\u4e0a\u6d77\u5916\u5188\u9547\u53e4\u5858\u6751385\u53f7", "category": "\u7535\u997c\u94db", "ground": "\u73bb\u7ea4\u589e\u5f3a\u5c3c\u9f99,ABS,\u805a\u78b3\u9178\u916f,\u963b\u71c3\u5c3c", "money": 100, "name": "\u4e0a\u6d77\u5955\u626c\u5851\u80f6\u79d1\u6280\u6709\u9650\u516c\u53f8", "property": "\u5c0f\u5fae\u4f01\u4e1a"}, {"address": "\u4e0a\u6d77\u5e02\u4e0a\u6d77\u57ce\u533a\u5609\u5b9a\u533a\u4e0a\u6d77\u5b9d\u5b89\u516c\u8def", "category": "\u65e9\u9910\u673a", "ground": "ABS,PP,EBS", "money": 80, "name": "\u4e0a\u6d77\u4e07\u8f89\u5851\u80f6\u5236\u54c1\u6709\u9650\u516c\u53f8", "property": "\u5c0f\u5fae\u4f01\u4e1a"}, {"address": "\u4e0a\u6d77\u5e02\u4e0a\u6d77\u57ce\u533a\u5609\u5b9a\u533a", "category": "\u7535\u997c\u94db", "ground": "PA,PP,PC,ABS,PC/ABS", "money": 50, "name": "\u4e0a\u6d77\u56fa\u946b\u5851\u6599\u79d1\u6280\u6709\u9650\u516c\u53f8", "property": "\u5c0f\u5fae\u4f01\u4e1a"}, {"address": "\u4e0a\u6d77\u5e02\u4e0a\u6d77\u57ce\u533a\u5609\u5b9a\u533a \u534e\u6c5f\u8def129\u5f04 7\u53f7\u697c 311\u5ba4", "category": "\u8c46\u6d46\u673a", "ground": "PC,PMMA,ABS,POM", "money": 50, "name": "\u4e0a\u6d77\u73af\u6636\u8d38\u6613\u6709\u9650\u516c\u53f8", "property": "\u5c0f\u5fae\u4f01\u4e1a"}, {"address": "\u4e0a\u6d77\u5e02\u4e0a\u6d77\u57ce\u533a\u5609\u5b9a\u533a\u66f9\u5b89\u516c\u8def5616\u53f71207\u5ba4", "category": "\u7a7a\u6c14\u70b8\u9505", "ground": "PE,PP,PS,ABS", "money": 50, "name": "\u4e0a\u6d77\u84ec\u4e0a\u5316\u5de5\u6709\u9650\u516c\u53f8", "property": "\u5c0f\u5fae\u4f01\u4e1a"}, {"address": "\u4e0a\u6d77\u5e02\u4e0a\u6d77\u57ce\u533a\u5609\u5b9a\u533a\u6caa\u5b9c\u516c\u8def5358\u53f74\u5c42J2714\u5ba4", "category": "\u6599\u7406\u673a", "ground": "PA,ABS,PC/ABS,PP", "money": 50, "name": "\u4e0a\u6d77\u4e8b\u6f6e\u6a61\u80f6\u5236\u54c1\u6709\u9650\u516c\u53f8", "property": "\u5c0f\u5fae\u4f01\u4e1a"}, {"address": "\u4e0a\u6d77\u5e02\u4e0a\u6d77\u57ce\u533a\u5609\u5b9a\u533a\u4e0a\u6d77\u56fd\u9645\u673a\u7535\u4e94\u91d1\u57ce\u65b9\u4f1f\u8def190\u53f7", "category": "\u7a7a\u6c14\u70b8\u9505", "ground": "PVC,PP,ABS,HDPE,PTFE,PMMA,PC", "money": 50, "name": "\u4e0a\u6d77\u6d59\u5929\u7269\u8d44\u6709\u9650\u516c\u53f8", "property": "\u5c0f\u5fae\u4f01\u4e1a"}, {"address": "\u4e0a\u6d77\u5e02\u4e0a\u6d77\u57ce\u533a\u5609\u5b9a\u533a\u7fd4\u6c5f\u516c\u8def1185\u53f7", "category": "\u69a8\u6c41\u673a", "ground": "\u5408\u6210\u6811\u8102,\u52a0\u5de5\u52a9\u5242,\u70ad\u9ed1,ABS,MBS,\u5851\u6599\u70ed\u7a33\u5b9a\u5242,\u4e8c\u6c27\u5316\u7845,\u949b\u767d\u7c89,\u786c\u8102\u9178,\u65e0\u673a\u989c\u6599", "money": 50, "name": "\u4e0a\u6d77\u5584\u535a\u5b9e\u4e1a\u6709\u9650\u516c\u53f8", "property": "\u5c0f\u5fae\u4f01\u4e1a"}, {"address": "\u4e0a\u6d77\u5e02\u4e0a\u6d77\u57ce\u533a\u5609\u5b9a\u533a\u5f90\u884c\u9547\u5b9d\u51e4\u8def198\u53f7", "category": "\u7a7a\u6c14\u70b8\u9505", "ground": "PE,PP,PS,ABS", "money": 50, "name": "\u4e0a\u6d77\u5fd7\u9e4f\u5b9e\u4e1a\u6709\u9650\u516c\u53f8", "property": "\u5c0f\u5fae\u4f01\u4e1a"}]