[{"address": "\u6d59\u6c5f\u7701\u53f0\u5dde\u5e02\u9ec4\u5ca9\u533a\u897f\u57ce\u8857\u9053\u9ec4\u957f\u8def558\u53f7", "category": "\u7535\u7096\u9505", "ground": "ABS,AS,PMMA,PC/ABS,PS\u7b49\u5851\u6599\u539f\u6599", "money": 200, "name": "\u53f0\u5dde\u5e02\u9ec4\u5ca9\u4ea8\u7f8e\u5851\u4e1a\u6709\u9650\u516c\u53f8", "property": "\u5c0f\u5fae\u4f01\u4e1a"}, {"address": "\u6d59\u6c5f\u7701\u53f0\u5dde\u5e02\u8def\u6865\u533a\u4e0b\u5b85\u65bc\u6751", "category": "\u7535\u7096\u9505", "ground": "POE,EPDM,POP,ABS", "money": 100, "name": "\u53f0\u5dde\u5e02\u542f\u701a\u5851\u5316\u6709\u9650\u516c\u53f8", "property": "\u5c0f\u5fae\u4f01\u4e1a"}]