[
    {
        "address":"江苏省泰州市高港区",
        "category":"榨汁机",
        "ground":"模具制造;机械加工;金属制品零部件制造,销售",
        "money":50,
        "name":"泰州市高港区立美模具厂",
        "property":""
    },
    {
        "address":"江苏省泰州市海陵区",
        "category":"榨汁机",
        "ground":"塑料制品,塑料模具",
        "money":50,
        "name":"泰兴市鑫宇塑料制品有限公司",
        "property":"小微企业"
    }
]