[
    {
        "address":"江苏省泰州市靖江市",
        "category":"豆浆机",
        "ground":"模具、注塑件、压铸件、通用仪器仪表及配件、五金橡塑制品制造、销售",
        "money":30,
        "name":"靖江市鼎尖模具厂",
        "property":"小微企业"
    },
    {
        "address":"江苏省泰州市靖江市",
        "category":"豆浆机",
        "ground":"注塑加工,挤塑加工,模具制造",
        "money":50,
        "name":"靖江中塑机械配件有限公司",
        "property":"小微企业"
    },
    {
        "address":"江苏省泰州市海陵区",
        "category":"豆浆机",
        "ground":"塑料模具制品,宠物玩具,宠物用品",
        "money":100,
        "name":"泰州市海陵区宇星塑料制品有限公司",
        "property":"科技型中小企业 小微企业"
    }
]