[
    {
        "address":"江苏省泰州市泰兴市",
        "category":"电炖锅",
        "ground":"各类塑料产品及制造",
        "money":10,
        "name":"泰兴市和兴模具厂",
        "property":""
    },
    {
        "address":"江苏省泰州市泰兴市",
        "category":"电炖锅",
        "ground":"模具、自动化设备制造、销售;冲压件、机床、电子配件加工、销售;",
        "money":50,
        "name":"泰兴市齐瑞模具有限公司",
        "property":""
    }
]