[
    {
        "address":"江苏省宿迁市沭阳县",
        "category":"料理机",
        "ground":"模具制造、销售",
        "money":1000,
        "name":"沭阳金阳模具有限公司",
        "property":"小微企业"
    },
    {
        "address":"江苏省宿迁市宿城区",
        "category":"电饼铛",
        "ground":"模具、小家电、家电塑料配件制造、销售",
        "money":2000,
        "name":"宿迁精诚模具有限公司",
        "property":"高新技术企业 瞪羚企业 科技型中小企业 小微企业"
    }
]