[
    {
        "address":"江苏省徐州市铜山区",
        "category":"榨汁机",
        "ground":"模具设计、制造、销售,健身器材制造、销售",
        "money":50,
        "name":"徐州奇若橡塑模具有限公司",
        "property":"小微企业"
    },
    {
        "address":"江苏省徐州市云龙区",
        "category":"榨汁机",
        "ground":"五金件、注塑件、模具、塑胶制品、电子产品及配件、机械设备加工",
        "money":55,
        "name":"徐州晟源模具有限公司",
        "property":"小微企业"
    }
]