[
    {
        "address":"江苏省徐州市睢宁县",
        "category":"料理机",
        "ground":"模具制造、销售;塑胶制品、五金、家居用品、日用品销售",
        "money":500,
        "name":"徐州天力模具制造有限公司",
        "property":"小微企业"
    },
    {
        "address":"江苏省徐州市邳州市",
        "category":"豆浆机",
        "ground":"橡胶成型模具、塑料成型模具加工销售",
        "money":10,
        "name":"邳州市金格模具厂",
        "property":""
    },
    {
        "address":"江苏省徐州市邳州市",
        "category":"电蒸锅",
        "ground":"塑料制品、模具、五金工具、健身器材及配件加工、销售;塑料制品技术研发",
        "money":200,
        "name":"徐州精艺塑料制品有限公司",
        "property":"小微企业"
    },
    {
        "address":"江苏省徐州市铜山区",
        "category":"榨汁机",
        "ground":"模具设计、制造、销售,健身器材制造、销售",
        "money":50,
        "name":"徐州奇若橡塑模具有限公司",
        "property":"小微企业"
    },
    {
        "address":"江苏省徐州市铜山区",
        "category":"豆浆机",
        "ground":"橡胶制品、塑料制品、冲压制品、模具、工程机械及配件加工、销售",
        "money":200,
        "name":"徐州双豪橡塑模具科技有限公司",
        "property":"科技型中小企业 小微企业"
    },
    {
        "address":"江苏省徐州市云龙区",
        "category":"榨汁机",
        "ground":"五金件、注塑件、模具、塑胶制品、电子产品及配件、机械设备加工",
        "money":55,
        "name":"徐州晟源模具有限公司",
        "property":"小微企业"
    },
    {
        "address":"江苏省徐州市市辖区",
        "category":"电蒸锅",
        "ground":"模具",
        "money":10,
        "name":"徐州市鼓楼区众心模具厂",
        "property":""
    },
    {
        "address":"江苏省徐州市鼓楼区",
        "category":"空气炸锅",
        "ground":"模具制造、销售;塑料制品加工,机械加工;机械设备及配件加工、销售",
        "money":50,
        "name":"徐州光耀模具有限公司",
        "property":"小微企业"
    }
]