[
    {
        "address":"江苏省徐州市邳州市",
        "category":"电蒸锅",
        "ground":"塑料制品、模具、五金工具、健身器材及配件加工、销售;塑料制品技术研发",
        "money":200,
        "name":"徐州精艺塑料制品有限公司",
        "property":"小微企业"
    },
    {
        "address":"江苏省徐州市市辖区",
        "category":"电蒸锅",
        "ground":"模具",
        "money":10,
        "name":"徐州市鼓楼区众心模具厂",
        "property":""
    }
]