[
    {
        "address":"江苏省徐州市邳州市",
        "category":"豆浆机",
        "ground":"橡胶成型模具、塑料成型模具加工销售",
        "money":10,
        "name":"邳州市金格模具厂",
        "property":""
    },
    {
        "address":"江苏省徐州市铜山区",
        "category":"豆浆机",
        "ground":"橡胶制品、塑料制品、冲压制品、模具、工程机械及配件加工、销售",
        "money":200,
        "name":"徐州双豪橡塑模具科技有限公司",
        "property":"科技型中小企业 小微企业"
    }
]