[{"address": "\u6c5f\u82cf\u7701\u65e0\u9521\u5e02\u6ee8\u6e56\u533a\u5510\u5df7\u8def78\u53f7B3-1\u5ba4", "category": "\u65e9\u9910\u673a", "ground": "PA66,PA6,PBT,POM,PC,PC/ABS", "money": 1000, "name": "\u6c5f\u82cf\u805a\u5851\u798f\u5851\u5316\u79d1\u6280\u6709\u9650\u516c\u53f8", "property": "\u5c0f\u5fae\u4f01\u4e1a"}, {"address": "\u6c5f\u82cf\u7701\u65e0\u9521\u5e02\u60e0\u5c71\u533a\u6d1b\u795e\u8def1\u53f7\u56fd\u91d1\u94a2\u6750\u57ceG\u680b010", "category": "\u65e9\u9910\u673a", "ground": "POM,PP,PA66,PET,PC+ABS,PC,PMMA,ABS", "money": 480, "name": "\u65e0\u9521\u6cf0\u950b\u5851\u5316\u6709\u9650\u516c\u53f8", "property": "\u5c0f\u5fae\u4f01\u4e1a"}, {"address": "\u6c5f\u82cf\u7701\u65e0\u9521\u5e02\u6c5f\u9634\u5e02\u749c\u571f\u77f3\u5e84\u65b0\u989c\u8def89\u53f7", "category": "\u65e9\u9910\u673a", "ground": "PA6,PA66,PC,PMMA,ABS,PBT,PC/ABS,POM,PP", "money": 21, "name": "\u6c5f\u9634\u5e02\u542f\u5143\u5851\u6599\u5546\u8d38\u6709\u9650\u516c\u53f8", "property": "\u5c0f\u5fae\u4f01\u4e1a"}]