[{"address": "\u6c5f\u82cf\u7701\u65e0\u9521\u5e02\u60e0\u5c71\u533a\u6d1b\u793e\u9547\u56fd\u91d1\u94a2\u6750\u57ceF110", "category": "\u8c46\u6d46\u673a", "ground": "PBT,PC/ABS,PP,PPS,POE,POP,TPO", "money": 300, "name": "\u65e0\u9521\u5e1b\u60a6\u5851\u5316\u6709\u9650\u516c\u53f8", "property": "\u5c0f\u5fae\u4f01\u4e1a"}, {"address": "\u6c5f\u82cf\u7701\u65e0\u9521\u5e02\u60e0\u5c71\u533a\u6d1b\u795e\u8def6\u53f74\u53f7\u697c1301\u5ba4\uff08\u897f\u7ad9\u7269\u6d41\u56ed\u533a\uff09", "category": "\u8c46\u6d46\u673a", "ground": "PP,PE,ABS,PC,POM,PA66,PA6,PBT", "money": 200, "name": "\u65e0\u9521\u767e\u8d22\u5851\u5316\u6709\u9650\u516c\u53f8", "property": "\u5c0f\u5fae\u4f01\u4e1a"}, {"address": "\u6c5f\u82cf\u7701\u65e0\u9521\u5e02\u60e0\u5c71\u533a\u65e0\u9521\u60e0\u5c71\u5927\u9053108\u53f7A\u5e62805\u5ba4", "category": "\u8c46\u6d46\u673a", "ground": "POM,PC,PC/ABS,LCP,PEI", "money": 100, "name": "\u65e0\u9521\u65ed\u8f89\u7535\u5b50\u79d1\u6280\u6709\u9650\u516c\u53f8", "property": "\u5c0f\u5fae\u4f01\u4e1a"}]