[{"address": "\u4e0a\u6d77\u5e02\u4e0a\u6d77\u57ce\u533a\u5b9d\u5c71\u533a \u987e\u5317\u4e1c\u8def365\u53f7", "category": "\u7535\u7096\u9505", "ground": "LLDPE,MVLDPE,HDPE,EBA,LDPE,POE,PA6,PA66,ABS,PVDF,\u7279\u79cd\u5851\u6599,PP,ASA,PPS,TPE,PC,TPEE,PLA,PA/ABS,EVA,TPU,PC/ABS,PET,COC,EMA,PBT,PMMA,POM,PPA,PPO,HIPS,GPPS,PA12", "money": 500, "name": "\u4e0a\u6d77\u7855\u79be\u5b9e\u4e1a\u6709\u9650\u516c\u53f8", "property": "\u5c0f\u5fae\u4f01\u4e1a"}, {"address": "\u4e0a\u6d77\u5e02\u4e0a\u6d77\u57ce\u533a\u5b9d\u5c71\u533a\u94c1\u950b\u8def2001\u5f047\u53f7101\u5ba4", "category": "\u7535\u7096\u9505", "ground": "pp,abs,\u94a2\u6750\u539f\u6750\u6599", "money": 300, "name": "\u4e0a\u6d77\u540c\u5b9d\u5b9e\u4e1a\u6709\u9650\u516c\u53f8", "property": "\u5c0f\u5fae\u4f01\u4e1a"}, {"address": "\u4e0a\u6d77\u5e02\u4e0a\u6d77\u57ce\u533a\u5b9d\u5c71\u533a\u987e\u5317\u4e1c\u8def365\u3001367\u3001377\u53f71-2\u5c42", "category": "\u7535\u7096\u9505", "ground": "ABS,PA6,PC,PP,PC/ABS,POM", "money": 200, "name": "\u4e0a\u6d77\u5792\u827a\u5851\u5316\u6709\u9650\u516c\u53f8", "property": "\u5c0f\u5fae\u4f01\u4e1a"}, {"address": "\u4e0a\u6d77\u5e02\u4e0a\u6d77\u57ce\u533a\u5b9d\u5c71\u533a\u6708\u7f57\u8def599\u53f7", "category": "\u7535\u7096\u9505", "ground": "PE,PP,ABS,PC,EVA", "money": 200, "name": "\u4e0a\u6d77\u610f\u987a\u5851\u5316\u6709\u9650\u516c\u53f8", "property": "\u5c0f\u5fae\u4f01\u4e1a"}, {"address": "\u4e0a\u6d77\u5e02\u4e0a\u6d77\u57ce\u533a\u5b9d\u5c71\u533a\u573a\u4e2d\u8def3707\u53f7", "category": "\u7535\u7096\u9505", "ground": "PP,ABS,PVC,HDPE,PPS", "money": 100, "name": "\u4e0a\u6d77\u8a89\u535a\u5316\u5de5\u6709\u9650\u516c\u53f8", "property": ""}, {"address": "\u4e0a\u6d77\u5e02\u4e0a\u6d77\u57ce\u533a\u5b9d\u5c71\u533a\u4e0a\u6d77\u6caa\u592a\u8def5355\u5f04", "category": "\u7535\u7096\u9505", "ground": "ABS", "money": 50, "name": "\u4e0a\u6d77\u6797\u5b8f\u5316\u5de5\u6709\u9650\u516c\u53f8", "property": "\u5c0f\u5fae\u4f01\u4e1a"}]