[{"address": "\u4e0a\u6d77\u5e02\u4e0a\u6d77\u57ce\u533a\u5b9d\u5c71\u533a\u6d77\u5b81\u8def899\u53f7\uff08\u957f\u6cf0\u4f01\u4e1a\u5929\u5730\u5e7f\u573a\uff09703\u5ba4", "category": "\u7a7a\u6c14\u70b8\u9505", "ground": "ABS,AS,HIPS,GPPS,PMMA,PC,PP\u7b49", "money": 1000, "name": "\u4e0a\u6d77\u76c8\u98de\u5b9e\u4e1a\u6709\u9650\u516c\u53f8", "property": ""}, {"address": "\u4e0a\u6d77\u5e02\u4e0a\u6d77\u57ce\u533a\u5b9d\u5c71\u533a \u987e\u5317\u4e1c\u8def", "category": "\u7a7a\u6c14\u70b8\u9505", "ground": "EVA,ABS,HDPE,POM", "money": 500, "name": "\u4e0a\u6d77\u8fd0\u7ad1\u5851\u5316\u6709\u9650\u516c\u53f8", "property": "\u5c0f\u5fae\u4f01\u4e1a"}, {"address": "\u4e0a\u6d77\u5e02\u4e0a\u6d77\u57ce\u533a\u5b9d\u5c71\u533a\u987e\u5317\u4e1c\u8def365\u3001367\u3001377\u53f71-2\u5c42", "category": "\u7a7a\u6c14\u70b8\u9505", "ground": "PPS,PMMA,GPPS,HDPE,TPEE,POE,EVA,TPU,PBT,PC/ABS", "money": 500, "name": "\u4e0a\u6d77\u706b\u5ef6\u5851\u5316\u6709\u9650\u516c\u53f8", "property": "\u5c0f\u5fae\u4f01\u4e1a"}, {"address": "\u4e0a\u6d77\u5e02\u4e0a\u6d77\u57ce\u533a\u5b9d\u5c71\u533a\u987e\u5317\u4e1c\u8def365\u53f7C\u533a2700", "category": "\u7a7a\u6c14\u70b8\u9505", "ground": "POM,PC,PC/ABS,PPS,PSU", "money": 500, "name": "\u4e0a\u6d77\u949c\u7a33\u5de5\u7a0b\u5851\u6599\u6709\u9650\u516c\u53f8", "property": "\u5c0f\u5fae\u4f01\u4e1a"}, {"address": "\u4e0a\u6d77\u5e02\u4e0a\u6d77\u57ce\u533a\u5b9d\u5c71\u533a\u987e\u5317\u4e1c\u8def365\u53f7C\u533a2757\u53f7", "category": "\u7a7a\u6c14\u70b8\u9505", "ground": "PA66,PA6,POM,ABS,PP,PPS,PC", "money": 500, "name": "\u4e0a\u6d77\u70ac\u76db\u5851\u5316\u6709\u9650\u516c\u53f8", "property": "\u5c0f\u5fae\u4f01\u4e1a"}, {"address": "\u4e0a\u6d77\u5e02\u4e0a\u6d77\u57ce\u533a\u5b9d\u5c71\u533a\u987e\u5317\u4e1c\u8def 365 367 377\u53f71-2\u5c42", "category": "\u7a7a\u6c14\u70b8\u9505", "ground": "PA66,PA6,PP,PC,ABS,LDPE,LLDPE,HDPE,EVA,POM,PA12,\u7b49\u5851\u80f6\u539f\u6599,\u5851\u80f6\u6539\u6027\u6599", "money": 100, "name": "\u4e0a\u6d77\u828a\u828a\u5851\u5316\u6709\u9650\u516c\u53f8", "property": "\u5c0f\u5fae\u4f01\u4e1a"}, {"address": "\u4e0a\u6d77\u5e02\u4e0a\u6d77\u57ce\u533a\u5b9d\u5c71\u533a\u7f57\u82ac\u8def689\u5f0440\u53f7F\u533a346\u5ba4", "category": "\u7a7a\u6c14\u70b8\u9505", "ground": "\u901a\u7528\u5851\u6599PP,PE,PS,ABS,PC,\u6ed1\u77f3\u7c89,\u8272\u6bcd\u7c92\u7b49", "money": 100, "name": "\u4e0a\u6d77\u6c49\u4e91\u5de5\u8d38\u6709\u9650\u516c\u53f8", "property": "\u5c0f\u5fae\u4f01\u4e1a"}]