[{"address": "\u4e0a\u6d77\u5e02\u4e0a\u6d77\u57ce\u533a\u5b9d\u5c71\u533a\u4e0a\u6d77\u9526\u79cb\u8def699\u5f044\u533a438\u53f7", "category": "\u6599\u7406\u673a", "ground": "EVA,ABS", "money": 5000, "name": "\u4e0a\u6d77\u5fb7\u7fd4\u56fd\u9645\u8d38\u6613\u6709\u9650\u516c\u53f8", "property": "\u5c0f\u5fae\u4f01\u4e1a"}, {"address": "\u4e0a\u6d77\u5e02\u4e0a\u6d77\u57ce\u533a\u5b9d\u5c71\u533a\u987e\u5317\u4e1c\u8def365\u53f7C\u533a", "category": "\u6599\u7406\u673a", "ground": "EVA,EBA,EMA,PA6,PA66,PC/ABS", "money": 500, "name": "\u4e0a\u6d77\u70dc\u535a\u5b9e\u4e1a\u6709\u9650\u516c\u53f8", "property": "\u5c0f\u5fae\u4f01\u4e1a"}, {"address": "\u4e0a\u6d77\u5e02\u4e0a\u6d77\u57ce\u533a\u5b9d\u5c71\u533a \u5171\u548c\u65b0\u8def5199\u53f71\u5e624\u5c4290\u5ba4", "category": "\u6599\u7406\u673a", "ground": "ABS,POM,PC,HDPE,LDPE", "money": 200, "name": "\u4e0a\u6d77\u4ea6\u54f2\u5851\u80f6\u8d38\u6613\u6709\u9650\u516c\u53f8", "property": "\u5c0f\u5fae\u4f01\u4e1a"}, {"address": "\u4e0a\u6d77\u5e02\u4e0a\u6d77\u57ce\u533a\u5b9d\u5c71\u533a\u4e0a\u6d77\u987e\u5317\u4e1c\u8def365\u53f7C\u533a2755", "category": "\u6599\u7406\u673a", "ground": "ABS,PMMA,GPPS,PC,PC/ABS,PPO,PPE", "money": 200, "name": "\u4e0a\u6d77\u5851\u4eab\u8d38\u6613\u6709\u9650\u516c\u53f8", "property": "\u5c0f\u5fae\u4f01\u4e1a"}]