[{"address": "\u4e0a\u6d77\u5e02\u4e0a\u6d77\u57ce\u533a\u5b9d\u5c71\u533a \u987e\u5317\u4e1c\u8def365\u53f7", "category": "\u8c46\u6d46\u673a", "ground": "ABS,HDPE,PP,PC,POM,PA6,PA66,PBT,TPU,POE", "money": 500, "name": "\u4e0a\u6d77\u706b\u4f26\u5851\u5316\u6709\u9650\u516c\u53f8", "property": "\u5c0f\u5fae\u4f01\u4e1a"}, {"address": "\u4e0a\u6d77\u5e02\u4e0a\u6d77\u57ce\u533a\u5b9d\u5c71\u533a\u987e\u5317\u4e1c\u8def365\u3001367\u3001377\u53f71-2\u5c42", "category": "\u8c46\u6d46\u673a", "ground": "PC,ABS,POE,PE,PP,PA66,PA/ABS,EVA,PA6,PC/ABS", "money": 500, "name": "\u4e0a\u6d77\u53cb\u4e8e\u5851\u5316\u6709\u9650\u516c\u53f8", "property": "\u5c0f\u5fae\u4f01\u4e1a"}, {"address": "\u4e0a\u6d77\u5e02\u4e0a\u6d77\u57ce\u533a\u5b9d\u5c71\u533a\u4e0a\u6d77\u987e\u5317\u4e1c\u8def365\u53f7C\u533a2752", "category": "\u8c46\u6d46\u673a", "ground": "HDPE,LDPE,ABS,PMMA", "money": 500, "name": "\u4e0a\u6d77\u5609\u6822\u5b9e\u4e1a\u6709\u9650\u516c\u53f8", "property": "\u5c0f\u5fae\u4f01\u4e1a"}, {"address": "\u4e0a\u6d77\u5e02\u4e0a\u6d77\u57ce\u533a\u5b9d\u5c71\u533a\u4e0a\u6d77\u987e\u5317\u4e1c\u8def365\u53f7C\u533a2760", "category": "\u8c46\u6d46\u673a", "ground": "PP,PE,PC,POE,POM,ABS", "money": 500, "name": "\u4e0a\u6d77\u946b\u8302\u5851\u5316\u6709\u9650\u516c\u53f8", "property": "\u5c0f\u5fae\u4f01\u4e1a"}, {"address": "\u4e0a\u6d77\u5e02\u4e0a\u6d77\u57ce\u533a\u5b9d\u5c71\u533a\u4e0a\u6d77\u6cf0\u548c\u897f\u8def3389\u53f73-1088\u5ba4", "category": "\u8c46\u6d46\u673a", "ground": "PA66,ABS,PPS,PP,PC,POM", "money": 100, "name": "\u4e0a\u6d77\u9038\u521b\u8fdb\u51fa\u53e3\u6709\u9650\u516c\u53f8", "property": "\u5c0f\u5fae\u4f01\u4e1a"}, {"address": "\u4e0a\u6d77\u5e02\u4e0a\u6d77\u57ce\u533a\u5b9d\u5c71\u533a\u91d1\u77f3\u8def1688\u53f7C-360", "category": "\u8c46\u6d46\u673a", "ground": "\u56fd\u4ea7\u8fdb\u53e3\u805a\u4e59\u70ef,\u805a\u4e19\u70efABS\u7b49\u4e0a\u6d77\u77f3\u5316,\u4e0a\u6d77\u91d1\u83f2,\u5927\u97e9\u6cb9\u5316,\u5409\u6797\u77f3\u5316", "money": 50, "name": "\u4e0a\u6d77\u7384\u5b5f\u5316\u5de5\u6709\u9650\u516c\u53f8", "property": "\u5c0f\u5fae\u4f01\u4e1a"}]