[{"address": "\u4e0a\u6d77\u5e02\u4e0a\u6d77\u57ce\u533a\u5b9d\u5c71\u533a\u5b9d\u5c71\u57ce\u5e02\u5de5\u4e1a\u56ed\u533a\u56ed\u5149\u8def228\u53f7", "category": "\u65e9\u9910\u673a", "ground": "PC,PC/ABS,PA,\u5fb7\u56fd\u62dc\u8033PC", "money": 3594, "name": "\u4e0a\u6d77\u957f\u4f1f\u9526\u78c1\u5de5\u7a0b\u5851\u6599\u6709\u9650\u516c\u53f8", "property": "\u5c0f\u5fae\u4f01\u4e1a \u9ad8\u65b0\u6280\u672f\u4f01\u4e1a \u4e13\u7cbe\u7279\u65b0\u5c0f\u5de8\u4eba\u4f01\u4e1a \u4e13\u7cbe\u7279\u65b0\u4e2d\u5c0f\u4f01\u4e1a \u521b\u65b0\u578b\u4e2d\u5c0f\u4f01\u4e1a \u4f01\u4e1a\u6280\u672f\u4e2d\u5fc3"}, {"address": "\u4e0a\u6d77\u5e02\u4e0a\u6d77\u57ce\u533a\u5b9d\u5c71\u533a \u5de5\u4e1a\u56ed", "category": "\u65e9\u9910\u673a", "ground": "POE,POM,PA66,ABS,PP,PC,AES", "money": 1000, "name": "\u4e0a\u6d77\u5bcc\u94c4\u5851\u80f6\u539f\u6599\u6709\u9650\u516c\u53f8", "property": "\u5c0f\u5fae\u4f01\u4e1a"}, {"address": "\u4e0a\u6d77\u5e02\u4e0a\u6d77\u57ce\u533a\u5b9d\u5c71\u533a\u4e0a\u6d77\u987e\u5317\u4e1c\u8def365\u3001367\u3001377\u53f71-2\u5c42", "category": "\u65e9\u9910\u673a", "ground": "ABS,EVA,POE,PA66,PA6,LLDPE,LDPE,POM,PC", "money": 500, "name": "\u4e0a\u6d77\u5510\u7396\u5b9e\u4e1a\u6709\u9650\u516c\u53f8", "property": "\u5c0f\u5fae\u4f01\u4e1a"}, {"address": "\u4e0a\u6d77\u5e02\u4e0a\u6d77\u57ce\u533a\u5b9d\u5c71\u533a\u4e0a\u6d77\u771f\u9648\u8def1000\u53f76\u697cE\u5ea7501\u5ba4", "category": "\u65e9\u9910\u673a", "ground": "PC,PC/ABS,PBT,PEEK,PFA,PP,POM", "money": 500, "name": "\u4e0a\u6d77\u5942\u607a\u5b9e\u4e1a\u6709\u9650\u516c\u53f8", "property": "\u5c0f\u5fae\u4f01\u4e1a"}, {"address": "\u4e0a\u6d77\u5e02\u4e0a\u6d77\u57ce\u533a\u5b9d\u5c71\u533a\u9ad8\u5883\u9547\u5171\u548c\u65b0\u8def4995\u4e07\u8fbe\u5e7f\u573a3\u680b1911", "category": "\u65e9\u9910\u673a", "ground": "\u5c3c\u9f99,POM,PBT,PET,PC,PC/ABS,ABS,PPS,LC", "money": 200, "name": "\u805a\u5851\u798f\u56fd\u9645\u8d38\u6613\uff08\u4e0a\u6d77\uff09\u6709\u9650\u516c\u53f8", "property": "\u5c0f\u5fae\u4f01\u4e1a"}, {"address": "\u4e0a\u6d77\u5e02\u4e0a\u6d77\u57ce\u533a\u5b9d\u5c71\u533a\u4e2d\u56fd\u4e0a\u6d77\u987e\u5317\u4e1c\u8def365\u3001367\u3001377\u53f71-2\u5c42", "category": "\u65e9\u9910\u673a", "ground": "GPPS,PC/ABS,TPEE,TPE,TPU,PBT,PP,HIPS,ASA,PA6,PA66,POM,ABS,PC", "money": 200, "name": "\u4e0a\u6d77\u8c6a\u666f\u5851\u5316\u6709\u9650\u516c\u53f8", "property": "\u5c0f\u5fae\u4f01\u4e1a"}]