[{"address": "\u4e0a\u6d77\u5e02\u4e0a\u6d77\u57ce\u533a\u5b9d\u5c71\u533a\u4e0a\u6d77\u9526\u79cb\u8def699\u5f044\u533a438\u53f7", "category": "\u6599\u7406\u673a", "ground": "EVA,ABS", "money": 5000, "name": "\u4e0a\u6d77\u5fb7\u7fd4\u56fd\u9645\u8d38\u6613\u6709\u9650\u516c\u53f8", "property": "\u5c0f\u5fae\u4f01\u4e1a"}, {"address": "\u4e0a\u6d77\u5e02\u4e0a\u6d77\u57ce\u533a\u5b9d\u5c71\u533a\u5b9d\u5c71\u57ce\u5e02\u5de5\u4e1a\u56ed\u533a\u56ed\u5149\u8def228\u53f7", "category": "\u65e9\u9910\u673a", "ground": "PC,PC/ABS,PA,\u5fb7\u56fd\u62dc\u8033PC", "money": 3594, "name": "\u4e0a\u6d77\u957f\u4f1f\u9526\u78c1\u5de5\u7a0b\u5851\u6599\u6709\u9650\u516c\u53f8", "property": "\u5c0f\u5fae\u4f01\u4e1a \u9ad8\u65b0\u6280\u672f\u4f01\u4e1a \u4e13\u7cbe\u7279\u65b0\u5c0f\u5de8\u4eba\u4f01\u4e1a \u4e13\u7cbe\u7279\u65b0\u4e2d\u5c0f\u4f01\u4e1a \u521b\u65b0\u578b\u4e2d\u5c0f\u4f01\u4e1a \u4f01\u4e1a\u6280\u672f\u4e2d\u5fc3"}, {"address": "\u4e0a\u6d77\u5e02\u4e0a\u6d77\u57ce\u533a\u5b9d\u5c71\u533a\u56ed\u5149\u8def228\u53f72\u5e623\u5c42", "category": "\u69a8\u6c41\u673a", "ground": "\u62dc\u8033PC,\u6539\u6027PC,PA,PC/ABS", "money": 1200, "name": "\u4e0a\u6d77\u5609\u8fdc\u62dc\u529b\u6295\u8d44\u7ba1\u7406\u6709\u9650\u516c\u53f8", "property": "\u5c0f\u5fae\u4f01\u4e1a"}, {"address": "\u4e0a\u6d77\u5e02\u4e0a\u6d77\u57ce\u533a\u5b9d\u5c71\u533a \u5de5\u4e1a\u56ed", "category": "\u65e9\u9910\u673a", "ground": "POE,POM,PA66,ABS,PP,PC,AES", "money": 1000, "name": "\u4e0a\u6d77\u5bcc\u94c4\u5851\u80f6\u539f\u6599\u6709\u9650\u516c\u53f8", "property": "\u5c0f\u5fae\u4f01\u4e1a"}, {"address": "\u4e0a\u6d77\u5e02\u4e0a\u6d77\u57ce\u533a\u5b9d\u5c71\u533a\u6d77\u5b81\u8def899\u53f7\uff08\u957f\u6cf0\u4f01\u4e1a\u5929\u5730\u5e7f\u573a\uff09703\u5ba4", "category": "\u7a7a\u6c14\u70b8\u9505", "ground": "ABS,AS,HIPS,GPPS,PMMA,PC,PP\u7b49", "money": 1000, "name": "\u4e0a\u6d77\u76c8\u98de\u5b9e\u4e1a\u6709\u9650\u516c\u53f8", "property": ""}, {"address": "\u4e0a\u6d77\u5e02\u4e0a\u6d77\u57ce\u533a\u5b9d\u5c71\u533a \u987e\u5317\u4e1c\u8def", "category": "\u7a7a\u6c14\u70b8\u9505", "ground": "EVA,ABS,HDPE,POM", "money": 500, "name": "\u4e0a\u6d77\u8fd0\u7ad1\u5851\u5316\u6709\u9650\u516c\u53f8", "property": "\u5c0f\u5fae\u4f01\u4e1a"}, {"address": "\u4e0a\u6d77\u5e02\u4e0a\u6d77\u57ce\u533a\u5b9d\u5c71\u533a \u987e\u5317\u4e1c\u8def365\u53f7", "category": "\u8c46\u6d46\u673a", "ground": "ABS,HDPE,PP,PC,POM,PA6,PA66,PBT,TPU,POE", "money": 500, "name": "\u4e0a\u6d77\u706b\u4f26\u5851\u5316\u6709\u9650\u516c\u53f8", "property": "\u5c0f\u5fae\u4f01\u4e1a"}, {"address": "\u4e0a\u6d77\u5e02\u4e0a\u6d77\u57ce\u533a\u5b9d\u5c71\u533a \u987e\u5317\u4e1c\u8def365\u53f7", "category": "\u7535\u7096\u9505", "ground": "LLDPE,MVLDPE,HDPE,EBA,LDPE,POE,PA6,PA66,ABS,PVDF,\u7279\u79cd\u5851\u6599,PP,ASA,PPS,TPE,PC,TPEE,PLA,PA/ABS,EVA,TPU,PC/ABS,PET,COC,EMA,PBT,PMMA,POM,PPA,PPO,HIPS,GPPS,PA12", "money": 500, "name": "\u4e0a\u6d77\u7855\u79be\u5b9e\u4e1a\u6709\u9650\u516c\u53f8", "property": "\u5c0f\u5fae\u4f01\u4e1a"}, {"address": "\u4e0a\u6d77\u5e02\u4e0a\u6d77\u57ce\u533a\u5b9d\u5c71\u533a\u987e\u5317\u4e1c\u8def365\u3001367\u3001377\u53f71-2\u5c42", "category": "\u8c46\u6d46\u673a", "ground": "PC,ABS,POE,PE,PP,PA66,PA/ABS,EVA,PA6,PC/ABS", "money": 500, "name": "\u4e0a\u6d77\u53cb\u4e8e\u5851\u5316\u6709\u9650\u516c\u53f8", "property": "\u5c0f\u5fae\u4f01\u4e1a"}, {"address": "\u4e0a\u6d77\u5e02\u4e0a\u6d77\u57ce\u533a\u5b9d\u5c71\u533a\u987e\u5317\u4e1c\u8def365\u3001367\u3001377\u53f71-2\u5c42", "category": "\u7a7a\u6c14\u70b8\u9505", "ground": "PPS,PMMA,GPPS,HDPE,TPEE,POE,EVA,TPU,PBT,PC/ABS", "money": 500, "name": "\u4e0a\u6d77\u706b\u5ef6\u5851\u5316\u6709\u9650\u516c\u53f8", "property": "\u5c0f\u5fae\u4f01\u4e1a"}, {"address": "\u4e0a\u6d77\u5e02\u4e0a\u6d77\u57ce\u533a\u5b9d\u5c71\u533a\u987e\u5317\u4e1c\u8def365\u53f7C\u533a", "category": "\u6599\u7406\u673a", "ground": "EVA,EBA,EMA,PA6,PA66,PC/ABS", "money": 500, "name": "\u4e0a\u6d77\u70dc\u535a\u5b9e\u4e1a\u6709\u9650\u516c\u53f8", "property": "\u5c0f\u5fae\u4f01\u4e1a"}, {"address": "\u4e0a\u6d77\u5e02\u4e0a\u6d77\u57ce\u533a\u5b9d\u5c71\u533a\u987e\u5317\u4e1c\u8def365\u53f7C\u533a2700", "category": "\u7a7a\u6c14\u70b8\u9505", "ground": "POM,PC,PC/ABS,PPS,PSU", "money": 500, "name": "\u4e0a\u6d77\u949c\u7a33\u5de5\u7a0b\u5851\u6599\u6709\u9650\u516c\u53f8", "property": "\u5c0f\u5fae\u4f01\u4e1a"}, {"address": "\u4e0a\u6d77\u5e02\u4e0a\u6d77\u57ce\u533a\u5b9d\u5c71\u533a\u987e\u5317\u4e1c\u8def365\u53f7C\u533a2757\u53f7", "category": "\u7a7a\u6c14\u70b8\u9505", "ground": "PA66,PA6,POM,ABS,PP,PPS,PC", "money": 500, "name": "\u4e0a\u6d77\u70ac\u76db\u5851\u5316\u6709\u9650\u516c\u53f8", "property": "\u5c0f\u5fae\u4f01\u4e1a"}, {"address": "\u4e0a\u6d77\u5e02\u4e0a\u6d77\u57ce\u533a\u5b9d\u5c71\u533a\u4e0a\u6d77\u987e\u5317\u4e1c\u8def365\u3001367\u3001377\u53f71-2\u5c42", "category": "\u65e9\u9910\u673a", "ground": "ABS,EVA,POE,PA66,PA6,LLDPE,LDPE,POM,PC", "money": 500, "name": "\u4e0a\u6d77\u5510\u7396\u5b9e\u4e1a\u6709\u9650\u516c\u53f8", "property": "\u5c0f\u5fae\u4f01\u4e1a"}, {"address": "\u4e0a\u6d77\u5e02\u4e0a\u6d77\u57ce\u533a\u5b9d\u5c71\u533a\u4e0a\u6d77\u987e\u5317\u4e1c\u8def365\u3001367\u3001377\u53f71-2\u5c42", "category": "\u7535\u84b8\u9505", "ground": "PP,PE,ABS,PC,PMMA,PC/ABS,PA66,POM", "money": 500, "name": "\u4e0a\u6d77\u70ac\u4e30\u5851\u5316\u6709\u9650\u516c\u53f8", "property": "\u5c0f\u5fae\u4f01\u4e1a"}, {"address": "\u4e0a\u6d77\u5e02\u4e0a\u6d77\u57ce\u533a\u5b9d\u5c71\u533a\u4e0a\u6d77\u987e\u5317\u4e1c\u8def365\u53f7C\u533a2752", "category": "\u8c46\u6d46\u673a", "ground": "HDPE,LDPE,ABS,PMMA", "money": 500, "name": "\u4e0a\u6d77\u5609\u6822\u5b9e\u4e1a\u6709\u9650\u516c\u53f8", "property": "\u5c0f\u5fae\u4f01\u4e1a"}, {"address": "\u4e0a\u6d77\u5e02\u4e0a\u6d77\u57ce\u533a\u5b9d\u5c71\u533a\u4e0a\u6d77\u987e\u5317\u4e1c\u8def365\u53f7C\u533a2760", "category": "\u8c46\u6d46\u673a", "ground": "PP,PE,PC,POE,POM,ABS", "money": 500, "name": "\u4e0a\u6d77\u946b\u8302\u5851\u5316\u6709\u9650\u516c\u53f8", "property": "\u5c0f\u5fae\u4f01\u4e1a"}, {"address": "\u4e0a\u6d77\u5e02\u4e0a\u6d77\u57ce\u533a\u5b9d\u5c71\u533a\u4e0a\u6d77\u771f\u9648\u8def1000\u53f76\u697cE\u5ea7501\u5ba4", "category": "\u65e9\u9910\u673a", "ground": "PC,PC/ABS,PBT,PEEK,PFA,PP,POM", "money": 500, "name": "\u4e0a\u6d77\u5942\u607a\u5b9e\u4e1a\u6709\u9650\u516c\u53f8", "property": "\u5c0f\u5fae\u4f01\u4e1a"}, {"address": "\u4e0a\u6d77\u5e02\u4e0a\u6d77\u57ce\u533a\u5b9d\u5c71\u533a\u94c1\u950b\u8def2001\u5f047\u53f7101\u5ba4", "category": "\u7535\u7096\u9505", "ground": "pp,abs,\u94a2\u6750\u539f\u6750\u6599", "money": 300, "name": "\u4e0a\u6d77\u540c\u5b9d\u5b9e\u4e1a\u6709\u9650\u516c\u53f8", "property": "\u5c0f\u5fae\u4f01\u4e1a"}, {"address": "\u4e0a\u6d77\u5e02\u4e0a\u6d77\u57ce\u533a\u5b9d\u5c71\u533a \u5171\u548c\u65b0\u8def5199\u53f71\u5e624\u5c4290\u5ba4", "category": "\u6599\u7406\u673a", "ground": "ABS,POM,PC,HDPE,LDPE", "money": 200, "name": "\u4e0a\u6d77\u4ea6\u54f2\u5851\u80f6\u8d38\u6613\u6709\u9650\u516c\u53f8", "property": "\u5c0f\u5fae\u4f01\u4e1a"}, {"address": "\u4e0a\u6d77\u5e02\u4e0a\u6d77\u57ce\u533a\u5b9d\u5c71\u533a \u987e\u5317\u4e1c\u8def365\u53f7", "category": "\u7535\u84b8\u9505", "ground": "PEI,PFA,TPU,PA12,EPDM,TPE,PPS,PC/ABS,POM,PA66", "money": 200, "name": "\u4e0a\u6d77\u5b8f\u94ed\u56fd\u9645\u8d38\u6613\u6709\u9650\u516c\u53f8", "property": "\u5c0f\u5fae\u4f01\u4e1a"}, {"address": "\u4e0a\u6d77\u5e02\u4e0a\u6d77\u57ce\u533a\u5b9d\u5c71\u533a\u9ad8\u5883\u9547\u5171\u548c\u65b0\u8def4995\u4e07\u8fbe\u5e7f\u573a3\u680b1911", "category": "\u65e9\u9910\u673a", "ground": "\u5c3c\u9f99,POM,PBT,PET,PC,PC/ABS,ABS,PPS,LC", "money": 200, "name": "\u805a\u5851\u798f\u56fd\u9645\u8d38\u6613\uff08\u4e0a\u6d77\uff09\u6709\u9650\u516c\u53f8", "property": "\u5c0f\u5fae\u4f01\u4e1a"}, {"address": "\u4e0a\u6d77\u5e02\u4e0a\u6d77\u57ce\u533a\u5b9d\u5c71\u533a\u987e\u5317\u4e1c\u8def365\u3001367\u3001377\u53f71-2\u5c42", "category": "\u7535\u7096\u9505", "ground": "ABS,PA6,PC,PP,PC/ABS,POM", "money": 200, "name": "\u4e0a\u6d77\u5792\u827a\u5851\u5316\u6709\u9650\u516c\u53f8", "property": "\u5c0f\u5fae\u4f01\u4e1a"}, {"address": "\u4e0a\u6d77\u5e02\u4e0a\u6d77\u57ce\u533a\u5b9d\u5c71\u533a\u4e0a\u6d77\u987e\u5317\u4e1c\u8def365\u53f7C\u533a2755", "category": "\u6599\u7406\u673a", "ground": "ABS,PMMA,GPPS,PC,PC/ABS,PPO,PPE", "money": 200, "name": "\u4e0a\u6d77\u5851\u4eab\u8d38\u6613\u6709\u9650\u516c\u53f8", "property": "\u5c0f\u5fae\u4f01\u4e1a"}, {"address": "\u4e0a\u6d77\u5e02\u4e0a\u6d77\u57ce\u533a\u5b9d\u5c71\u533a\u53cc\u57ce\u8def803\u5f0411\u53f71602A-2634\u5ba4", "category": "\u7535\u84b8\u9505", "ground": "pp\u957f\u73bb\u7ea4,pc/abs,pe,pa,PPR,PBAT,POM,PPS", "money": 200, "name": "\u4e0a\u6d77\u7fca\u9f0e\u5851\u6599\u6709\u9650\u516c\u53f8", "property": "\u5c0f\u5fae\u4f01\u4e1a"}, {"address": "\u4e0a\u6d77\u5e02\u4e0a\u6d77\u57ce\u533a\u5b9d\u5c71\u533a\u6708\u7f57\u8def599\u53f7", "category": "\u7535\u7096\u9505", "ground": "PE,PP,ABS,PC,EVA", "money": 200, "name": "\u4e0a\u6d77\u610f\u987a\u5851\u5316\u6709\u9650\u516c\u53f8", "property": "\u5c0f\u5fae\u4f01\u4e1a"}, {"address": "\u4e0a\u6d77\u5e02\u4e0a\u6d77\u57ce\u533a\u5b9d\u5c71\u533a\u4e2d\u56fd\u4e0a\u6d77\u987e\u5317\u4e1c\u8def365\u3001367\u3001377\u53f71-2\u5c42", "category": "\u65e9\u9910\u673a", "ground": "GPPS,PC/ABS,TPEE,TPE,TPU,PBT,PP,HIPS,ASA,PA6,PA66,POM,ABS,PC", "money": 200, "name": "\u4e0a\u6d77\u8c6a\u666f\u5851\u5316\u6709\u9650\u516c\u53f8", "property": "\u5c0f\u5fae\u4f01\u4e1a"}, {"address": "\u4e0a\u6d77\u5e02\u4e0a\u6d77\u57ce\u533a\u5b9d\u5c71\u533a\u573a\u4e2d\u8def3707\u53f7", "category": "\u7535\u7096\u9505", "ground": "PP,ABS,PVC,HDPE,PPS", "money": 100, "name": "\u4e0a\u6d77\u8a89\u535a\u5316\u5de5\u6709\u9650\u516c\u53f8", "property": ""}, {"address": "\u4e0a\u6d77\u5e02\u4e0a\u6d77\u57ce\u533a\u5b9d\u5c71\u533a\u987e\u5317\u4e1c\u8def 365 367 377\u53f71-2\u5c42", "category": "\u7a7a\u6c14\u70b8\u9505", "ground": "PA66,PA6,PP,PC,ABS,LDPE,LLDPE,HDPE,EVA,POM,PA12,\u7b49\u5851\u80f6\u539f\u6599,\u5851\u80f6\u6539\u6027\u6599", "money": 100, "name": "\u4e0a\u6d77\u828a\u828a\u5851\u5316\u6709\u9650\u516c\u53f8", "property": "\u5c0f\u5fae\u4f01\u4e1a"}, {"address": "\u4e0a\u6d77\u5e02\u4e0a\u6d77\u57ce\u533a\u5b9d\u5c71\u533a\u7f57\u82ac\u8def689\u5f0440\u53f7F\u533a346\u5ba4", "category": "\u7a7a\u6c14\u70b8\u9505", "ground": "\u901a\u7528\u5851\u6599PP,PE,PS,ABS,PC,\u6ed1\u77f3\u7c89,\u8272\u6bcd\u7c92\u7b49", "money": 100, "name": "\u4e0a\u6d77\u6c49\u4e91\u5de5\u8d38\u6709\u9650\u516c\u53f8", "property": "\u5c0f\u5fae\u4f01\u4e1a"}, {"address": "\u4e0a\u6d77\u5e02\u4e0a\u6d77\u57ce\u533a\u5b9d\u5c71\u533a\u4e0a\u6d77\u987e\u5317\u4e1c\u8def365\u53f7C\u533a2741", "category": "\u69a8\u6c41\u673a", "ground": "ABS,PC,PP,EVA,PA66,POM,HDPE", "money": 100, "name": "\u4e0a\u6d77\u6df3\u4ebf\u5de5\u7a0b\u5851\u6599\u6709\u9650\u516c\u53f8", "property": "\u5c0f\u5fae\u4f01\u4e1a"}, {"address": "\u4e0a\u6d77\u5e02\u4e0a\u6d77\u57ce\u533a\u5b9d\u5c71\u533a\u4e0a\u6d77\u6cf0\u548c\u897f\u8def3389\u53f73-1088\u5ba4", "category": "\u8c46\u6d46\u673a", "ground": "PA66,ABS,PPS,PP,PC,POM", "money": 100, "name": "\u4e0a\u6d77\u9038\u521b\u8fdb\u51fa\u53e3\u6709\u9650\u516c\u53f8", "property": "\u5c0f\u5fae\u4f01\u4e1a"}, {"address": "\u4e0a\u6d77\u5e02\u4e0a\u6d77\u57ce\u533a\u5b9d\u5c71\u533a\u5e02\u53f0\u8def515\u5f0451\u53f7", "category": "\u7535\u84b8\u9505", "ground": "ABS,HIPS,GPPS,PP,HDPE,LDPE,LLDPE,PP", "money": 100, "name": "\u4e0a\u6d77\u68ee\u6590\u5316\u5b66\u54c1\u6709\u9650\u516c\u53f8", "property": "\u5c0f\u5fae\u4f01\u4e1a"}, {"address": "\u4e0a\u6d77\u5e02\u4e0a\u6d77\u57ce\u533a\u5b9d\u5c71\u533a\u957f\u6c5f\u897f\u8def2311\u53f7\u4e8c\u5c42211-60\u5ba4", "category": "\u7535\u997c\u94db", "ground": "\u5851\u6599\u539f\u6599,\u539f\u6599ABS,\u539f\u6599PC,\u539f\u6599PA66,\u539f\u6599PA6", "money": 100, "name": "\u4e0a\u6d77\u5411\u7814\u5851\u5316\u6709\u9650\u516c\u53f8", "property": "\u5c0f\u5fae\u4f01\u4e1a"}, {"address": "\u4e0a\u6d77\u5e02\u4e0a\u6d77\u57ce\u533a\u5b9d\u5c71\u533a\u771f\u9648\u8def1000\u53f71\u5e626\u697cQ\u5ea71267\u5ba4", "category": "\u69a8\u6c41\u673a", "ground": "ABS,LLDPE,PP,GPPS,HIPS,HDPE,LDPE", "money": 100, "name": "\u4e0a\u6d77\u8dc3\u7965\u8d38\u6613\u6709\u9650\u516c\u53f8", "property": "\u5c0f\u5fae\u4f01\u4e1a"}, {"address": "\u4e0a\u6d77\u5e02\u4e0a\u6d77\u57ce\u533a\u5b9d\u5c71\u533a\u57ce\u94f6\u8def318\u53f71\u5e62521\u5ba4", "category": "\u7535\u997c\u94db", "ground": "\u5fb7\u56fd\u62dc\u8033\u805a\u78b3\u9178\u916fPC,PC/ABS\u5de5\u7a0b\u5851\u6599\u539f\u6599", "money": 81, "name": "\u4e0a\u6d77\u529b\u52f0\u65b0\u6750\u6599\u6709\u9650\u516c\u53f8", "property": "\u5c0f\u5fae\u4f01\u4e1a"}, {"address": "\u4e0a\u6d77\u5e02\u4e0a\u6d77\u57ce\u533a\u5b9d\u5c71\u533a\u7eac\u5730\u8def258\u5f0439\u53f71102\u5ba4", "category": "\u7535\u997c\u94db", "ground": "\u5fb7\u56fd\u62dc\u8033-\u805a\u78b3\u9178\u916fPC,PC/ABS,\u96c5\u9738\u8010\u9ad8\u6e29\u7cfb\u5217", "money": 81, "name": "\u4e0a\u6d77\u529b\u52f0\u65b0\u6750\u6599\u6709\u9650\u516c\u53f8", "property": "\u5c0f\u5fae\u4f01\u4e1a"}, {"address": "\u4e0a\u6d77\u5e02\u4e0a\u6d77\u57ce\u533a\u5b9d\u5c71\u533a\u6caa\u592a\u8def3611\u5f0454\u53f7302", "category": "\u69a8\u6c41\u673a", "ground": "\u5de5\u7a0b\u5851\u6599\u539f\u6599,PC/ABS\u5408\u91d1,\u805a\u78b3\u9178\u916f", "money": 50, "name": "\u4e0a\u6d77\u5ddd\u9a8b\u5851\u6599\u6709\u9650\u516c\u53f8", "property": "\u5c0f\u5fae\u4f01\u4e1a"}, {"address": "\u4e0a\u6d77\u5e02\u4e0a\u6d77\u57ce\u533a\u5b9d\u5c71\u533a\u91d1\u77f3\u8def1688\u53f7C-360", "category": "\u8c46\u6d46\u673a", "ground": "\u56fd\u4ea7\u8fdb\u53e3\u805a\u4e59\u70ef,\u805a\u4e19\u70efABS\u7b49\u4e0a\u6d77\u77f3\u5316,\u4e0a\u6d77\u91d1\u83f2,\u5927\u97e9\u6cb9\u5316,\u5409\u6797\u77f3\u5316", "money": 50, "name": "\u4e0a\u6d77\u7384\u5b5f\u5316\u5de5\u6709\u9650\u516c\u53f8", "property": "\u5c0f\u5fae\u4f01\u4e1a"}, {"address": "\u4e0a\u6d77\u5e02\u4e0a\u6d77\u57ce\u533a\u5b9d\u5c71\u533a\u4e0a\u6d77\u6caa\u592a\u8def5355\u5f04", "category": "\u7535\u7096\u9505", "ground": "ABS", "money": 50, "name": "\u4e0a\u6d77\u6797\u5b8f\u5316\u5de5\u6709\u9650\u516c\u53f8", "property": "\u5c0f\u5fae\u4f01\u4e1a"}]