[{"address": "\u4e0a\u6d77\u5e02\u4e0a\u6d77\u57ce\u533a\u5b9d\u5c71\u533a\u56ed\u5149\u8def228\u53f72\u5e623\u5c42", "category": "\u69a8\u6c41\u673a", "ground": "\u62dc\u8033PC,\u6539\u6027PC,PA,PC/ABS", "money": 1200, "name": "\u4e0a\u6d77\u5609\u8fdc\u62dc\u529b\u6295\u8d44\u7ba1\u7406\u6709\u9650\u516c\u53f8", "property": "\u5c0f\u5fae\u4f01\u4e1a"}, {"address": "\u4e0a\u6d77\u5e02\u4e0a\u6d77\u57ce\u533a\u5b9d\u5c71\u533a\u4e0a\u6d77\u987e\u5317\u4e1c\u8def365\u53f7C\u533a2741", "category": "\u69a8\u6c41\u673a", "ground": "ABS,PC,PP,EVA,PA66,POM,HDPE", "money": 100, "name": "\u4e0a\u6d77\u6df3\u4ebf\u5de5\u7a0b\u5851\u6599\u6709\u9650\u516c\u53f8", "property": "\u5c0f\u5fae\u4f01\u4e1a"}, {"address": "\u4e0a\u6d77\u5e02\u4e0a\u6d77\u57ce\u533a\u5b9d\u5c71\u533a\u771f\u9648\u8def1000\u53f71\u5e626\u697cQ\u5ea71267\u5ba4", "category": "\u69a8\u6c41\u673a", "ground": "ABS,LLDPE,PP,GPPS,HIPS,HDPE,LDPE", "money": 100, "name": "\u4e0a\u6d77\u8dc3\u7965\u8d38\u6613\u6709\u9650\u516c\u53f8", "property": "\u5c0f\u5fae\u4f01\u4e1a"}, {"address": "\u4e0a\u6d77\u5e02\u4e0a\u6d77\u57ce\u533a\u5b9d\u5c71\u533a\u6caa\u592a\u8def3611\u5f0454\u53f7302", "category": "\u69a8\u6c41\u673a", "ground": "\u5de5\u7a0b\u5851\u6599\u539f\u6599,PC/ABS\u5408\u91d1,\u805a\u78b3\u9178\u916f", "money": 50, "name": "\u4e0a\u6d77\u5ddd\u9a8b\u5851\u6599\u6709\u9650\u516c\u53f8", "property": "\u5c0f\u5fae\u4f01\u4e1a"}]