[{"address": "\u4e0a\u6d77\u5e02\u4e0a\u6d77\u57ce\u533a\u5b9d\u5c71\u533a\u4e0a\u6d77\u987e\u5317\u4e1c\u8def365\u3001367\u3001377\u53f71-2\u5c42", "category": "\u7535\u84b8\u9505", "ground": "PP,PE,ABS,PC,PMMA,PC/ABS,PA66,POM", "money": 500, "name": "\u4e0a\u6d77\u70ac\u4e30\u5851\u5316\u6709\u9650\u516c\u53f8", "property": "\u5c0f\u5fae\u4f01\u4e1a"}, {"address": "\u4e0a\u6d77\u5e02\u4e0a\u6d77\u57ce\u533a\u5b9d\u5c71\u533a \u987e\u5317\u4e1c\u8def365\u53f7", "category": "\u7535\u84b8\u9505", "ground": "PEI,PFA,TPU,PA12,EPDM,TPE,PPS,PC/ABS,POM,PA66", "money": 200, "name": "\u4e0a\u6d77\u5b8f\u94ed\u56fd\u9645\u8d38\u6613\u6709\u9650\u516c\u53f8", "property": "\u5c0f\u5fae\u4f01\u4e1a"}, {"address": "\u4e0a\u6d77\u5e02\u4e0a\u6d77\u57ce\u533a\u5b9d\u5c71\u533a\u53cc\u57ce\u8def803\u5f0411\u53f71602A-2634\u5ba4", "category": "\u7535\u84b8\u9505", "ground": "pp\u957f\u73bb\u7ea4,pc/abs,pe,pa,PPR,PBAT,POM,PPS", "money": 200, "name": "\u4e0a\u6d77\u7fca\u9f0e\u5851\u6599\u6709\u9650\u516c\u53f8", "property": "\u5c0f\u5fae\u4f01\u4e1a"}, {"address": "\u4e0a\u6d77\u5e02\u4e0a\u6d77\u57ce\u533a\u5b9d\u5c71\u533a\u5e02\u53f0\u8def515\u5f0451\u53f7", "category": "\u7535\u84b8\u9505", "ground": "ABS,HIPS,GPPS,PP,HDPE,LDPE,LLDPE,PP", "money": 100, "name": "\u4e0a\u6d77\u68ee\u6590\u5316\u5b66\u54c1\u6709\u9650\u516c\u53f8", "property": "\u5c0f\u5fae\u4f01\u4e1a"}]